path,image_id,group,label,gt_ref,gt_type,split
brain_figshare/png/images/1.png,1,100360,0,brain_figshare/png/masks/1_mask.png,pixel,train
brain_figshare/png/images/10.png,10,101016,0,brain_figshare/png/masks/10_mask.png,pixel,val
brain_figshare/png/images/100.png,100,107494,0,brain_figshare/png/masks/100_mask.png,pixel,test
brain_figshare/png/images/1000.png,1000,112649,2,brain_figshare/png/masks/1000_mask.png,pixel,train
brain_figshare/png/images/1001.png,1001,112649,2,brain_figshare/png/masks/1001_mask.png,pixel,train
brain_figshare/png/images/1002.png,1002,112649,2,brain_figshare/png/masks/1002_mask.png,pixel,train
brain_figshare/png/images/1003.png,1003,112746,2,brain_figshare/png/masks/1003_mask.png,pixel,train
brain_figshare/png/images/1004.png,1004,112746,2,brain_figshare/png/masks/1004_mask.png,pixel,train
brain_figshare/png/images/1005.png,1005,112746,2,brain_figshare/png/masks/1005_mask.png,pixel,train
brain_figshare/png/images/1006.png,1006,112847,2,brain_figshare/png/masks/1006_mask.png,pixel,train
brain_figshare/png/images/1007.png,1007,112847,2,brain_figshare/png/masks/1007_mask.png,pixel,train
brain_figshare/png/images/1008.png,1008,112847,2,brain_figshare/png/masks/1008_mask.png,pixel,train
brain_figshare/png/images/1009.png,1009,112847,2,brain_figshare/png/masks/1009_mask.png,pixel,train
brain_figshare/png/images/101.png,101,107494,0,brain_figshare/png/masks/101_mask.png,pixel,test
brain_figshare/png/images/1010.png,1010,113274,2,brain_figshare/png/masks/1010_mask.png,pixel,train
brain_figshare/png/images/1011.png,1011,113274,2,brain_figshare/png/masks/1011_mask.png,pixel,train
brain_figshare/png/images/1012.png,1012,113274,2,brain_figshare/png/masks/1012_mask.png,pixel,train
brain_figshare/png/images/1013.png,1013,113741,2,brain_figshare/png/masks/1013_mask.png,pixel,train
brain_figshare/png/images/1014.png,1014,113741,2,brain_figshare/png/masks/1014_mask.png,pixel,train
brain_figshare/png/images/1015.png,1015,114040,2,brain_figshare/png/masks/1015_mask.png,pixel,train
brain_figshare/png/images/1016.png,1016,114040,2,brain_figshare/png/masks/1016_mask.png,pixel,train
brain_figshare/png/images/1017.png,1017,114040,2,brain_figshare/png/masks/1017_mask.png,pixel,train
brain_figshare/png/images/1018.png,1018,114361,2,brain_figshare/png/masks/1018_mask.png,pixel,train
brain_figshare/png/images/1019.png,1019,114361,2,brain_figshare/png/masks/1019_mask.png,pixel,train
brain_figshare/png/images/102.png,102,107494,0,brain_figshare/png/masks/102_mask.png,pixel,test
brain_figshare/png/images/1020.png,1020,114361,2,brain_figshare/png/masks/1020_mask.png,pixel,train
brain_figshare/png/images/1021.png,1021,114094,2,brain_figshare/png/masks/1021_mask.png,pixel,train
brain_figshare/png/images/1022.png,1022,114094,2,brain_figshare/png/masks/1022_mask.png,pixel,train
brain_figshare/png/images/1023.png,1023,114094,2,brain_figshare/png/masks/1023_mask.png,pixel,train
brain_figshare/png/images/1024.png,1024,114094,2,brain_figshare/png/masks/1024_mask.png,pixel,train
brain_figshare/png/images/1025.png,1025,101017,2,brain_figshare/png/masks/1025_mask.png,pixel,train
brain_figshare/png/images/1026.png,1026,101017,2,brain_figshare/png/masks/1026_mask.png,pixel,train
brain_figshare/png/images/1027.png,1027,101017,2,brain_figshare/png/masks/1027_mask.png,pixel,train
brain_figshare/png/images/1028.png,1028,101017,2,brain_figshare/png/masks/1028_mask.png,pixel,train
brain_figshare/png/images/1029.png,1029,101017,2,brain_figshare/png/masks/1029_mask.png,pixel,train
brain_figshare/png/images/103.png,103,107494,0,brain_figshare/png/masks/103_mask.png,pixel,test
brain_figshare/png/images/1030.png,1030,101029,2,brain_figshare/png/masks/1030_mask.png,pixel,val
brain_figshare/png/images/1031.png,1031,101029,2,brain_figshare/png/masks/1031_mask.png,pixel,val
brain_figshare/png/images/1032.png,1032,101029,2,brain_figshare/png/masks/1032_mask.png,pixel,val
brain_figshare/png/images/1033.png,1033,101029,2,brain_figshare/png/masks/1033_mask.png,pixel,val
brain_figshare/png/images/1034.png,1034,105936,2,brain_figshare/png/masks/1034_mask.png,pixel,test
brain_figshare/png/images/1035.png,1035,106062,2,brain_figshare/png/masks/1035_mask.png,pixel,val
brain_figshare/png/images/1036.png,1036,106062,2,brain_figshare/png/masks/1036_mask.png,pixel,val
brain_figshare/png/images/1037.png,1037,106062,2,brain_figshare/png/masks/1037_mask.png,pixel,val
brain_figshare/png/images/1038.png,1038,106062,2,brain_figshare/png/masks/1038_mask.png,pixel,val
brain_figshare/png/images/1039.png,1039,106062,2,brain_figshare/png/masks/1039_mask.png,pixel,val
brain_figshare/png/images/104.png,104,108514,0,brain_figshare/png/masks/104_mask.png,pixel,val
brain_figshare/png/images/1040.png,1040,106062,2,brain_figshare/png/masks/1040_mask.png,pixel,val
brain_figshare/png/images/1041.png,1041,106062,2,brain_figshare/png/masks/1041_mask.png,pixel,val
brain_figshare/png/images/1042.png,1042,107495,2,brain_figshare/png/masks/1042_mask.png,pixel,test
brain_figshare/png/images/1043.png,1043,107495,2,brain_figshare/png/masks/1043_mask.png,pixel,test
brain_figshare/png/images/1044.png,1044,107495,2,brain_figshare/png/masks/1044_mask.png,pixel,test
brain_figshare/png/images/1045.png,1045,107495,2,brain_figshare/png/masks/1045_mask.png,pixel,test
brain_figshare/png/images/1046.png,1046,107495,2,brain_figshare/png/masks/1046_mask.png,pixel,test
brain_figshare/png/images/1047.png,1047,107429,2,brain_figshare/png/masks/1047_mask.png,pixel,val
brain_figshare/png/images/1048.png,1048,107429,2,brain_figshare/png/masks/1048_mask.png,pixel,val
brain_figshare/png/images/1049.png,1049,107429,2,brain_figshare/png/masks/1049_mask.png,pixel,val
brain_figshare/png/images/105.png,105,108514,0,brain_figshare/png/masks/105_mask.png,pixel,val
brain_figshare/png/images/1050.png,1050,107429,2,brain_figshare/png/masks/1050_mask.png,pixel,val
brain_figshare/png/images/1051.png,1051,107429,2,brain_figshare/png/masks/1051_mask.png,pixel,val
brain_figshare/png/images/1052.png,1052,107429,2,brain_figshare/png/masks/1052_mask.png,pixel,val
brain_figshare/png/images/1053.png,1053,107429,2,brain_figshare/png/masks/1053_mask.png,pixel,val
brain_figshare/png/images/1054.png,1054,107505,2,brain_figshare/png/masks/1054_mask.png,pixel,train
brain_figshare/png/images/1055.png,1055,107505,2,brain_figshare/png/masks/1055_mask.png,pixel,train
brain_figshare/png/images/1056.png,1056,107505,2,brain_figshare/png/masks/1056_mask.png,pixel,train
brain_figshare/png/images/1057.png,1057,107505,2,brain_figshare/png/masks/1057_mask.png,pixel,train
brain_figshare/png/images/1058.png,1058,107505,2,brain_figshare/png/masks/1058_mask.png,pixel,train
brain_figshare/png/images/1059.png,1059,107743,2,brain_figshare/png/masks/1059_mask.png,pixel,train
brain_figshare/png/images/106.png,106,108514,0,brain_figshare/png/masks/106_mask.png,pixel,val
brain_figshare/png/images/1060.png,1060,107743,2,brain_figshare/png/masks/1060_mask.png,pixel,train
brain_figshare/png/images/1061.png,1061,107743,2,brain_figshare/png/masks/1061_mask.png,pixel,train
brain_figshare/png/images/1062.png,1062,107743,2,brain_figshare/png/masks/1062_mask.png,pixel,train
brain_figshare/png/images/1063.png,1063,107743,2,brain_figshare/png/masks/1063_mask.png,pixel,train
brain_figshare/png/images/1064.png,1064,107743,2,brain_figshare/png/masks/1064_mask.png,pixel,train
brain_figshare/png/images/1065.png,1065,108858,2,brain_figshare/png/masks/1065_mask.png,pixel,train
brain_figshare/png/images/1066.png,1066,108858,2,brain_figshare/png/masks/1066_mask.png,pixel,train
brain_figshare/png/images/1067.png,1067,108858,2,brain_figshare/png/masks/1067_mask.png,pixel,train
brain_figshare/png/images/1068.png,1068,108858,2,brain_figshare/png/masks/1068_mask.png,pixel,train
brain_figshare/png/images/1069.png,1069,108858,2,brain_figshare/png/masks/1069_mask.png,pixel,train
brain_figshare/png/images/107.png,107,108514,0,brain_figshare/png/masks/107_mask.png,pixel,val
brain_figshare/png/images/1070.png,1070,108931,2,brain_figshare/png/masks/1070_mask.png,pixel,train
brain_figshare/png/images/1071.png,1071,108931,2,brain_figshare/png/masks/1071_mask.png,pixel,train
brain_figshare/png/images/1072.png,1072,108931,2,brain_figshare/png/masks/1072_mask.png,pixel,train
brain_figshare/png/images/1073.png,1073,108931,2,brain_figshare/png/masks/1073_mask.png,pixel,train
brain_figshare/png/images/1074.png,1074,108931,2,brain_figshare/png/masks/1074_mask.png,pixel,train
brain_figshare/png/images/1075.png,1075,108931,2,brain_figshare/png/masks/1075_mask.png,pixel,train
brain_figshare/png/images/1076.png,1076,108931,2,brain_figshare/png/masks/1076_mask.png,pixel,train
brain_figshare/png/images/1077.png,1077,109471,2,brain_figshare/png/masks/1077_mask.png,pixel,train
brain_figshare/png/images/1078.png,1078,109471,2,brain_figshare/png/masks/1078_mask.png,pixel,train
brain_figshare/png/images/1079.png,1079,109471,2,brain_figshare/png/masks/1079_mask.png,pixel,train
brain_figshare/png/images/108.png,108,108514,0,brain_figshare/png/masks/108_mask.png,pixel,val
brain_figshare/png/images/1080.png,1080,109471,2,brain_figshare/png/masks/1080_mask.png,pixel,train
brain_figshare/png/images/1081.png,1081,109471,2,brain_figshare/png/masks/1081_mask.png,pixel,train
brain_figshare/png/images/1082.png,1082,109471,2,brain_figshare/png/masks/1082_mask.png,pixel,train
brain_figshare/png/images/1083.png,1083,109769,2,brain_figshare/png/masks/1083_mask.png,pixel,train
brain_figshare/png/images/1084.png,1084,109769,2,brain_figshare/png/masks/1084_mask.png,pixel,train
brain_figshare/png/images/1085.png,1085,109769,2,brain_figshare/png/masks/1085_mask.png,pixel,train
brain_figshare/png/images/1086.png,1086,109769,2,brain_figshare/png/masks/1086_mask.png,pixel,train
brain_figshare/png/images/1087.png,1087,109769,2,brain_figshare/png/masks/1087_mask.png,pixel,train
brain_figshare/png/images/1088.png,1088,109898,2,brain_figshare/png/masks/1088_mask.png,pixel,train
brain_figshare/png/images/1089.png,1089,109898,2,brain_figshare/png/masks/1089_mask.png,pixel,train
brain_figshare/png/images/109.png,109,108514,0,brain_figshare/png/masks/109_mask.png,pixel,val
brain_figshare/png/images/1090.png,1090,109898,2,brain_figshare/png/masks/1090_mask.png,pixel,train
brain_figshare/png/images/1091.png,1091,109898,2,brain_figshare/png/masks/1091_mask.png,pixel,train
brain_figshare/png/images/1092.png,1092,109898,2,brain_figshare/png/masks/1092_mask.png,pixel,train
brain_figshare/png/images/1093.png,1093,109898,2,brain_figshare/png/masks/1093_mask.png,pixel,train
brain_figshare/png/images/1094.png,1094,110518,2,brain_figshare/png/masks/1094_mask.png,pixel,train
brain_figshare/png/images/1095.png,1095,110518,2,brain_figshare/png/masks/1095_mask.png,pixel,train
brain_figshare/png/images/1096.png,1096,110518,2,brain_figshare/png/masks/1096_mask.png,pixel,train
brain_figshare/png/images/1097.png,1097,110518,2,brain_figshare/png/masks/1097_mask.png,pixel,train
brain_figshare/png/images/1098.png,1098,110518,2,brain_figshare/png/masks/1098_mask.png,pixel,train
brain_figshare/png/images/1099.png,1099,110518,2,brain_figshare/png/masks/1099_mask.png,pixel,train
brain_figshare/png/images/11.png,11,101016,0,brain_figshare/png/masks/11_mask.png,pixel,val
brain_figshare/png/images/110.png,110,108514,0,brain_figshare/png/masks/110_mask.png,pixel,val
brain_figshare/png/images/1100.png,1100,110537,2,brain_figshare/png/masks/1100_mask.png,pixel,val
brain_figshare/png/images/1101.png,1101,110537,2,brain_figshare/png/masks/1101_mask.png,pixel,val
brain_figshare/png/images/1102.png,1102,110537,2,brain_figshare/png/masks/1102_mask.png,pixel,val
brain_figshare/png/images/1103.png,1103,110537,2,brain_figshare/png/masks/1103_mask.png,pixel,val
brain_figshare/png/images/1104.png,1104,110537,2,brain_figshare/png/masks/1104_mask.png,pixel,val
brain_figshare/png/images/1105.png,1105,110537,2,brain_figshare/png/masks/1105_mask.png,pixel,val
brain_figshare/png/images/1106.png,1106,110537,2,brain_figshare/png/masks/1106_mask.png,pixel,val
brain_figshare/png/images/1107.png,1107,110993,2,brain_figshare/png/masks/1107_mask.png,pixel,test
brain_figshare/png/images/1108.png,1108,110993,2,brain_figshare/png/masks/1108_mask.png,pixel,test
brain_figshare/png/images/1109.png,1109,110993,2,brain_figshare/png/masks/1109_mask.png,pixel,test
brain_figshare/png/images/111.png,111,108550,0,brain_figshare/png/masks/111_mask.png,pixel,train
brain_figshare/png/images/1110.png,1110,110993,2,brain_figshare/png/masks/1110_mask.png,pixel,test
brain_figshare/png/images/1111.png,1111,110993,2,brain_figshare/png/masks/1111_mask.png,pixel,test
brain_figshare/png/images/1112.png,1112,111075,2,brain_figshare/png/masks/1112_mask.png,pixel,val
brain_figshare/png/images/1113.png,1113,111075,2,brain_figshare/png/masks/1113_mask.png,pixel,val
brain_figshare/png/images/1114.png,1114,111075,2,brain_figshare/png/masks/1114_mask.png,pixel,val
brain_figshare/png/images/1115.png,1115,111075,2,brain_figshare/png/masks/1115_mask.png,pixel,val
brain_figshare/png/images/1116.png,1116,111075,2,brain_figshare/png/masks/1116_mask.png,pixel,val
brain_figshare/png/images/1117.png,1117,111075,2,brain_figshare/png/masks/1117_mask.png,pixel,val
brain_figshare/png/images/1118.png,1118,111125,2,brain_figshare/png/masks/1118_mask.png,pixel,train
brain_figshare/png/images/1119.png,1119,111125,2,brain_figshare/png/masks/1119_mask.png,pixel,train
brain_figshare/png/images/112.png,112,108550,0,brain_figshare/png/masks/112_mask.png,pixel,train
brain_figshare/png/images/1120.png,1120,111125,2,brain_figshare/png/masks/1120_mask.png,pixel,train
brain_figshare/png/images/1121.png,1121,111125,2,brain_figshare/png/masks/1121_mask.png,pixel,train
brain_figshare/png/images/1122.png,1122,111125,2,brain_figshare/png/masks/1122_mask.png,pixel,train
brain_figshare/png/images/1123.png,1123,111125,2,brain_figshare/png/masks/1123_mask.png,pixel,train
brain_figshare/png/images/1124.png,1124,111785,2,brain_figshare/png/masks/1124_mask.png,pixel,test
brain_figshare/png/images/1125.png,1125,111785,2,brain_figshare/png/masks/1125_mask.png,pixel,test
brain_figshare/png/images/1126.png,1126,111785,2,brain_figshare/png/masks/1126_mask.png,pixel,test
brain_figshare/png/images/1127.png,1127,111785,2,brain_figshare/png/masks/1127_mask.png,pixel,test
brain_figshare/png/images/1128.png,1128,111785,2,brain_figshare/png/masks/1128_mask.png,pixel,test
brain_figshare/png/images/1129.png,1129,112074,2,brain_figshare/png/masks/1129_mask.png,pixel,train
brain_figshare/png/images/113.png,113,108590,0,brain_figshare/png/masks/113_mask.png,pixel,train
brain_figshare/png/images/1130.png,1130,112074,2,brain_figshare/png/masks/1130_mask.png,pixel,train
brain_figshare/png/images/1131.png,1131,112074,2,brain_figshare/png/masks/1131_mask.png,pixel,train
brain_figshare/png/images/1132.png,1132,112074,2,brain_figshare/png/masks/1132_mask.png,pixel,train
brain_figshare/png/images/1133.png,1133,112074,2,brain_figshare/png/masks/1133_mask.png,pixel,train
brain_figshare/png/images/1134.png,1134,112649,2,brain_figshare/png/masks/1134_mask.png,pixel,train
brain_figshare/png/images/1135.png,1135,112649,2,brain_figshare/png/masks/1135_mask.png,pixel,train
brain_figshare/png/images/1136.png,1136,112649,2,brain_figshare/png/masks/1136_mask.png,pixel,train
brain_figshare/png/images/1137.png,1137,112649,2,brain_figshare/png/masks/1137_mask.png,pixel,train
brain_figshare/png/images/1138.png,1138,112649,2,brain_figshare/png/masks/1138_mask.png,pixel,train
brain_figshare/png/images/1139.png,1139,112649,2,brain_figshare/png/masks/1139_mask.png,pixel,train
brain_figshare/png/images/114.png,114,108590,0,brain_figshare/png/masks/114_mask.png,pixel,train
brain_figshare/png/images/1140.png,1140,112746,2,brain_figshare/png/masks/1140_mask.png,pixel,train
brain_figshare/png/images/1141.png,1141,112746,2,brain_figshare/png/masks/1141_mask.png,pixel,train
brain_figshare/png/images/1142.png,1142,112746,2,brain_figshare/png/masks/1142_mask.png,pixel,train
brain_figshare/png/images/1143.png,1143,112746,2,brain_figshare/png/masks/1143_mask.png,pixel,train
brain_figshare/png/images/1144.png,1144,112847,2,brain_figshare/png/masks/1144_mask.png,pixel,train
brain_figshare/png/images/1145.png,1145,112847,2,brain_figshare/png/masks/1145_mask.png,pixel,train
brain_figshare/png/images/1146.png,1146,112847,2,brain_figshare/png/masks/1146_mask.png,pixel,train
brain_figshare/png/images/1147.png,1147,112847,2,brain_figshare/png/masks/1147_mask.png,pixel,train
brain_figshare/png/images/1148.png,1148,113274,2,brain_figshare/png/masks/1148_mask.png,pixel,train
brain_figshare/png/images/1149.png,1149,113274,2,brain_figshare/png/masks/1149_mask.png,pixel,train
brain_figshare/png/images/115.png,115,108945,0,brain_figshare/png/masks/115_mask.png,pixel,train
brain_figshare/png/images/1150.png,1150,113274,2,brain_figshare/png/masks/1150_mask.png,pixel,train
brain_figshare/png/images/1151.png,1151,113741,2,brain_figshare/png/masks/1151_mask.png,pixel,train
brain_figshare/png/images/1152.png,1152,113741,2,brain_figshare/png/masks/1152_mask.png,pixel,train
brain_figshare/png/images/1153.png,1153,113741,2,brain_figshare/png/masks/1153_mask.png,pixel,train
brain_figshare/png/images/1154.png,1154,114040,2,brain_figshare/png/masks/1154_mask.png,pixel,train
brain_figshare/png/images/1155.png,1155,114040,2,brain_figshare/png/masks/1155_mask.png,pixel,train
brain_figshare/png/images/1156.png,1156,114040,2,brain_figshare/png/masks/1156_mask.png,pixel,train
brain_figshare/png/images/1157.png,1157,114361,2,brain_figshare/png/masks/1157_mask.png,pixel,train
brain_figshare/png/images/1158.png,1158,114361,2,brain_figshare/png/masks/1158_mask.png,pixel,train
brain_figshare/png/images/1159.png,1159,114361,2,brain_figshare/png/masks/1159_mask.png,pixel,train
brain_figshare/png/images/116.png,116,108945,0,brain_figshare/png/masks/116_mask.png,pixel,train
brain_figshare/png/images/1160.png,1160,114361,2,brain_figshare/png/masks/1160_mask.png,pixel,train
brain_figshare/png/images/1161.png,1161,114094,2,brain_figshare/png/masks/1161_mask.png,pixel,train
brain_figshare/png/images/1162.png,1162,114094,2,brain_figshare/png/masks/1162_mask.png,pixel,train
brain_figshare/png/images/1163.png,1163,114094,2,brain_figshare/png/masks/1163_mask.png,pixel,train
brain_figshare/png/images/1164.png,1164,114094,2,brain_figshare/png/masks/1164_mask.png,pixel,train
brain_figshare/png/images/1165.png,1165,114094,2,brain_figshare/png/masks/1165_mask.png,pixel,train
brain_figshare/png/images/1166.png,1166,105936,2,brain_figshare/png/masks/1166_mask.png,pixel,test
brain_figshare/png/images/1167.png,1167,105936,2,brain_figshare/png/masks/1167_mask.png,pixel,test
brain_figshare/png/images/1168.png,1168,105936,2,brain_figshare/png/masks/1168_mask.png,pixel,test
brain_figshare/png/images/1169.png,1169,106062,2,brain_figshare/png/masks/1169_mask.png,pixel,val
brain_figshare/png/images/117.png,117,108945,0,brain_figshare/png/masks/117_mask.png,pixel,train
brain_figshare/png/images/1170.png,1170,106062,2,brain_figshare/png/masks/1170_mask.png,pixel,val
brain_figshare/png/images/1171.png,1171,106062,2,brain_figshare/png/masks/1171_mask.png,pixel,val
brain_figshare/png/images/1172.png,1172,106062,2,brain_figshare/png/masks/1172_mask.png,pixel,val
brain_figshare/png/images/1173.png,1173,106062,2,brain_figshare/png/masks/1173_mask.png,pixel,val
brain_figshare/png/images/1174.png,1174,106062,2,brain_figshare/png/masks/1174_mask.png,pixel,val
brain_figshare/png/images/1175.png,1175,106062,2,brain_figshare/png/masks/1175_mask.png,pixel,val
brain_figshare/png/images/1176.png,1176,107495,2,brain_figshare/png/masks/1176_mask.png,pixel,test
brain_figshare/png/images/1177.png,1177,107495,2,brain_figshare/png/masks/1177_mask.png,pixel,test
brain_figshare/png/images/1178.png,1178,107495,2,brain_figshare/png/masks/1178_mask.png,pixel,test
brain_figshare/png/images/1179.png,1179,107495,2,brain_figshare/png/masks/1179_mask.png,pixel,test
brain_figshare/png/images/118.png,118,108945,0,brain_figshare/png/masks/118_mask.png,pixel,train
brain_figshare/png/images/1180.png,1180,107495,2,brain_figshare/png/masks/1180_mask.png,pixel,test
brain_figshare/png/images/1181.png,1181,107495,2,brain_figshare/png/masks/1181_mask.png,pixel,test
brain_figshare/png/images/1182.png,1182,107429,2,brain_figshare/png/masks/1182_mask.png,pixel,val
brain_figshare/png/images/1183.png,1183,107429,2,brain_figshare/png/masks/1183_mask.png,pixel,val
brain_figshare/png/images/1184.png,1184,107429,2,brain_figshare/png/masks/1184_mask.png,pixel,val
brain_figshare/png/images/1185.png,1185,107429,2,brain_figshare/png/masks/1185_mask.png,pixel,val
brain_figshare/png/images/1186.png,1186,107429,2,brain_figshare/png/masks/1186_mask.png,pixel,val
brain_figshare/png/images/1187.png,1187,107429,2,brain_figshare/png/masks/1187_mask.png,pixel,val
brain_figshare/png/images/1188.png,1188,107429,2,brain_figshare/png/masks/1188_mask.png,pixel,val
brain_figshare/png/images/1189.png,1189,107505,2,brain_figshare/png/masks/1189_mask.png,pixel,train
brain_figshare/png/images/119.png,119,109411,0,brain_figshare/png/masks/119_mask.png,pixel,train
brain_figshare/png/images/1190.png,1190,107505,2,brain_figshare/png/masks/1190_mask.png,pixel,train
brain_figshare/png/images/1191.png,1191,107505,2,brain_figshare/png/masks/1191_mask.png,pixel,train
brain_figshare/png/images/1192.png,1192,107505,2,brain_figshare/png/masks/1192_mask.png,pixel,train
brain_figshare/png/images/1193.png,1193,107505,2,brain_figshare/png/masks/1193_mask.png,pixel,train
brain_figshare/png/images/1194.png,1194,107743,2,brain_figshare/png/masks/1194_mask.png,pixel,train
brain_figshare/png/images/1195.png,1195,107743,2,brain_figshare/png/masks/1195_mask.png,pixel,train
brain_figshare/png/images/1196.png,1196,107743,2,brain_figshare/png/masks/1196_mask.png,pixel,train
brain_figshare/png/images/1197.png,1197,107743,2,brain_figshare/png/masks/1197_mask.png,pixel,train
brain_figshare/png/images/1198.png,1198,108858,2,brain_figshare/png/masks/1198_mask.png,pixel,train
brain_figshare/png/images/1199.png,1199,108858,2,brain_figshare/png/masks/1199_mask.png,pixel,train
brain_figshare/png/images/12.png,12,101016,0,brain_figshare/png/masks/12_mask.png,pixel,val
brain_figshare/png/images/120.png,120,109968,0,brain_figshare/png/masks/120_mask.png,pixel,val
brain_figshare/png/images/1200.png,1200,108858,2,brain_figshare/png/masks/1200_mask.png,pixel,train
brain_figshare/png/images/1201.png,1201,108858,2,brain_figshare/png/masks/1201_mask.png,pixel,train
brain_figshare/png/images/1202.png,1202,108858,2,brain_figshare/png/masks/1202_mask.png,pixel,train
brain_figshare/png/images/1203.png,1203,108931,2,brain_figshare/png/masks/1203_mask.png,pixel,train
brain_figshare/png/images/1204.png,1204,108931,2,brain_figshare/png/masks/1204_mask.png,pixel,train
brain_figshare/png/images/1205.png,1205,108931,2,brain_figshare/png/masks/1205_mask.png,pixel,train
brain_figshare/png/images/1206.png,1206,108931,2,brain_figshare/png/masks/1206_mask.png,pixel,train
brain_figshare/png/images/1207.png,1207,108931,2,brain_figshare/png/masks/1207_mask.png,pixel,train
brain_figshare/png/images/1208.png,1208,109471,2,brain_figshare/png/masks/1208_mask.png,pixel,train
brain_figshare/png/images/1209.png,1209,109471,2,brain_figshare/png/masks/1209_mask.png,pixel,train
brain_figshare/png/images/121.png,121,109968,0,brain_figshare/png/masks/121_mask.png,pixel,val
brain_figshare/png/images/1210.png,1210,109471,2,brain_figshare/png/masks/1210_mask.png,pixel,train
brain_figshare/png/images/1211.png,1211,109471,2,brain_figshare/png/masks/1211_mask.png,pixel,train
brain_figshare/png/images/1212.png,1212,109471,2,brain_figshare/png/masks/1212_mask.png,pixel,train
brain_figshare/png/images/1213.png,1213,109471,2,brain_figshare/png/masks/1213_mask.png,pixel,train
brain_figshare/png/images/1214.png,1214,109769,2,brain_figshare/png/masks/1214_mask.png,pixel,train
brain_figshare/png/images/1215.png,1215,109769,2,brain_figshare/png/masks/1215_mask.png,pixel,train
brain_figshare/png/images/1216.png,1216,109769,2,brain_figshare/png/masks/1216_mask.png,pixel,train
brain_figshare/png/images/1217.png,1217,109769,2,brain_figshare/png/masks/1217_mask.png,pixel,train
brain_figshare/png/images/1218.png,1218,109769,2,brain_figshare/png/masks/1218_mask.png,pixel,train
brain_figshare/png/images/1219.png,1219,109898,2,brain_figshare/png/masks/1219_mask.png,pixel,train
brain_figshare/png/images/122.png,122,109968,0,brain_figshare/png/masks/122_mask.png,pixel,val
brain_figshare/png/images/1220.png,1220,109898,2,brain_figshare/png/masks/1220_mask.png,pixel,train
brain_figshare/png/images/1221.png,1221,109898,2,brain_figshare/png/masks/1221_mask.png,pixel,train
brain_figshare/png/images/1222.png,1222,110518,2,brain_figshare/png/masks/1222_mask.png,pixel,train
brain_figshare/png/images/1223.png,1223,110518,2,brain_figshare/png/masks/1223_mask.png,pixel,train
brain_figshare/png/images/1224.png,1224,110518,2,brain_figshare/png/masks/1224_mask.png,pixel,train
brain_figshare/png/images/1225.png,1225,110518,2,brain_figshare/png/masks/1225_mask.png,pixel,train
brain_figshare/png/images/1226.png,1226,110537,2,brain_figshare/png/masks/1226_mask.png,pixel,val
brain_figshare/png/images/1227.png,1227,110537,2,brain_figshare/png/masks/1227_mask.png,pixel,val
brain_figshare/png/images/1228.png,1228,110537,2,brain_figshare/png/masks/1228_mask.png,pixel,val
brain_figshare/png/images/1229.png,1229,110537,2,brain_figshare/png/masks/1229_mask.png,pixel,val
brain_figshare/png/images/123.png,123,109968,0,brain_figshare/png/masks/123_mask.png,pixel,val
brain_figshare/png/images/1230.png,1230,110993,2,brain_figshare/png/masks/1230_mask.png,pixel,test
brain_figshare/png/images/1231.png,1231,110993,2,brain_figshare/png/masks/1231_mask.png,pixel,test
brain_figshare/png/images/1232.png,1232,110993,2,brain_figshare/png/masks/1232_mask.png,pixel,test
brain_figshare/png/images/1233.png,1233,111075,2,brain_figshare/png/masks/1233_mask.png,pixel,val
brain_figshare/png/images/1234.png,1234,111075,2,brain_figshare/png/masks/1234_mask.png,pixel,val
brain_figshare/png/images/1235.png,1235,111075,2,brain_figshare/png/masks/1235_mask.png,pixel,val
brain_figshare/png/images/1236.png,1236,111075,2,brain_figshare/png/masks/1236_mask.png,pixel,val
brain_figshare/png/images/1237.png,1237,111075,2,brain_figshare/png/masks/1237_mask.png,pixel,val
brain_figshare/png/images/1238.png,1238,111125,2,brain_figshare/png/masks/1238_mask.png,pixel,train
brain_figshare/png/images/1239.png,1239,111125,2,brain_figshare/png/masks/1239_mask.png,pixel,train
brain_figshare/png/images/124.png,124,110116,0,brain_figshare/png/masks/124_mask.png,pixel,val
brain_figshare/png/images/1240.png,1240,111125,2,brain_figshare/png/masks/1240_mask.png,pixel,train
brain_figshare/png/images/1241.png,1241,111125,2,brain_figshare/png/masks/1241_mask.png,pixel,train
brain_figshare/png/images/1242.png,1242,111785,2,brain_figshare/png/masks/1242_mask.png,pixel,test
brain_figshare/png/images/1243.png,1243,111785,2,brain_figshare/png/masks/1243_mask.png,pixel,test
brain_figshare/png/images/1244.png,1244,111785,2,brain_figshare/png/masks/1244_mask.png,pixel,test
brain_figshare/png/images/1245.png,1245,111785,2,brain_figshare/png/masks/1245_mask.png,pixel,test
brain_figshare/png/images/1246.png,1246,112074,2,brain_figshare/png/masks/1246_mask.png,pixel,train
brain_figshare/png/images/1247.png,1247,112074,2,brain_figshare/png/masks/1247_mask.png,pixel,train
brain_figshare/png/images/1248.png,1248,112074,2,brain_figshare/png/masks/1248_mask.png,pixel,train
brain_figshare/png/images/1249.png,1249,112074,2,brain_figshare/png/masks/1249_mask.png,pixel,train
brain_figshare/png/images/125.png,125,111077,0,brain_figshare/png/masks/125_mask.png,pixel,test
brain_figshare/png/images/1250.png,1250,112074,2,brain_figshare/png/masks/1250_mask.png,pixel,train
brain_figshare/png/images/1251.png,1251,112649,2,brain_figshare/png/masks/1251_mask.png,pixel,train
brain_figshare/png/images/1252.png,1252,112649,2,brain_figshare/png/masks/1252_mask.png,pixel,train
brain_figshare/png/images/1253.png,1253,112649,2,brain_figshare/png/masks/1253_mask.png,pixel,train
brain_figshare/png/images/1254.png,1254,112649,2,brain_figshare/png/masks/1254_mask.png,pixel,train
brain_figshare/png/images/1255.png,1255,112649,2,brain_figshare/png/masks/1255_mask.png,pixel,train
brain_figshare/png/images/1256.png,1256,112746,2,brain_figshare/png/masks/1256_mask.png,pixel,train
brain_figshare/png/images/1257.png,1257,112746,2,brain_figshare/png/masks/1257_mask.png,pixel,train
brain_figshare/png/images/1258.png,1258,112746,2,brain_figshare/png/masks/1258_mask.png,pixel,train
brain_figshare/png/images/1259.png,1259,112746,2,brain_figshare/png/masks/1259_mask.png,pixel,train
brain_figshare/png/images/126.png,126,111077,0,brain_figshare/png/masks/126_mask.png,pixel,test
brain_figshare/png/images/1260.png,1260,112746,2,brain_figshare/png/masks/1260_mask.png,pixel,train
brain_figshare/png/images/1261.png,1261,112847,2,brain_figshare/png/masks/1261_mask.png,pixel,train
brain_figshare/png/images/1262.png,1262,112847,2,brain_figshare/png/masks/1262_mask.png,pixel,train
brain_figshare/png/images/1263.png,1263,112847,2,brain_figshare/png/masks/1263_mask.png,pixel,train
brain_figshare/png/images/1264.png,1264,112847,2,brain_figshare/png/masks/1264_mask.png,pixel,train
brain_figshare/png/images/1265.png,1265,112847,2,brain_figshare/png/masks/1265_mask.png,pixel,train
brain_figshare/png/images/1266.png,1266,113274,2,brain_figshare/png/masks/1266_mask.png,pixel,train
brain_figshare/png/images/1267.png,1267,113274,2,brain_figshare/png/masks/1267_mask.png,pixel,train
brain_figshare/png/images/1268.png,1268,113274,2,brain_figshare/png/masks/1268_mask.png,pixel,train
brain_figshare/png/images/1269.png,1269,113274,2,brain_figshare/png/masks/1269_mask.png,pixel,train
brain_figshare/png/images/127.png,127,111077,0,brain_figshare/png/masks/127_mask.png,pixel,test
brain_figshare/png/images/1270.png,1270,113741,2,brain_figshare/png/masks/1270_mask.png,pixel,train
brain_figshare/png/images/1271.png,1271,113741,2,brain_figshare/png/masks/1271_mask.png,pixel,train
brain_figshare/png/images/1272.png,1272,113741,2,brain_figshare/png/masks/1272_mask.png,pixel,train
brain_figshare/png/images/1273.png,1273,114040,2,brain_figshare/png/masks/1273_mask.png,pixel,train
brain_figshare/png/images/1274.png,1274,114040,2,brain_figshare/png/masks/1274_mask.png,pixel,train
brain_figshare/png/images/1275.png,1275,114040,2,brain_figshare/png/masks/1275_mask.png,pixel,train
brain_figshare/png/images/1276.png,1276,114361,2,brain_figshare/png/masks/1276_mask.png,pixel,train
brain_figshare/png/images/1277.png,1277,114361,2,brain_figshare/png/masks/1277_mask.png,pixel,train
brain_figshare/png/images/1278.png,1278,114361,2,brain_figshare/png/masks/1278_mask.png,pixel,train
brain_figshare/png/images/1279.png,1279,114094,2,brain_figshare/png/masks/1279_mask.png,pixel,train
brain_figshare/png/images/128.png,128,111366,0,brain_figshare/png/masks/128_mask.png,pixel,train
brain_figshare/png/images/1280.png,1280,114094,2,brain_figshare/png/masks/1280_mask.png,pixel,train
brain_figshare/png/images/1281.png,1281,114094,2,brain_figshare/png/masks/1281_mask.png,pixel,train
brain_figshare/png/images/1282.png,1282,114094,2,brain_figshare/png/masks/1282_mask.png,pixel,train
brain_figshare/png/images/1283.png,1283,101029,2,brain_figshare/png/masks/1283_mask.png,pixel,val
brain_figshare/png/images/1284.png,1284,101029,2,brain_figshare/png/masks/1284_mask.png,pixel,val
brain_figshare/png/images/1285.png,1285,101145,2,brain_figshare/png/masks/1285_mask.png,pixel,train
brain_figshare/png/images/1286.png,1286,101145,2,brain_figshare/png/masks/1286_mask.png,pixel,train
brain_figshare/png/images/1287.png,1287,101145,2,brain_figshare/png/masks/1287_mask.png,pixel,train
brain_figshare/png/images/1288.png,1288,101145,2,brain_figshare/png/masks/1288_mask.png,pixel,train
brain_figshare/png/images/1289.png,1289,101305,2,brain_figshare/png/masks/1289_mask.png,pixel,train
brain_figshare/png/images/129.png,129,111366,0,brain_figshare/png/masks/129_mask.png,pixel,train
brain_figshare/png/images/1290.png,1290,101305,2,brain_figshare/png/masks/1290_mask.png,pixel,train
brain_figshare/png/images/1291.png,1291,101305,2,brain_figshare/png/masks/1291_mask.png,pixel,train
brain_figshare/png/images/1292.png,1292,101305,2,brain_figshare/png/masks/1292_mask.png,pixel,train
brain_figshare/png/images/1293.png,1293,101724,2,brain_figshare/png/masks/1293_mask.png,pixel,val
brain_figshare/png/images/1294.png,1294,101724,2,brain_figshare/png/masks/1294_mask.png,pixel,val
brain_figshare/png/images/1295.png,1295,102648,2,brain_figshare/png/masks/1295_mask.png,pixel,train
brain_figshare/png/images/1296.png,1296,102648,2,brain_figshare/png/masks/1296_mask.png,pixel,train
brain_figshare/png/images/1297.png,1297,102648,2,brain_figshare/png/masks/1297_mask.png,pixel,train
brain_figshare/png/images/1298.png,1298,102648,2,brain_figshare/png/masks/1298_mask.png,pixel,train
brain_figshare/png/images/1299.png,1299,102648,2,brain_figshare/png/masks/1299_mask.png,pixel,train
brain_figshare/png/images/13.png,13,101016,0,brain_figshare/png/masks/13_mask.png,pixel,val
brain_figshare/png/images/130.png,130,111366,0,brain_figshare/png/masks/130_mask.png,pixel,train
brain_figshare/png/images/1300.png,1300,102648,2,brain_figshare/png/masks/1300_mask.png,pixel,train
brain_figshare/png/images/1301.png,1301,103046,2,brain_figshare/png/masks/1301_mask.png,pixel,test
brain_figshare/png/images/1302.png,1302,103046,2,brain_figshare/png/masks/1302_mask.png,pixel,test
brain_figshare/png/images/1303.png,1303,103046,2,brain_figshare/png/masks/1303_mask.png,pixel,test
brain_figshare/png/images/1304.png,1304,103257,2,brain_figshare/png/masks/1304_mask.png,pixel,val
brain_figshare/png/images/1305.png,1305,103257,2,brain_figshare/png/masks/1305_mask.png,pixel,val
brain_figshare/png/images/1306.png,1306,103257,2,brain_figshare/png/masks/1306_mask.png,pixel,val
brain_figshare/png/images/1307.png,1307,103257,2,brain_figshare/png/masks/1307_mask.png,pixel,val
brain_figshare/png/images/1308.png,1308,103257,2,brain_figshare/png/masks/1308_mask.png,pixel,val
brain_figshare/png/images/1309.png,1309,103257,2,brain_figshare/png/masks/1309_mask.png,pixel,val
brain_figshare/png/images/131.png,131,111366,0,brain_figshare/png/masks/131_mask.png,pixel,train
brain_figshare/png/images/1310.png,1310,103478,2,brain_figshare/png/masks/1310_mask.png,pixel,train
brain_figshare/png/images/1311.png,1311,103478,2,brain_figshare/png/masks/1311_mask.png,pixel,train
brain_figshare/png/images/1312.png,1312,103478,2,brain_figshare/png/masks/1312_mask.png,pixel,train
brain_figshare/png/images/1313.png,1313,103478,2,brain_figshare/png/masks/1313_mask.png,pixel,train
brain_figshare/png/images/1314.png,1314,103478,2,brain_figshare/png/masks/1314_mask.png,pixel,train
brain_figshare/png/images/1315.png,1315,103478,2,brain_figshare/png/masks/1315_mask.png,pixel,train
brain_figshare/png/images/1316.png,1316,103478,2,brain_figshare/png/masks/1316_mask.png,pixel,train
brain_figshare/png/images/1317.png,1317,103582,2,brain_figshare/png/masks/1317_mask.png,pixel,train
brain_figshare/png/images/1318.png,1318,103582,2,brain_figshare/png/masks/1318_mask.png,pixel,train
brain_figshare/png/images/1319.png,1319,103582,2,brain_figshare/png/masks/1319_mask.png,pixel,train
brain_figshare/png/images/132.png,132,111532,0,brain_figshare/png/masks/132_mask.png,pixel,train
brain_figshare/png/images/1320.png,1320,103582,2,brain_figshare/png/masks/1320_mask.png,pixel,train
brain_figshare/png/images/1321.png,1321,103582,2,brain_figshare/png/masks/1321_mask.png,pixel,train
brain_figshare/png/images/1322.png,1322,103582,2,brain_figshare/png/masks/1322_mask.png,pixel,train
brain_figshare/png/images/1323.png,1323,103670,2,brain_figshare/png/masks/1323_mask.png,pixel,train
brain_figshare/png/images/1324.png,1324,103670,2,brain_figshare/png/masks/1324_mask.png,pixel,train
brain_figshare/png/images/1325.png,1325,103670,2,brain_figshare/png/masks/1325_mask.png,pixel,train
brain_figshare/png/images/1326.png,1326,103671,2,brain_figshare/png/masks/1326_mask.png,pixel,test
brain_figshare/png/images/1327.png,1327,103671,2,brain_figshare/png/masks/1327_mask.png,pixel,test
brain_figshare/png/images/1328.png,1328,103671,2,brain_figshare/png/masks/1328_mask.png,pixel,test
brain_figshare/png/images/1329.png,1329,103671,2,brain_figshare/png/masks/1329_mask.png,pixel,test
brain_figshare/png/images/133.png,133,111532,0,brain_figshare/png/masks/133_mask.png,pixel,train
brain_figshare/png/images/1330.png,1330,103731,2,brain_figshare/png/masks/1330_mask.png,pixel,train
brain_figshare/png/images/1331.png,1331,103731,2,brain_figshare/png/masks/1331_mask.png,pixel,train
brain_figshare/png/images/1332.png,1332,103731,2,brain_figshare/png/masks/1332_mask.png,pixel,train
brain_figshare/png/images/1333.png,1333,103731,2,brain_figshare/png/masks/1333_mask.png,pixel,train
brain_figshare/png/images/1334.png,1334,103731,2,brain_figshare/png/masks/1334_mask.png,pixel,train
brain_figshare/png/images/1335.png,1335,103731,2,brain_figshare/png/masks/1335_mask.png,pixel,train
brain_figshare/png/images/1336.png,1336,103731,2,brain_figshare/png/masks/1336_mask.png,pixel,train
brain_figshare/png/images/1337.png,1337,103731,2,brain_figshare/png/masks/1337_mask.png,pixel,train
brain_figshare/png/images/1338.png,1338,103731,2,brain_figshare/png/masks/1338_mask.png,pixel,train
brain_figshare/png/images/1339.png,1339,103731,2,brain_figshare/png/masks/1339_mask.png,pixel,train
brain_figshare/png/images/134.png,134,111532,0,brain_figshare/png/masks/134_mask.png,pixel,train
brain_figshare/png/images/1340.png,1340,103837,2,brain_figshare/png/masks/1340_mask.png,pixel,val
brain_figshare/png/images/1341.png,1341,103837,2,brain_figshare/png/masks/1341_mask.png,pixel,val
brain_figshare/png/images/1342.png,1342,103837,2,brain_figshare/png/masks/1342_mask.png,pixel,val
brain_figshare/png/images/1343.png,1343,103837,2,brain_figshare/png/masks/1343_mask.png,pixel,val
brain_figshare/png/images/1344.png,1344,103837,2,brain_figshare/png/masks/1344_mask.png,pixel,val
brain_figshare/png/images/1345.png,1345,103837,2,brain_figshare/png/masks/1345_mask.png,pixel,val
brain_figshare/png/images/1346.png,1346,103837,2,brain_figshare/png/masks/1346_mask.png,pixel,val
brain_figshare/png/images/1347.png,1347,103837,2,brain_figshare/png/masks/1347_mask.png,pixel,val
brain_figshare/png/images/1348.png,1348,104019,2,brain_figshare/png/masks/1348_mask.png,pixel,train
brain_figshare/png/images/1349.png,1349,104019,2,brain_figshare/png/masks/1349_mask.png,pixel,train
brain_figshare/png/images/135.png,135,112002,0,brain_figshare/png/masks/135_mask.png,pixel,train
brain_figshare/png/images/1350.png,1350,104019,2,brain_figshare/png/masks/1350_mask.png,pixel,train
brain_figshare/png/images/1351.png,1351,104019,2,brain_figshare/png/masks/1351_mask.png,pixel,train
brain_figshare/png/images/1352.png,1352,104558,2,brain_figshare/png/masks/1352_mask.png,pixel,train
brain_figshare/png/images/1353.png,1353,104558,2,brain_figshare/png/masks/1353_mask.png,pixel,train
brain_figshare/png/images/1354.png,1354,104558,2,brain_figshare/png/masks/1354_mask.png,pixel,train
brain_figshare/png/images/1355.png,1355,104558,2,brain_figshare/png/masks/1355_mask.png,pixel,train
brain_figshare/png/images/1356.png,1356,104558,2,brain_figshare/png/masks/1356_mask.png,pixel,train
brain_figshare/png/images/1357.png,1357,104558,2,brain_figshare/png/masks/1357_mask.png,pixel,train
brain_figshare/png/images/1358.png,1358,104558,2,brain_figshare/png/masks/1358_mask.png,pixel,train
brain_figshare/png/images/1359.png,1359,104558,2,brain_figshare/png/masks/1359_mask.png,pixel,train
brain_figshare/png/images/136.png,136,112002,0,brain_figshare/png/masks/136_mask.png,pixel,train
brain_figshare/png/images/1360.png,1360,104684,2,brain_figshare/png/masks/1360_mask.png,pixel,test
brain_figshare/png/images/1361.png,1361,104684,2,brain_figshare/png/masks/1361_mask.png,pixel,test
brain_figshare/png/images/1362.png,1362,104684,2,brain_figshare/png/masks/1362_mask.png,pixel,test
brain_figshare/png/images/1363.png,1363,104684,2,brain_figshare/png/masks/1363_mask.png,pixel,test
brain_figshare/png/images/1364.png,1364,104684,2,brain_figshare/png/masks/1364_mask.png,pixel,test
brain_figshare/png/images/1365.png,1365,104684,2,brain_figshare/png/masks/1365_mask.png,pixel,test
brain_figshare/png/images/1366.png,1366,104684,2,brain_figshare/png/masks/1366_mask.png,pixel,test
brain_figshare/png/images/1367.png,1367,104684,2,brain_figshare/png/masks/1367_mask.png,pixel,test
brain_figshare/png/images/1368.png,1368,104684,2,brain_figshare/png/masks/1368_mask.png,pixel,test
brain_figshare/png/images/1369.png,1369,104912,2,brain_figshare/png/masks/1369_mask.png,pixel,test
brain_figshare/png/images/137.png,137,112002,0,brain_figshare/png/masks/137_mask.png,pixel,train
brain_figshare/png/images/1370.png,1370,104912,2,brain_figshare/png/masks/1370_mask.png,pixel,test
brain_figshare/png/images/1371.png,1371,104912,2,brain_figshare/png/masks/1371_mask.png,pixel,test
brain_figshare/png/images/1372.png,1372,104912,2,brain_figshare/png/masks/1372_mask.png,pixel,test
brain_figshare/png/images/1373.png,1373,104912,2,brain_figshare/png/masks/1373_mask.png,pixel,test
brain_figshare/png/images/1374.png,1374,105187,2,brain_figshare/png/masks/1374_mask.png,pixel,train
brain_figshare/png/images/1375.png,1375,105187,2,brain_figshare/png/masks/1375_mask.png,pixel,train
brain_figshare/png/images/1376.png,1376,105187,2,brain_figshare/png/masks/1376_mask.png,pixel,train
brain_figshare/png/images/1377.png,1377,105187,2,brain_figshare/png/masks/1377_mask.png,pixel,train
brain_figshare/png/images/1378.png,1378,105475,2,brain_figshare/png/masks/1378_mask.png,pixel,train
brain_figshare/png/images/1379.png,1379,105475,2,brain_figshare/png/masks/1379_mask.png,pixel,train
brain_figshare/png/images/138.png,138,112002,0,brain_figshare/png/masks/138_mask.png,pixel,train
brain_figshare/png/images/1380.png,1380,105538,2,brain_figshare/png/masks/1380_mask.png,pixel,train
brain_figshare/png/images/1381.png,1381,105538,2,brain_figshare/png/masks/1381_mask.png,pixel,train
brain_figshare/png/images/1382.png,1382,105538,2,brain_figshare/png/masks/1382_mask.png,pixel,train
brain_figshare/png/images/1383.png,1383,105638,2,brain_figshare/png/masks/1383_mask.png,pixel,test
brain_figshare/png/images/1384.png,1384,105638,2,brain_figshare/png/masks/1384_mask.png,pixel,test
brain_figshare/png/images/1385.png,1385,105638,2,brain_figshare/png/masks/1385_mask.png,pixel,test
brain_figshare/png/images/1386.png,1386,97416,2,brain_figshare/png/masks/1386_mask.png,pixel,train
brain_figshare/png/images/1387.png,1387,97416,2,brain_figshare/png/masks/1387_mask.png,pixel,train
brain_figshare/png/images/1388.png,1388,97416,2,brain_figshare/png/masks/1388_mask.png,pixel,train
brain_figshare/png/images/1389.png,1389,97416,2,brain_figshare/png/masks/1389_mask.png,pixel,train
brain_figshare/png/images/139.png,139,112062,0,brain_figshare/png/masks/139_mask.png,pixel,train
brain_figshare/png/images/1390.png,1390,97416,2,brain_figshare/png/masks/1390_mask.png,pixel,train
brain_figshare/png/images/1391.png,1391,97416,2,brain_figshare/png/masks/1391_mask.png,pixel,train
brain_figshare/png/images/1392.png,1392,97416,2,brain_figshare/png/masks/1392_mask.png,pixel,train
brain_figshare/png/images/1393.png,1393,97416,2,brain_figshare/png/masks/1393_mask.png,pixel,train
brain_figshare/png/images/1394.png,1394,97416,2,brain_figshare/png/masks/1394_mask.png,pixel,train
brain_figshare/png/images/1395.png,1395,97461,2,brain_figshare/png/masks/1395_mask.png,pixel,train
brain_figshare/png/images/1396.png,1396,97461,2,brain_figshare/png/masks/1396_mask.png,pixel,train
brain_figshare/png/images/1397.png,1397,97461,2,brain_figshare/png/masks/1397_mask.png,pixel,train
brain_figshare/png/images/1398.png,1398,97461,2,brain_figshare/png/masks/1398_mask.png,pixel,train
brain_figshare/png/images/1399.png,1399,97461,2,brain_figshare/png/masks/1399_mask.png,pixel,train
brain_figshare/png/images/14.png,14,101016,0,brain_figshare/png/masks/14_mask.png,pixel,val
brain_figshare/png/images/140.png,140,112062,0,brain_figshare/png/masks/140_mask.png,pixel,train
brain_figshare/png/images/1400.png,1400,97461,2,brain_figshare/png/masks/1400_mask.png,pixel,train
brain_figshare/png/images/1401.png,1401,97461,2,brain_figshare/png/masks/1401_mask.png,pixel,train
brain_figshare/png/images/1402.png,1402,97461,2,brain_figshare/png/masks/1402_mask.png,pixel,train
brain_figshare/png/images/1403.png,1403,97461,2,brain_figshare/png/masks/1403_mask.png,pixel,train
brain_figshare/png/images/1404.png,1404,97481,2,brain_figshare/png/masks/1404_mask.png,pixel,train
brain_figshare/png/images/1405.png,1405,97481,2,brain_figshare/png/masks/1405_mask.png,pixel,train
brain_figshare/png/images/1406.png,1406,97481,2,brain_figshare/png/masks/1406_mask.png,pixel,train
brain_figshare/png/images/1407.png,1407,97481,2,brain_figshare/png/masks/1407_mask.png,pixel,train
brain_figshare/png/images/1408.png,1408,97599,2,brain_figshare/png/masks/1408_mask.png,pixel,train
brain_figshare/png/images/1409.png,1409,97599,2,brain_figshare/png/masks/1409_mask.png,pixel,train
brain_figshare/png/images/141.png,141,112062,0,brain_figshare/png/masks/141_mask.png,pixel,train
brain_figshare/png/images/1410.png,1410,97890,2,brain_figshare/png/masks/1410_mask.png,pixel,train
brain_figshare/png/images/1411.png,1411,97890,2,brain_figshare/png/masks/1411_mask.png,pixel,train
brain_figshare/png/images/1412.png,1412,97890,2,brain_figshare/png/masks/1412_mask.png,pixel,train
brain_figshare/png/images/1413.png,1413,97890,2,brain_figshare/png/masks/1413_mask.png,pixel,train
brain_figshare/png/images/1414.png,1414,98472,2,brain_figshare/png/masks/1414_mask.png,pixel,test
brain_figshare/png/images/1415.png,1415,98472,2,brain_figshare/png/masks/1415_mask.png,pixel,test
brain_figshare/png/images/1416.png,1416,98472,2,brain_figshare/png/masks/1416_mask.png,pixel,test
brain_figshare/png/images/1417.png,1417,98472,2,brain_figshare/png/masks/1417_mask.png,pixel,test
brain_figshare/png/images/1418.png,1418,98472,2,brain_figshare/png/masks/1418_mask.png,pixel,test
brain_figshare/png/images/1419.png,1419,98472,2,brain_figshare/png/masks/1419_mask.png,pixel,test
brain_figshare/png/images/142.png,142,112252,0,brain_figshare/png/masks/142_mask.png,pixel,train
brain_figshare/png/images/1420.png,1420,98472,2,brain_figshare/png/masks/1420_mask.png,pixel,test
brain_figshare/png/images/1421.png,1421,98652,2,brain_figshare/png/masks/1421_mask.png,pixel,val
brain_figshare/png/images/1422.png,1422,98652,2,brain_figshare/png/masks/1422_mask.png,pixel,val
brain_figshare/png/images/1423.png,1423,98652,2,brain_figshare/png/masks/1423_mask.png,pixel,val
brain_figshare/png/images/1424.png,1424,98871,2,brain_figshare/png/masks/1424_mask.png,pixel,train
brain_figshare/png/images/1425.png,1425,98871,2,brain_figshare/png/masks/1425_mask.png,pixel,train
brain_figshare/png/images/1426.png,1426,98871,2,brain_figshare/png/masks/1426_mask.png,pixel,train
brain_figshare/png/images/1427.png,1427,98871,2,brain_figshare/png/masks/1427_mask.png,pixel,train
brain_figshare/png/images/1428.png,1428,98871,2,brain_figshare/png/masks/1428_mask.png,pixel,train
brain_figshare/png/images/1429.png,1429,98871,2,brain_figshare/png/masks/1429_mask.png,pixel,train
brain_figshare/png/images/143.png,143,112252,0,brain_figshare/png/masks/143_mask.png,pixel,train
brain_figshare/png/images/1430.png,1430,98874,2,brain_figshare/png/masks/1430_mask.png,pixel,test
brain_figshare/png/images/1431.png,1431,98874,2,brain_figshare/png/masks/1431_mask.png,pixel,test
brain_figshare/png/images/1432.png,1432,98874,2,brain_figshare/png/masks/1432_mask.png,pixel,test
brain_figshare/png/images/1433.png,1433,98874,2,brain_figshare/png/masks/1433_mask.png,pixel,test
brain_figshare/png/images/1434.png,1434,98874,2,brain_figshare/png/masks/1434_mask.png,pixel,test
brain_figshare/png/images/1435.png,1435,98992,2,brain_figshare/png/masks/1435_mask.png,pixel,train
brain_figshare/png/images/1436.png,1436,98992,2,brain_figshare/png/masks/1436_mask.png,pixel,train
brain_figshare/png/images/1437.png,1437,98992,2,brain_figshare/png/masks/1437_mask.png,pixel,train
brain_figshare/png/images/1438.png,1438,98992,2,brain_figshare/png/masks/1438_mask.png,pixel,train
brain_figshare/png/images/1439.png,1439,98992,2,brain_figshare/png/masks/1439_mask.png,pixel,train
brain_figshare/png/images/144.png,144,112552,0,brain_figshare/png/masks/144_mask.png,pixel,train
brain_figshare/png/images/1440.png,1440,98992,2,brain_figshare/png/masks/1440_mask.png,pixel,train
brain_figshare/png/images/1441.png,1441,98992,2,brain_figshare/png/masks/1441_mask.png,pixel,train
brain_figshare/png/images/1442.png,1442,98995,2,brain_figshare/png/masks/1442_mask.png,pixel,test
brain_figshare/png/images/1443.png,1443,98995,2,brain_figshare/png/masks/1443_mask.png,pixel,test
brain_figshare/png/images/1444.png,1444,98995,2,brain_figshare/png/masks/1444_mask.png,pixel,test
brain_figshare/png/images/1445.png,1445,98995,2,brain_figshare/png/masks/1445_mask.png,pixel,test
brain_figshare/png/images/1446.png,1446,98995,2,brain_figshare/png/masks/1446_mask.png,pixel,test
brain_figshare/png/images/1447.png,1447,99223,2,brain_figshare/png/masks/1447_mask.png,pixel,test
brain_figshare/png/images/1448.png,1448,99223,2,brain_figshare/png/masks/1448_mask.png,pixel,test
brain_figshare/png/images/1449.png,1449,99223,2,brain_figshare/png/masks/1449_mask.png,pixel,test
brain_figshare/png/images/145.png,145,112552,0,brain_figshare/png/masks/145_mask.png,pixel,train
brain_figshare/png/images/1450.png,1450,99223,2,brain_figshare/png/masks/1450_mask.png,pixel,test
brain_figshare/png/images/1451.png,1451,99223,2,brain_figshare/png/masks/1451_mask.png,pixel,test
brain_figshare/png/images/1452.png,1452,99223,2,brain_figshare/png/masks/1452_mask.png,pixel,test
brain_figshare/png/images/1453.png,1453,99223,2,brain_figshare/png/masks/1453_mask.png,pixel,test
brain_figshare/png/images/1454.png,1454,99223,2,brain_figshare/png/masks/1454_mask.png,pixel,test
brain_figshare/png/images/1455.png,1455,99223,2,brain_figshare/png/masks/1455_mask.png,pixel,test
brain_figshare/png/images/1456.png,1456,101017,2,brain_figshare/png/masks/1456_mask.png,pixel,train
brain_figshare/png/images/1457.png,1457,101017,2,brain_figshare/png/masks/1457_mask.png,pixel,train
brain_figshare/png/images/1458.png,1458,101017,2,brain_figshare/png/masks/1458_mask.png,pixel,train
brain_figshare/png/images/1459.png,1459,101017,2,brain_figshare/png/masks/1459_mask.png,pixel,train
brain_figshare/png/images/146.png,146,112552,0,brain_figshare/png/masks/146_mask.png,pixel,train
brain_figshare/png/images/1460.png,1460,101017,2,brain_figshare/png/masks/1460_mask.png,pixel,train
brain_figshare/png/images/1461.png,1461,101017,2,brain_figshare/png/masks/1461_mask.png,pixel,train
brain_figshare/png/images/1462.png,1462,101029,2,brain_figshare/png/masks/1462_mask.png,pixel,val
brain_figshare/png/images/1463.png,1463,101029,2,brain_figshare/png/masks/1463_mask.png,pixel,val
brain_figshare/png/images/1464.png,1464,101029,2,brain_figshare/png/masks/1464_mask.png,pixel,val
brain_figshare/png/images/1465.png,1465,101029,2,brain_figshare/png/masks/1465_mask.png,pixel,val
brain_figshare/png/images/1466.png,1466,101029,2,brain_figshare/png/masks/1466_mask.png,pixel,val
brain_figshare/png/images/1467.png,1467,101029,2,brain_figshare/png/masks/1467_mask.png,pixel,val
brain_figshare/png/images/1468.png,1468,101145,2,brain_figshare/png/masks/1468_mask.png,pixel,train
brain_figshare/png/images/1469.png,1469,101145,2,brain_figshare/png/masks/1469_mask.png,pixel,train
brain_figshare/png/images/147.png,147,112552,0,brain_figshare/png/masks/147_mask.png,pixel,train
brain_figshare/png/images/1470.png,1470,101145,2,brain_figshare/png/masks/1470_mask.png,pixel,train
brain_figshare/png/images/1471.png,1471,101145,2,brain_figshare/png/masks/1471_mask.png,pixel,train
brain_figshare/png/images/1472.png,1472,101305,2,brain_figshare/png/masks/1472_mask.png,pixel,train
brain_figshare/png/images/1473.png,1473,101305,2,brain_figshare/png/masks/1473_mask.png,pixel,train
brain_figshare/png/images/1474.png,1474,101305,2,brain_figshare/png/masks/1474_mask.png,pixel,train
brain_figshare/png/images/1475.png,1475,101305,2,brain_figshare/png/masks/1475_mask.png,pixel,train
brain_figshare/png/images/1476.png,1476,101305,2,brain_figshare/png/masks/1476_mask.png,pixel,train
brain_figshare/png/images/1477.png,1477,101305,2,brain_figshare/png/masks/1477_mask.png,pixel,train
brain_figshare/png/images/1478.png,1478,101305,2,brain_figshare/png/masks/1478_mask.png,pixel,train
brain_figshare/png/images/1479.png,1479,101305,2,brain_figshare/png/masks/1479_mask.png,pixel,train
brain_figshare/png/images/148.png,148,112552,0,brain_figshare/png/masks/148_mask.png,pixel,train
brain_figshare/png/images/1480.png,1480,101724,2,brain_figshare/png/masks/1480_mask.png,pixel,val
brain_figshare/png/images/1481.png,1481,101724,2,brain_figshare/png/masks/1481_mask.png,pixel,val
brain_figshare/png/images/1482.png,1482,101724,2,brain_figshare/png/masks/1482_mask.png,pixel,val
brain_figshare/png/images/1483.png,1483,102648,2,brain_figshare/png/masks/1483_mask.png,pixel,train
brain_figshare/png/images/1484.png,1484,102648,2,brain_figshare/png/masks/1484_mask.png,pixel,train
brain_figshare/png/images/1485.png,1485,102648,2,brain_figshare/png/masks/1485_mask.png,pixel,train
brain_figshare/png/images/1486.png,1486,102648,2,brain_figshare/png/masks/1486_mask.png,pixel,train
brain_figshare/png/images/1487.png,1487,102669,2,brain_figshare/png/masks/1487_mask.png,pixel,train
brain_figshare/png/images/1488.png,1488,102669,2,brain_figshare/png/masks/1488_mask.png,pixel,train
brain_figshare/png/images/1489.png,1489,103046,2,brain_figshare/png/masks/1489_mask.png,pixel,test
brain_figshare/png/images/149.png,149,112552,0,brain_figshare/png/masks/149_mask.png,pixel,train
brain_figshare/png/images/1490.png,1490,103046,2,brain_figshare/png/masks/1490_mask.png,pixel,test
brain_figshare/png/images/1491.png,1491,103046,2,brain_figshare/png/masks/1491_mask.png,pixel,test
brain_figshare/png/images/1492.png,1492,103046,2,brain_figshare/png/masks/1492_mask.png,pixel,test
brain_figshare/png/images/1493.png,1493,103257,2,brain_figshare/png/masks/1493_mask.png,pixel,val
brain_figshare/png/images/1494.png,1494,103257,2,brain_figshare/png/masks/1494_mask.png,pixel,val
brain_figshare/png/images/1495.png,1495,103257,2,brain_figshare/png/masks/1495_mask.png,pixel,val
brain_figshare/png/images/1496.png,1496,103257,2,brain_figshare/png/masks/1496_mask.png,pixel,val
brain_figshare/png/images/1497.png,1497,103257,2,brain_figshare/png/masks/1497_mask.png,pixel,val
brain_figshare/png/images/1498.png,1498,103478,2,brain_figshare/png/masks/1498_mask.png,pixel,train
brain_figshare/png/images/1499.png,1499,103478,2,brain_figshare/png/masks/1499_mask.png,pixel,train
brain_figshare/png/images/15.png,15,101016,0,brain_figshare/png/masks/15_mask.png,pixel,val
brain_figshare/png/images/150.png,150,112552,0,brain_figshare/png/masks/150_mask.png,pixel,train
brain_figshare/png/images/1500.png,1500,103478,2,brain_figshare/png/masks/1500_mask.png,pixel,train
brain_figshare/png/images/1501.png,1501,103478,2,brain_figshare/png/masks/1501_mask.png,pixel,train
brain_figshare/png/images/1502.png,1502,103478,2,brain_figshare/png/masks/1502_mask.png,pixel,train
brain_figshare/png/images/1503.png,1503,103478,2,brain_figshare/png/masks/1503_mask.png,pixel,train
brain_figshare/png/images/1504.png,1504,103478,2,brain_figshare/png/masks/1504_mask.png,pixel,train
brain_figshare/png/images/1505.png,1505,103478,2,brain_figshare/png/masks/1505_mask.png,pixel,train
brain_figshare/png/images/1506.png,1506,103582,2,brain_figshare/png/masks/1506_mask.png,pixel,train
brain_figshare/png/images/1507.png,1507,103582,2,brain_figshare/png/masks/1507_mask.png,pixel,train
brain_figshare/png/images/1508.png,1508,103582,2,brain_figshare/png/masks/1508_mask.png,pixel,train
brain_figshare/png/images/1509.png,1509,103582,2,brain_figshare/png/masks/1509_mask.png,pixel,train
brain_figshare/png/images/151.png,151,112648,0,brain_figshare/png/masks/151_mask.png,pixel,test
brain_figshare/png/images/1510.png,1510,103582,2,brain_figshare/png/masks/1510_mask.png,pixel,train
brain_figshare/png/images/1511.png,1511,103670,2,brain_figshare/png/masks/1511_mask.png,pixel,train
brain_figshare/png/images/1512.png,1512,103670,2,brain_figshare/png/masks/1512_mask.png,pixel,train
brain_figshare/png/images/1513.png,1513,103670,2,brain_figshare/png/masks/1513_mask.png,pixel,train
brain_figshare/png/images/1514.png,1514,103670,2,brain_figshare/png/masks/1514_mask.png,pixel,train
brain_figshare/png/images/1515.png,1515,103671,2,brain_figshare/png/masks/1515_mask.png,pixel,test
brain_figshare/png/images/1516.png,1516,103671,2,brain_figshare/png/masks/1516_mask.png,pixel,test
brain_figshare/png/images/1517.png,1517,103671,2,brain_figshare/png/masks/1517_mask.png,pixel,test
brain_figshare/png/images/1518.png,1518,103671,2,brain_figshare/png/masks/1518_mask.png,pixel,test
brain_figshare/png/images/1519.png,1519,103671,2,brain_figshare/png/masks/1519_mask.png,pixel,test
brain_figshare/png/images/152.png,152,112648,0,brain_figshare/png/masks/152_mask.png,pixel,test
brain_figshare/png/images/1520.png,1520,103671,2,brain_figshare/png/masks/1520_mask.png,pixel,test
brain_figshare/png/images/1521.png,1521,103731,2,brain_figshare/png/masks/1521_mask.png,pixel,train
brain_figshare/png/images/1522.png,1522,103731,2,brain_figshare/png/masks/1522_mask.png,pixel,train
brain_figshare/png/images/1523.png,1523,103731,2,brain_figshare/png/masks/1523_mask.png,pixel,train
brain_figshare/png/images/1524.png,1524,103731,2,brain_figshare/png/masks/1524_mask.png,pixel,train
brain_figshare/png/images/1525.png,1525,103731,2,brain_figshare/png/masks/1525_mask.png,pixel,train
brain_figshare/png/images/1526.png,1526,103731,2,brain_figshare/png/masks/1526_mask.png,pixel,train
brain_figshare/png/images/1527.png,1527,103731,2,brain_figshare/png/masks/1527_mask.png,pixel,train
brain_figshare/png/images/1528.png,1528,103837,2,brain_figshare/png/masks/1528_mask.png,pixel,val
brain_figshare/png/images/1529.png,1529,103837,2,brain_figshare/png/masks/1529_mask.png,pixel,val
brain_figshare/png/images/153.png,153,112648,0,brain_figshare/png/masks/153_mask.png,pixel,test
brain_figshare/png/images/1530.png,1530,103837,2,brain_figshare/png/masks/1530_mask.png,pixel,val
brain_figshare/png/images/1531.png,1531,103837,2,brain_figshare/png/masks/1531_mask.png,pixel,val
brain_figshare/png/images/1532.png,1532,103837,2,brain_figshare/png/masks/1532_mask.png,pixel,val
brain_figshare/png/images/1533.png,1533,104019,2,brain_figshare/png/masks/1533_mask.png,pixel,train
brain_figshare/png/images/1534.png,1534,104019,2,brain_figshare/png/masks/1534_mask.png,pixel,train
brain_figshare/png/images/1535.png,1535,104019,2,brain_figshare/png/masks/1535_mask.png,pixel,train
brain_figshare/png/images/1536.png,1536,104019,2,brain_figshare/png/masks/1536_mask.png,pixel,train
brain_figshare/png/images/1537.png,1537,104019,2,brain_figshare/png/masks/1537_mask.png,pixel,train
brain_figshare/png/images/1538.png,1538,104558,2,brain_figshare/png/masks/1538_mask.png,pixel,train
brain_figshare/png/images/1539.png,1539,104558,2,brain_figshare/png/masks/1539_mask.png,pixel,train
brain_figshare/png/images/154.png,154,113435,0,brain_figshare/png/masks/154_mask.png,pixel,test
brain_figshare/png/images/1540.png,1540,104558,2,brain_figshare/png/masks/1540_mask.png,pixel,train
brain_figshare/png/images/1541.png,1541,104558,2,brain_figshare/png/masks/1541_mask.png,pixel,train
brain_figshare/png/images/1542.png,1542,104558,2,brain_figshare/png/masks/1542_mask.png,pixel,train
brain_figshare/png/images/1543.png,1543,104558,2,brain_figshare/png/masks/1543_mask.png,pixel,train
brain_figshare/png/images/1544.png,1544,104558,2,brain_figshare/png/masks/1544_mask.png,pixel,train
brain_figshare/png/images/1545.png,1545,104684,2,brain_figshare/png/masks/1545_mask.png,pixel,test
brain_figshare/png/images/1546.png,1546,104684,2,brain_figshare/png/masks/1546_mask.png,pixel,test
brain_figshare/png/images/1547.png,1547,104684,2,brain_figshare/png/masks/1547_mask.png,pixel,test
brain_figshare/png/images/1548.png,1548,104684,2,brain_figshare/png/masks/1548_mask.png,pixel,test
brain_figshare/png/images/1549.png,1549,104684,2,brain_figshare/png/masks/1549_mask.png,pixel,test
brain_figshare/png/images/155.png,155,113435,0,brain_figshare/png/masks/155_mask.png,pixel,test
brain_figshare/png/images/1550.png,1550,104684,2,brain_figshare/png/masks/1550_mask.png,pixel,test
brain_figshare/png/images/1551.png,1551,104684,2,brain_figshare/png/masks/1551_mask.png,pixel,test
brain_figshare/png/images/1552.png,1552,104912,2,brain_figshare/png/masks/1552_mask.png,pixel,test
brain_figshare/png/images/1553.png,1553,104912,2,brain_figshare/png/masks/1553_mask.png,pixel,test
brain_figshare/png/images/1554.png,1554,104912,2,brain_figshare/png/masks/1554_mask.png,pixel,test
brain_figshare/png/images/1555.png,1555,104912,2,brain_figshare/png/masks/1555_mask.png,pixel,test
brain_figshare/png/images/1556.png,1556,104912,2,brain_figshare/png/masks/1556_mask.png,pixel,test
brain_figshare/png/images/1557.png,1557,105187,2,brain_figshare/png/masks/1557_mask.png,pixel,train
brain_figshare/png/images/1558.png,1558,105187,2,brain_figshare/png/masks/1558_mask.png,pixel,train
brain_figshare/png/images/1559.png,1559,105187,2,brain_figshare/png/masks/1559_mask.png,pixel,train
brain_figshare/png/images/156.png,156,113435,0,brain_figshare/png/masks/156_mask.png,pixel,test
brain_figshare/png/images/1560.png,1560,105187,2,brain_figshare/png/masks/1560_mask.png,pixel,train
brain_figshare/png/images/1561.png,1561,105187,2,brain_figshare/png/masks/1561_mask.png,pixel,train
brain_figshare/png/images/1562.png,1562,105187,2,brain_figshare/png/masks/1562_mask.png,pixel,train
brain_figshare/png/images/1563.png,1563,105475,2,brain_figshare/png/masks/1563_mask.png,pixel,train
brain_figshare/png/images/1564.png,1564,105475,2,brain_figshare/png/masks/1564_mask.png,pixel,train
brain_figshare/png/images/1565.png,1565,105475,2,brain_figshare/png/masks/1565_mask.png,pixel,train
brain_figshare/png/images/1566.png,1566,105538,2,brain_figshare/png/masks/1566_mask.png,pixel,train
brain_figshare/png/images/1567.png,1567,105538,2,brain_figshare/png/masks/1567_mask.png,pixel,train
brain_figshare/png/images/1568.png,1568,105638,2,brain_figshare/png/masks/1568_mask.png,pixel,test
brain_figshare/png/images/1569.png,1569,105638,2,brain_figshare/png/masks/1569_mask.png,pixel,test
brain_figshare/png/images/157.png,157,113435,0,brain_figshare/png/masks/157_mask.png,pixel,test
brain_figshare/png/images/1570.png,1570,105638,2,brain_figshare/png/masks/1570_mask.png,pixel,test
brain_figshare/png/images/1571.png,1571,105638,2,brain_figshare/png/masks/1571_mask.png,pixel,test
brain_figshare/png/images/1572.png,1572,105638,2,brain_figshare/png/masks/1572_mask.png,pixel,test
brain_figshare/png/images/1573.png,1573,97416,2,brain_figshare/png/masks/1573_mask.png,pixel,train
brain_figshare/png/images/1574.png,1574,97416,2,brain_figshare/png/masks/1574_mask.png,pixel,train
brain_figshare/png/images/1575.png,1575,97416,2,brain_figshare/png/masks/1575_mask.png,pixel,train
brain_figshare/png/images/1576.png,1576,97416,2,brain_figshare/png/masks/1576_mask.png,pixel,train
brain_figshare/png/images/1577.png,1577,97416,2,brain_figshare/png/masks/1577_mask.png,pixel,train
brain_figshare/png/images/1578.png,1578,97416,2,brain_figshare/png/masks/1578_mask.png,pixel,train
brain_figshare/png/images/1579.png,1579,97416,2,brain_figshare/png/masks/1579_mask.png,pixel,train
brain_figshare/png/images/158.png,158,113435,0,brain_figshare/png/masks/158_mask.png,pixel,test
brain_figshare/png/images/1580.png,1580,97416,2,brain_figshare/png/masks/1580_mask.png,pixel,train
brain_figshare/png/images/1581.png,1581,97461,2,brain_figshare/png/masks/1581_mask.png,pixel,train
brain_figshare/png/images/1582.png,1582,97461,2,brain_figshare/png/masks/1582_mask.png,pixel,train
brain_figshare/png/images/1583.png,1583,97461,2,brain_figshare/png/masks/1583_mask.png,pixel,train
brain_figshare/png/images/1584.png,1584,97461,2,brain_figshare/png/masks/1584_mask.png,pixel,train
brain_figshare/png/images/1585.png,1585,97461,2,brain_figshare/png/masks/1585_mask.png,pixel,train
brain_figshare/png/images/1586.png,1586,97461,2,brain_figshare/png/masks/1586_mask.png,pixel,train
brain_figshare/png/images/1587.png,1587,97461,2,brain_figshare/png/masks/1587_mask.png,pixel,train
brain_figshare/png/images/1588.png,1588,97461,2,brain_figshare/png/masks/1588_mask.png,pixel,train
brain_figshare/png/images/1589.png,1589,97481,2,brain_figshare/png/masks/1589_mask.png,pixel,train
brain_figshare/png/images/159.png,159,113435,0,brain_figshare/png/masks/159_mask.png,pixel,test
brain_figshare/png/images/1590.png,1590,97481,2,brain_figshare/png/masks/1590_mask.png,pixel,train
brain_figshare/png/images/1591.png,1591,97481,2,brain_figshare/png/masks/1591_mask.png,pixel,train
brain_figshare/png/images/1592.png,1592,97481,2,brain_figshare/png/masks/1592_mask.png,pixel,train
brain_figshare/png/images/1593.png,1593,97481,2,brain_figshare/png/masks/1593_mask.png,pixel,train
brain_figshare/png/images/1594.png,1594,97599,2,brain_figshare/png/masks/1594_mask.png,pixel,train
brain_figshare/png/images/1595.png,1595,97599,2,brain_figshare/png/masks/1595_mask.png,pixel,train
brain_figshare/png/images/1596.png,1596,97890,2,brain_figshare/png/masks/1596_mask.png,pixel,train
brain_figshare/png/images/1597.png,1597,97890,2,brain_figshare/png/masks/1597_mask.png,pixel,train
brain_figshare/png/images/1598.png,1598,97890,2,brain_figshare/png/masks/1598_mask.png,pixel,train
brain_figshare/png/images/1599.png,1599,97890,2,brain_figshare/png/masks/1599_mask.png,pixel,train
brain_figshare/png/images/16.png,16,101127,0,brain_figshare/png/masks/16_mask.png,pixel,train
brain_figshare/png/images/160.png,160,113554,0,brain_figshare/png/masks/160_mask.png,pixel,train
brain_figshare/png/images/1600.png,1600,98472,2,brain_figshare/png/masks/1600_mask.png,pixel,test
brain_figshare/png/images/1601.png,1601,98472,2,brain_figshare/png/masks/1601_mask.png,pixel,test
brain_figshare/png/images/1602.png,1602,98472,2,brain_figshare/png/masks/1602_mask.png,pixel,test
brain_figshare/png/images/1603.png,1603,98472,2,brain_figshare/png/masks/1603_mask.png,pixel,test
brain_figshare/png/images/1604.png,1604,98472,2,brain_figshare/png/masks/1604_mask.png,pixel,test
brain_figshare/png/images/1605.png,1605,98652,2,brain_figshare/png/masks/1605_mask.png,pixel,val
brain_figshare/png/images/1606.png,1606,98652,2,brain_figshare/png/masks/1606_mask.png,pixel,val
brain_figshare/png/images/1607.png,1607,98652,2,brain_figshare/png/masks/1607_mask.png,pixel,val
brain_figshare/png/images/1608.png,1608,98652,2,brain_figshare/png/masks/1608_mask.png,pixel,val
brain_figshare/png/images/1609.png,1609,98871,2,brain_figshare/png/masks/1609_mask.png,pixel,train
brain_figshare/png/images/161.png,161,113554,0,brain_figshare/png/masks/161_mask.png,pixel,train
brain_figshare/png/images/1610.png,1610,98871,2,brain_figshare/png/masks/1610_mask.png,pixel,train
brain_figshare/png/images/1611.png,1611,98871,2,brain_figshare/png/masks/1611_mask.png,pixel,train
brain_figshare/png/images/1612.png,1612,98871,2,brain_figshare/png/masks/1612_mask.png,pixel,train
brain_figshare/png/images/1613.png,1613,98871,2,brain_figshare/png/masks/1613_mask.png,pixel,train
brain_figshare/png/images/1614.png,1614,98871,2,brain_figshare/png/masks/1614_mask.png,pixel,train
brain_figshare/png/images/1615.png,1615,98871,2,brain_figshare/png/masks/1615_mask.png,pixel,train
brain_figshare/png/images/1616.png,1616,98874,2,brain_figshare/png/masks/1616_mask.png,pixel,test
brain_figshare/png/images/1617.png,1617,98874,2,brain_figshare/png/masks/1617_mask.png,pixel,test
brain_figshare/png/images/1618.png,1618,98874,2,brain_figshare/png/masks/1618_mask.png,pixel,test
brain_figshare/png/images/1619.png,1619,98874,2,brain_figshare/png/masks/1619_mask.png,pixel,test
brain_figshare/png/images/162.png,162,113554,0,brain_figshare/png/masks/162_mask.png,pixel,train
brain_figshare/png/images/1620.png,1620,98874,2,brain_figshare/png/masks/1620_mask.png,pixel,test
brain_figshare/png/images/1621.png,1621,98992,2,brain_figshare/png/masks/1621_mask.png,pixel,train
brain_figshare/png/images/1622.png,1622,98992,2,brain_figshare/png/masks/1622_mask.png,pixel,train
brain_figshare/png/images/1623.png,1623,98992,2,brain_figshare/png/masks/1623_mask.png,pixel,train
brain_figshare/png/images/1624.png,1624,98992,2,brain_figshare/png/masks/1624_mask.png,pixel,train
brain_figshare/png/images/1625.png,1625,98992,2,brain_figshare/png/masks/1625_mask.png,pixel,train
brain_figshare/png/images/1626.png,1626,98992,2,brain_figshare/png/masks/1626_mask.png,pixel,train
brain_figshare/png/images/1627.png,1627,98992,2,brain_figshare/png/masks/1627_mask.png,pixel,train
brain_figshare/png/images/1628.png,1628,98995,2,brain_figshare/png/masks/1628_mask.png,pixel,test
brain_figshare/png/images/1629.png,1629,98995,2,brain_figshare/png/masks/1629_mask.png,pixel,test
brain_figshare/png/images/163.png,163,113805,0,brain_figshare/png/masks/163_mask.png,pixel,test
brain_figshare/png/images/1630.png,1630,98995,2,brain_figshare/png/masks/1630_mask.png,pixel,test
brain_figshare/png/images/1631.png,1631,98995,2,brain_figshare/png/masks/1631_mask.png,pixel,test
brain_figshare/png/images/1632.png,1632,98995,2,brain_figshare/png/masks/1632_mask.png,pixel,test
brain_figshare/png/images/1633.png,1633,98995,2,brain_figshare/png/masks/1633_mask.png,pixel,test
brain_figshare/png/images/1634.png,1634,99223,2,brain_figshare/png/masks/1634_mask.png,pixel,test
brain_figshare/png/images/1635.png,1635,99223,2,brain_figshare/png/masks/1635_mask.png,pixel,test
brain_figshare/png/images/1636.png,1636,99223,2,brain_figshare/png/masks/1636_mask.png,pixel,test
brain_figshare/png/images/1637.png,1637,99223,2,brain_figshare/png/masks/1637_mask.png,pixel,test
brain_figshare/png/images/1638.png,1638,99223,2,brain_figshare/png/masks/1638_mask.png,pixel,test
brain_figshare/png/images/1639.png,1639,99223,2,brain_figshare/png/masks/1639_mask.png,pixel,test
brain_figshare/png/images/164.png,164,114018,0,brain_figshare/png/masks/164_mask.png,pixel,train
brain_figshare/png/images/1640.png,1640,101017,2,brain_figshare/png/masks/1640_mask.png,pixel,train
brain_figshare/png/images/1641.png,1641,101017,2,brain_figshare/png/masks/1641_mask.png,pixel,train
brain_figshare/png/images/1642.png,1642,101017,2,brain_figshare/png/masks/1642_mask.png,pixel,train
brain_figshare/png/images/1643.png,1643,101017,2,brain_figshare/png/masks/1643_mask.png,pixel,train
brain_figshare/png/images/1644.png,1644,101029,2,brain_figshare/png/masks/1644_mask.png,pixel,val
brain_figshare/png/images/1645.png,1645,101029,2,brain_figshare/png/masks/1645_mask.png,pixel,val
brain_figshare/png/images/1646.png,1646,101029,2,brain_figshare/png/masks/1646_mask.png,pixel,val
brain_figshare/png/images/1647.png,1647,101029,2,brain_figshare/png/masks/1647_mask.png,pixel,val
brain_figshare/png/images/1648.png,1648,101029,2,brain_figshare/png/masks/1648_mask.png,pixel,val
brain_figshare/png/images/1649.png,1649,101029,2,brain_figshare/png/masks/1649_mask.png,pixel,val
brain_figshare/png/images/165.png,165,114018,0,brain_figshare/png/masks/165_mask.png,pixel,train
brain_figshare/png/images/1650.png,1650,101029,2,brain_figshare/png/masks/1650_mask.png,pixel,val
brain_figshare/png/images/1651.png,1651,101145,2,brain_figshare/png/masks/1651_mask.png,pixel,train
brain_figshare/png/images/1652.png,1652,101145,2,brain_figshare/png/masks/1652_mask.png,pixel,train
brain_figshare/png/images/1653.png,1653,101145,2,brain_figshare/png/masks/1653_mask.png,pixel,train
brain_figshare/png/images/1654.png,1654,101145,2,brain_figshare/png/masks/1654_mask.png,pixel,train
brain_figshare/png/images/1655.png,1655,101305,2,brain_figshare/png/masks/1655_mask.png,pixel,train
brain_figshare/png/images/1656.png,1656,101305,2,brain_figshare/png/masks/1656_mask.png,pixel,train
brain_figshare/png/images/1657.png,1657,101305,2,brain_figshare/png/masks/1657_mask.png,pixel,train
brain_figshare/png/images/1658.png,1658,101305,2,brain_figshare/png/masks/1658_mask.png,pixel,train
brain_figshare/png/images/1659.png,1659,101724,2,brain_figshare/png/masks/1659_mask.png,pixel,val
brain_figshare/png/images/166.png,166,114018,0,brain_figshare/png/masks/166_mask.png,pixel,train
brain_figshare/png/images/1660.png,1660,101724,2,brain_figshare/png/masks/1660_mask.png,pixel,val
brain_figshare/png/images/1661.png,1661,101724,2,brain_figshare/png/masks/1661_mask.png,pixel,val
brain_figshare/png/images/1662.png,1662,101724,2,brain_figshare/png/masks/1662_mask.png,pixel,val
brain_figshare/png/images/1663.png,1663,101724,2,brain_figshare/png/masks/1663_mask.png,pixel,val
brain_figshare/png/images/1664.png,1664,101724,2,brain_figshare/png/masks/1664_mask.png,pixel,val
brain_figshare/png/images/1665.png,1665,102648,2,brain_figshare/png/masks/1665_mask.png,pixel,train
brain_figshare/png/images/1666.png,1666,102648,2,brain_figshare/png/masks/1666_mask.png,pixel,train
brain_figshare/png/images/1667.png,1667,102648,2,brain_figshare/png/masks/1667_mask.png,pixel,train
brain_figshare/png/images/1668.png,1668,102648,2,brain_figshare/png/masks/1668_mask.png,pixel,train
brain_figshare/png/images/1669.png,1669,102648,2,brain_figshare/png/masks/1669_mask.png,pixel,train
brain_figshare/png/images/167.png,167,114018,0,brain_figshare/png/masks/167_mask.png,pixel,train
brain_figshare/png/images/1670.png,1670,102648,2,brain_figshare/png/masks/1670_mask.png,pixel,train
brain_figshare/png/images/1671.png,1671,102648,2,brain_figshare/png/masks/1671_mask.png,pixel,train
brain_figshare/png/images/1672.png,1672,102669,2,brain_figshare/png/masks/1672_mask.png,pixel,train
brain_figshare/png/images/1673.png,1673,103046,2,brain_figshare/png/masks/1673_mask.png,pixel,test
brain_figshare/png/images/1674.png,1674,103046,2,brain_figshare/png/masks/1674_mask.png,pixel,test
brain_figshare/png/images/1675.png,1675,103046,2,brain_figshare/png/masks/1675_mask.png,pixel,test
brain_figshare/png/images/1676.png,1676,103046,2,brain_figshare/png/masks/1676_mask.png,pixel,test
brain_figshare/png/images/1677.png,1677,103257,2,brain_figshare/png/masks/1677_mask.png,pixel,val
brain_figshare/png/images/1678.png,1678,103257,2,brain_figshare/png/masks/1678_mask.png,pixel,val
brain_figshare/png/images/1679.png,1679,103257,2,brain_figshare/png/masks/1679_mask.png,pixel,val
brain_figshare/png/images/168.png,168,114018,0,brain_figshare/png/masks/168_mask.png,pixel,train
brain_figshare/png/images/1680.png,1680,103257,2,brain_figshare/png/masks/1680_mask.png,pixel,val
brain_figshare/png/images/1681.png,1681,103257,2,brain_figshare/png/masks/1681_mask.png,pixel,val
brain_figshare/png/images/1682.png,1682,103257,2,brain_figshare/png/masks/1682_mask.png,pixel,val
brain_figshare/png/images/1683.png,1683,103257,2,brain_figshare/png/masks/1683_mask.png,pixel,val
brain_figshare/png/images/1684.png,1684,103478,2,brain_figshare/png/masks/1684_mask.png,pixel,train
brain_figshare/png/images/1685.png,1685,103478,2,brain_figshare/png/masks/1685_mask.png,pixel,train
brain_figshare/png/images/1686.png,1686,103478,2,brain_figshare/png/masks/1686_mask.png,pixel,train
brain_figshare/png/images/1687.png,1687,103478,2,brain_figshare/png/masks/1687_mask.png,pixel,train
brain_figshare/png/images/1688.png,1688,103478,2,brain_figshare/png/masks/1688_mask.png,pixel,train
brain_figshare/png/images/1689.png,1689,103478,2,brain_figshare/png/masks/1689_mask.png,pixel,train
brain_figshare/png/images/169.png,169,114359,0,brain_figshare/png/masks/169_mask.png,pixel,val
brain_figshare/png/images/1690.png,1690,103478,2,brain_figshare/png/masks/1690_mask.png,pixel,train
brain_figshare/png/images/1691.png,1691,103478,2,brain_figshare/png/masks/1691_mask.png,pixel,train
brain_figshare/png/images/1692.png,1692,103582,2,brain_figshare/png/masks/1692_mask.png,pixel,train
brain_figshare/png/images/1693.png,1693,103582,2,brain_figshare/png/masks/1693_mask.png,pixel,train
brain_figshare/png/images/1694.png,1694,103582,2,brain_figshare/png/masks/1694_mask.png,pixel,train
brain_figshare/png/images/1695.png,1695,103582,2,brain_figshare/png/masks/1695_mask.png,pixel,train
brain_figshare/png/images/1696.png,1696,103582,2,brain_figshare/png/masks/1696_mask.png,pixel,train
brain_figshare/png/images/1697.png,1697,103582,2,brain_figshare/png/masks/1697_mask.png,pixel,train
brain_figshare/png/images/1698.png,1698,103582,2,brain_figshare/png/masks/1698_mask.png,pixel,train
brain_figshare/png/images/1699.png,1699,103582,2,brain_figshare/png/masks/1699_mask.png,pixel,train
brain_figshare/png/images/17.png,17,101127,0,brain_figshare/png/masks/17_mask.png,pixel,train
brain_figshare/png/images/170.png,170,114359,0,brain_figshare/png/masks/170_mask.png,pixel,val
brain_figshare/png/images/1700.png,1700,103670,2,brain_figshare/png/masks/1700_mask.png,pixel,train
brain_figshare/png/images/1701.png,1701,103670,2,brain_figshare/png/masks/1701_mask.png,pixel,train
brain_figshare/png/images/1702.png,1702,103670,2,brain_figshare/png/masks/1702_mask.png,pixel,train
brain_figshare/png/images/1703.png,1703,103670,2,brain_figshare/png/masks/1703_mask.png,pixel,train
brain_figshare/png/images/1704.png,1704,103671,2,brain_figshare/png/masks/1704_mask.png,pixel,test
brain_figshare/png/images/1705.png,1705,103671,2,brain_figshare/png/masks/1705_mask.png,pixel,test
brain_figshare/png/images/1706.png,1706,103671,2,brain_figshare/png/masks/1706_mask.png,pixel,test
brain_figshare/png/images/1707.png,1707,103671,2,brain_figshare/png/masks/1707_mask.png,pixel,test
brain_figshare/png/images/1708.png,1708,103671,2,brain_figshare/png/masks/1708_mask.png,pixel,test
brain_figshare/png/images/1709.png,1709,103731,2,brain_figshare/png/masks/1709_mask.png,pixel,train
brain_figshare/png/images/171.png,171,114359,0,brain_figshare/png/masks/171_mask.png,pixel,val
brain_figshare/png/images/1710.png,1710,103731,2,brain_figshare/png/masks/1710_mask.png,pixel,train
brain_figshare/png/images/1711.png,1711,103731,2,brain_figshare/png/masks/1711_mask.png,pixel,train
brain_figshare/png/images/1712.png,1712,103731,2,brain_figshare/png/masks/1712_mask.png,pixel,train
brain_figshare/png/images/1713.png,1713,103731,2,brain_figshare/png/masks/1713_mask.png,pixel,train
brain_figshare/png/images/1714.png,1714,103837,2,brain_figshare/png/masks/1714_mask.png,pixel,val
brain_figshare/png/images/1715.png,1715,103837,2,brain_figshare/png/masks/1715_mask.png,pixel,val
brain_figshare/png/images/1716.png,1716,103837,2,brain_figshare/png/masks/1716_mask.png,pixel,val
brain_figshare/png/images/1717.png,1717,103837,2,brain_figshare/png/masks/1717_mask.png,pixel,val
brain_figshare/png/images/1718.png,1718,103837,2,brain_figshare/png/masks/1718_mask.png,pixel,val
brain_figshare/png/images/1719.png,1719,103837,2,brain_figshare/png/masks/1719_mask.png,pixel,val
brain_figshare/png/images/172.png,172,114359,0,brain_figshare/png/masks/172_mask.png,pixel,val
brain_figshare/png/images/1720.png,1720,103837,2,brain_figshare/png/masks/1720_mask.png,pixel,val
brain_figshare/png/images/1721.png,1721,104019,2,brain_figshare/png/masks/1721_mask.png,pixel,train
brain_figshare/png/images/1722.png,1722,104019,2,brain_figshare/png/masks/1722_mask.png,pixel,train
brain_figshare/png/images/1723.png,1723,104019,2,brain_figshare/png/masks/1723_mask.png,pixel,train
brain_figshare/png/images/1724.png,1724,104019,2,brain_figshare/png/masks/1724_mask.png,pixel,train
brain_figshare/png/images/1725.png,1725,104558,2,brain_figshare/png/masks/1725_mask.png,pixel,train
brain_figshare/png/images/1726.png,1726,104558,2,brain_figshare/png/masks/1726_mask.png,pixel,train
brain_figshare/png/images/1727.png,1727,104558,2,brain_figshare/png/masks/1727_mask.png,pixel,train
brain_figshare/png/images/1728.png,1728,104558,2,brain_figshare/png/masks/1728_mask.png,pixel,train
brain_figshare/png/images/1729.png,1729,104558,2,brain_figshare/png/masks/1729_mask.png,pixel,train
brain_figshare/png/images/173.png,173,114359,0,brain_figshare/png/masks/173_mask.png,pixel,val
brain_figshare/png/images/1730.png,1730,104558,2,brain_figshare/png/masks/1730_mask.png,pixel,train
brain_figshare/png/images/1731.png,1731,104558,2,brain_figshare/png/masks/1731_mask.png,pixel,train
brain_figshare/png/images/1732.png,1732,104558,2,brain_figshare/png/masks/1732_mask.png,pixel,train
brain_figshare/png/images/1733.png,1733,104558,2,brain_figshare/png/masks/1733_mask.png,pixel,train
brain_figshare/png/images/1734.png,1734,104684,2,brain_figshare/png/masks/1734_mask.png,pixel,test
brain_figshare/png/images/1735.png,1735,104684,2,brain_figshare/png/masks/1735_mask.png,pixel,test
brain_figshare/png/images/1736.png,1736,104684,2,brain_figshare/png/masks/1736_mask.png,pixel,test
brain_figshare/png/images/1737.png,1737,104684,2,brain_figshare/png/masks/1737_mask.png,pixel,test
brain_figshare/png/images/1738.png,1738,104684,2,brain_figshare/png/masks/1738_mask.png,pixel,test
brain_figshare/png/images/1739.png,1739,104684,2,brain_figshare/png/masks/1739_mask.png,pixel,test
brain_figshare/png/images/174.png,174,114359,0,brain_figshare/png/masks/174_mask.png,pixel,val
brain_figshare/png/images/1740.png,1740,104684,2,brain_figshare/png/masks/1740_mask.png,pixel,test
brain_figshare/png/images/1741.png,1741,104912,2,brain_figshare/png/masks/1741_mask.png,pixel,test
brain_figshare/png/images/1742.png,1742,104912,2,brain_figshare/png/masks/1742_mask.png,pixel,test
brain_figshare/png/images/1743.png,1743,104912,2,brain_figshare/png/masks/1743_mask.png,pixel,test
brain_figshare/png/images/1744.png,1744,104912,2,brain_figshare/png/masks/1744_mask.png,pixel,test
brain_figshare/png/images/1745.png,1745,104912,2,brain_figshare/png/masks/1745_mask.png,pixel,test
brain_figshare/png/images/1746.png,1746,104912,2,brain_figshare/png/masks/1746_mask.png,pixel,test
brain_figshare/png/images/1747.png,1747,104912,2,brain_figshare/png/masks/1747_mask.png,pixel,test
brain_figshare/png/images/1748.png,1748,105187,2,brain_figshare/png/masks/1748_mask.png,pixel,train
brain_figshare/png/images/1749.png,1749,105187,2,brain_figshare/png/masks/1749_mask.png,pixel,train
brain_figshare/png/images/175.png,175,97607,0,brain_figshare/png/masks/175_mask.png,pixel,train
brain_figshare/png/images/1750.png,1750,105187,2,brain_figshare/png/masks/1750_mask.png,pixel,train
brain_figshare/png/images/1751.png,1751,105187,2,brain_figshare/png/masks/1751_mask.png,pixel,train
brain_figshare/png/images/1752.png,1752,105187,2,brain_figshare/png/masks/1752_mask.png,pixel,train
brain_figshare/png/images/1753.png,1753,105187,2,brain_figshare/png/masks/1753_mask.png,pixel,train
brain_figshare/png/images/1754.png,1754,105475,2,brain_figshare/png/masks/1754_mask.png,pixel,train
brain_figshare/png/images/1755.png,1755,105475,2,brain_figshare/png/masks/1755_mask.png,pixel,train
brain_figshare/png/images/1756.png,1756,105475,2,brain_figshare/png/masks/1756_mask.png,pixel,train
brain_figshare/png/images/1757.png,1757,105475,2,brain_figshare/png/masks/1757_mask.png,pixel,train
brain_figshare/png/images/1758.png,1758,105475,2,brain_figshare/png/masks/1758_mask.png,pixel,train
brain_figshare/png/images/1759.png,1759,105538,2,brain_figshare/png/masks/1759_mask.png,pixel,train
brain_figshare/png/images/176.png,176,97607,0,brain_figshare/png/masks/176_mask.png,pixel,train
brain_figshare/png/images/1760.png,1760,105538,2,brain_figshare/png/masks/1760_mask.png,pixel,train
brain_figshare/png/images/1761.png,1761,105638,2,brain_figshare/png/masks/1761_mask.png,pixel,test
brain_figshare/png/images/1762.png,1762,105638,2,brain_figshare/png/masks/1762_mask.png,pixel,test
brain_figshare/png/images/1763.png,1763,105638,2,brain_figshare/png/masks/1763_mask.png,pixel,test
brain_figshare/png/images/1764.png,1764,105638,2,brain_figshare/png/masks/1764_mask.png,pixel,test
brain_figshare/png/images/1765.png,1765,105638,2,brain_figshare/png/masks/1765_mask.png,pixel,test
brain_figshare/png/images/1766.png,1766,97416,2,brain_figshare/png/masks/1766_mask.png,pixel,train
brain_figshare/png/images/1767.png,1767,97416,2,brain_figshare/png/masks/1767_mask.png,pixel,train
brain_figshare/png/images/1768.png,1768,97416,2,brain_figshare/png/masks/1768_mask.png,pixel,train
brain_figshare/png/images/1769.png,1769,97416,2,brain_figshare/png/masks/1769_mask.png,pixel,train
brain_figshare/png/images/177.png,177,97607,0,brain_figshare/png/masks/177_mask.png,pixel,train
brain_figshare/png/images/1770.png,1770,97416,2,brain_figshare/png/masks/1770_mask.png,pixel,train
brain_figshare/png/images/1771.png,1771,97416,2,brain_figshare/png/masks/1771_mask.png,pixel,train
brain_figshare/png/images/1772.png,1772,97416,2,brain_figshare/png/masks/1772_mask.png,pixel,train
brain_figshare/png/images/1773.png,1773,97461,2,brain_figshare/png/masks/1773_mask.png,pixel,train
brain_figshare/png/images/1774.png,1774,97461,2,brain_figshare/png/masks/1774_mask.png,pixel,train
brain_figshare/png/images/1775.png,1775,97461,2,brain_figshare/png/masks/1775_mask.png,pixel,train
brain_figshare/png/images/1776.png,1776,97461,2,brain_figshare/png/masks/1776_mask.png,pixel,train
brain_figshare/png/images/1777.png,1777,97461,2,brain_figshare/png/masks/1777_mask.png,pixel,train
brain_figshare/png/images/1778.png,1778,97461,2,brain_figshare/png/masks/1778_mask.png,pixel,train
brain_figshare/png/images/1779.png,1779,97461,2,brain_figshare/png/masks/1779_mask.png,pixel,train
brain_figshare/png/images/178.png,178,97607,0,brain_figshare/png/masks/178_mask.png,pixel,train
brain_figshare/png/images/1780.png,1780,97461,2,brain_figshare/png/masks/1780_mask.png,pixel,train
brain_figshare/png/images/1781.png,1781,97481,2,brain_figshare/png/masks/1781_mask.png,pixel,train
brain_figshare/png/images/1782.png,1782,97481,2,brain_figshare/png/masks/1782_mask.png,pixel,train
brain_figshare/png/images/1783.png,1783,97481,2,brain_figshare/png/masks/1783_mask.png,pixel,train
brain_figshare/png/images/1784.png,1784,97481,2,brain_figshare/png/masks/1784_mask.png,pixel,train
brain_figshare/png/images/1785.png,1785,97481,2,brain_figshare/png/masks/1785_mask.png,pixel,train
brain_figshare/png/images/1786.png,1786,97599,2,brain_figshare/png/masks/1786_mask.png,pixel,train
brain_figshare/png/images/1787.png,1787,97599,2,brain_figshare/png/masks/1787_mask.png,pixel,train
brain_figshare/png/images/1788.png,1788,97599,2,brain_figshare/png/masks/1788_mask.png,pixel,train
brain_figshare/png/images/1789.png,1789,97890,2,brain_figshare/png/masks/1789_mask.png,pixel,train
brain_figshare/png/images/179.png,179,97607,0,brain_figshare/png/masks/179_mask.png,pixel,train
brain_figshare/png/images/1790.png,1790,97890,2,brain_figshare/png/masks/1790_mask.png,pixel,train
brain_figshare/png/images/1791.png,1791,97890,2,brain_figshare/png/masks/1791_mask.png,pixel,train
brain_figshare/png/images/1792.png,1792,97890,2,brain_figshare/png/masks/1792_mask.png,pixel,train
brain_figshare/png/images/1793.png,1793,97890,2,brain_figshare/png/masks/1793_mask.png,pixel,train
brain_figshare/png/images/1794.png,1794,97890,2,brain_figshare/png/masks/1794_mask.png,pixel,train
brain_figshare/png/images/1795.png,1795,98472,2,brain_figshare/png/masks/1795_mask.png,pixel,test
brain_figshare/png/images/1796.png,1796,98472,2,brain_figshare/png/masks/1796_mask.png,pixel,test
brain_figshare/png/images/1797.png,1797,98472,2,brain_figshare/png/masks/1797_mask.png,pixel,test
brain_figshare/png/images/1798.png,1798,98472,2,brain_figshare/png/masks/1798_mask.png,pixel,test
brain_figshare/png/images/1799.png,1799,98472,2,brain_figshare/png/masks/1799_mask.png,pixel,test
brain_figshare/png/images/18.png,18,101127,0,brain_figshare/png/masks/18_mask.png,pixel,train
brain_figshare/png/images/180.png,180,97737,0,brain_figshare/png/masks/180_mask.png,pixel,train
brain_figshare/png/images/1800.png,1800,98472,2,brain_figshare/png/masks/1800_mask.png,pixel,test
brain_figshare/png/images/1801.png,1801,98652,2,brain_figshare/png/masks/1801_mask.png,pixel,val
brain_figshare/png/images/1802.png,1802,98652,2,brain_figshare/png/masks/1802_mask.png,pixel,val
brain_figshare/png/images/1803.png,1803,98652,2,brain_figshare/png/masks/1803_mask.png,pixel,val
brain_figshare/png/images/1804.png,1804,98652,2,brain_figshare/png/masks/1804_mask.png,pixel,val
brain_figshare/png/images/1805.png,1805,98652,2,brain_figshare/png/masks/1805_mask.png,pixel,val
brain_figshare/png/images/1806.png,1806,98871,2,brain_figshare/png/masks/1806_mask.png,pixel,train
brain_figshare/png/images/1807.png,1807,98871,2,brain_figshare/png/masks/1807_mask.png,pixel,train
brain_figshare/png/images/1808.png,1808,98871,2,brain_figshare/png/masks/1808_mask.png,pixel,train
brain_figshare/png/images/1809.png,1809,98871,2,brain_figshare/png/masks/1809_mask.png,pixel,train
brain_figshare/png/images/181.png,181,97737,0,brain_figshare/png/masks/181_mask.png,pixel,train
brain_figshare/png/images/1810.png,1810,98871,2,brain_figshare/png/masks/1810_mask.png,pixel,train
brain_figshare/png/images/1811.png,1811,98871,2,brain_figshare/png/masks/1811_mask.png,pixel,train
brain_figshare/png/images/1812.png,1812,98871,2,brain_figshare/png/masks/1812_mask.png,pixel,train
brain_figshare/png/images/1813.png,1813,98874,2,brain_figshare/png/masks/1813_mask.png,pixel,test
brain_figshare/png/images/1814.png,1814,98874,2,brain_figshare/png/masks/1814_mask.png,pixel,test
brain_figshare/png/images/1815.png,1815,98874,2,brain_figshare/png/masks/1815_mask.png,pixel,test
brain_figshare/png/images/1816.png,1816,98874,2,brain_figshare/png/masks/1816_mask.png,pixel,test
brain_figshare/png/images/1817.png,1817,98874,2,brain_figshare/png/masks/1817_mask.png,pixel,test
brain_figshare/png/images/1818.png,1818,98874,2,brain_figshare/png/masks/1818_mask.png,pixel,test
brain_figshare/png/images/1819.png,1819,98992,2,brain_figshare/png/masks/1819_mask.png,pixel,train
brain_figshare/png/images/182.png,182,97737,0,brain_figshare/png/masks/182_mask.png,pixel,train
brain_figshare/png/images/1820.png,1820,98992,2,brain_figshare/png/masks/1820_mask.png,pixel,train
brain_figshare/png/images/1821.png,1821,98992,2,brain_figshare/png/masks/1821_mask.png,pixel,train
brain_figshare/png/images/1822.png,1822,98992,2,brain_figshare/png/masks/1822_mask.png,pixel,train
brain_figshare/png/images/1823.png,1823,98992,2,brain_figshare/png/masks/1823_mask.png,pixel,train
brain_figshare/png/images/1824.png,1824,98992,2,brain_figshare/png/masks/1824_mask.png,pixel,train
brain_figshare/png/images/1825.png,1825,98992,2,brain_figshare/png/masks/1825_mask.png,pixel,train
brain_figshare/png/images/1826.png,1826,98992,2,brain_figshare/png/masks/1826_mask.png,pixel,train
brain_figshare/png/images/1827.png,1827,98992,2,brain_figshare/png/masks/1827_mask.png,pixel,train
brain_figshare/png/images/1828.png,1828,98992,2,brain_figshare/png/masks/1828_mask.png,pixel,train
brain_figshare/png/images/1829.png,1829,98992,2,brain_figshare/png/masks/1829_mask.png,pixel,train
brain_figshare/png/images/183.png,183,97737,0,brain_figshare/png/masks/183_mask.png,pixel,train
brain_figshare/png/images/1830.png,1830,98995,2,brain_figshare/png/masks/1830_mask.png,pixel,test
brain_figshare/png/images/1831.png,1831,98995,2,brain_figshare/png/masks/1831_mask.png,pixel,test
brain_figshare/png/images/1832.png,1832,98995,2,brain_figshare/png/masks/1832_mask.png,pixel,test
brain_figshare/png/images/1833.png,1833,98995,2,brain_figshare/png/masks/1833_mask.png,pixel,test
brain_figshare/png/images/1834.png,1834,98995,2,brain_figshare/png/masks/1834_mask.png,pixel,test
brain_figshare/png/images/1835.png,1835,99223,2,brain_figshare/png/masks/1835_mask.png,pixel,test
brain_figshare/png/images/1836.png,1836,99223,2,brain_figshare/png/masks/1836_mask.png,pixel,test
brain_figshare/png/images/1837.png,1837,99223,2,brain_figshare/png/masks/1837_mask.png,pixel,test
brain_figshare/png/images/1838.png,1838,99223,2,brain_figshare/png/masks/1838_mask.png,pixel,test
brain_figshare/png/images/1839.png,1839,99223,2,brain_figshare/png/masks/1839_mask.png,pixel,test
brain_figshare/png/images/184.png,184,97875,0,brain_figshare/png/masks/184_mask.png,pixel,train
brain_figshare/png/images/1840.png,1840,99223,2,brain_figshare/png/masks/1840_mask.png,pixel,test
brain_figshare/png/images/1841.png,1841,MR048294,1,brain_figshare/png/masks/1841_mask.png,pixel,train
brain_figshare/png/images/1842.png,1842,MR048294,1,brain_figshare/png/masks/1842_mask.png,pixel,train
brain_figshare/png/images/1843.png,1843,MR048294,1,brain_figshare/png/masks/1843_mask.png,pixel,train
brain_figshare/png/images/1844.png,1844,MR048294,1,brain_figshare/png/masks/1844_mask.png,pixel,train
brain_figshare/png/images/1845.png,1845,MR048294,1,brain_figshare/png/masks/1845_mask.png,pixel,train
brain_figshare/png/images/1846.png,1846,MR048294,1,brain_figshare/png/masks/1846_mask.png,pixel,train
brain_figshare/png/images/1847.png,1847,MR048294,1,brain_figshare/png/masks/1847_mask.png,pixel,train
brain_figshare/png/images/1848.png,1848,MR048294,1,brain_figshare/png/masks/1848_mask.png,pixel,train
brain_figshare/png/images/1849.png,1849,MR048297,1,brain_figshare/png/masks/1849_mask.png,pixel,train
brain_figshare/png/images/185.png,185,97875,0,brain_figshare/png/masks/185_mask.png,pixel,train
brain_figshare/png/images/1850.png,1850,MR048297,1,brain_figshare/png/masks/1850_mask.png,pixel,train
brain_figshare/png/images/1851.png,1851,MR048297,1,brain_figshare/png/masks/1851_mask.png,pixel,train
brain_figshare/png/images/1852.png,1852,MR048297,1,brain_figshare/png/masks/1852_mask.png,pixel,train
brain_figshare/png/images/1853.png,1853,MR048294B,1,brain_figshare/png/masks/1853_mask.png,pixel,train
brain_figshare/png/images/1854.png,1854,MR048621B,1,brain_figshare/png/masks/1854_mask.png,pixel,train
brain_figshare/png/images/1855.png,1855,MR048621B,1,brain_figshare/png/masks/1855_mask.png,pixel,train
brain_figshare/png/images/1856.png,1856,MR048621B,1,brain_figshare/png/masks/1856_mask.png,pixel,train
brain_figshare/png/images/1857.png,1857,MR048621B,1,brain_figshare/png/masks/1857_mask.png,pixel,train
brain_figshare/png/images/1858.png,1858,MR048621B,1,brain_figshare/png/masks/1858_mask.png,pixel,train
brain_figshare/png/images/1859.png,1859,MR048621B,1,brain_figshare/png/masks/1859_mask.png,pixel,train
brain_figshare/png/images/186.png,186,97875,0,brain_figshare/png/masks/186_mask.png,pixel,train
brain_figshare/png/images/1860.png,1860,MR048621B,1,brain_figshare/png/masks/1860_mask.png,pixel,train
brain_figshare/png/images/1861.png,1861,MR048621B,1,brain_figshare/png/masks/1861_mask.png,pixel,train
brain_figshare/png/images/1862.png,1862,MR048944,1,brain_figshare/png/masks/1862_mask.png,pixel,test
brain_figshare/png/images/1863.png,1863,MR048944,1,brain_figshare/png/masks/1863_mask.png,pixel,test
brain_figshare/png/images/1864.png,1864,MR048944,1,brain_figshare/png/masks/1864_mask.png,pixel,test
brain_figshare/png/images/1865.png,1865,MR048944,1,brain_figshare/png/masks/1865_mask.png,pixel,test
brain_figshare/png/images/1866.png,1866,MR048944,1,brain_figshare/png/masks/1866_mask.png,pixel,test
brain_figshare/png/images/1867.png,1867,MR048944,1,brain_figshare/png/masks/1867_mask.png,pixel,test
brain_figshare/png/images/1868.png,1868,MR048944,1,brain_figshare/png/masks/1868_mask.png,pixel,test
brain_figshare/png/images/1869.png,1869,MR048944,1,brain_figshare/png/masks/1869_mask.png,pixel,test
brain_figshare/png/images/187.png,187,97943,0,brain_figshare/png/masks/187_mask.png,pixel,train
brain_figshare/png/images/1870.png,1870,MR048994,1,brain_figshare/png/masks/1870_mask.png,pixel,train
brain_figshare/png/images/1871.png,1871,MR048994,1,brain_figshare/png/masks/1871_mask.png,pixel,train
brain_figshare/png/images/1872.png,1872,MR048994,1,brain_figshare/png/masks/1872_mask.png,pixel,train
brain_figshare/png/images/1873.png,1873,MR048994,1,brain_figshare/png/masks/1873_mask.png,pixel,train
brain_figshare/png/images/1874.png,1874,MR048994,1,brain_figshare/png/masks/1874_mask.png,pixel,train
brain_figshare/png/images/1875.png,1875,MR048994,1,brain_figshare/png/masks/1875_mask.png,pixel,train
brain_figshare/png/images/1876.png,1876,MR048994,1,brain_figshare/png/masks/1876_mask.png,pixel,train
brain_figshare/png/images/1877.png,1877,MR048994,1,brain_figshare/png/masks/1877_mask.png,pixel,train
brain_figshare/png/images/1878.png,1878,MR048994,1,brain_figshare/png/masks/1878_mask.png,pixel,train
brain_figshare/png/images/1879.png,1879,MR049104,1,brain_figshare/png/masks/1879_mask.png,pixel,train
brain_figshare/png/images/188.png,188,97943,0,brain_figshare/png/masks/188_mask.png,pixel,train
brain_figshare/png/images/1880.png,1880,MR049104,1,brain_figshare/png/masks/1880_mask.png,pixel,train
brain_figshare/png/images/1881.png,1881,MR049142,1,brain_figshare/png/masks/1881_mask.png,pixel,val
brain_figshare/png/images/1882.png,1882,MR049142,1,brain_figshare/png/masks/1882_mask.png,pixel,val
brain_figshare/png/images/1883.png,1883,MR049142,1,brain_figshare/png/masks/1883_mask.png,pixel,val
brain_figshare/png/images/1884.png,1884,MR049142,1,brain_figshare/png/masks/1884_mask.png,pixel,val
brain_figshare/png/images/1885.png,1885,MR048994B,1,brain_figshare/png/masks/1885_mask.png,pixel,train
brain_figshare/png/images/1886.png,1886,MR048994B,1,brain_figshare/png/masks/1886_mask.png,pixel,train
brain_figshare/png/images/1887.png,1887,MR048994B,1,brain_figshare/png/masks/1887_mask.png,pixel,train
brain_figshare/png/images/1888.png,1888,MR048994B,1,brain_figshare/png/masks/1888_mask.png,pixel,train
brain_figshare/png/images/1889.png,1889,MR048994B,1,brain_figshare/png/masks/1889_mask.png,pixel,train
brain_figshare/png/images/189.png,189,97943,0,brain_figshare/png/masks/189_mask.png,pixel,train
brain_figshare/png/images/1890.png,1890,MR048994B,1,brain_figshare/png/masks/1890_mask.png,pixel,train
brain_figshare/png/images/1891.png,1891,MR048994B,1,brain_figshare/png/masks/1891_mask.png,pixel,train
brain_figshare/png/images/1892.png,1892,MR048994B,1,brain_figshare/png/masks/1892_mask.png,pixel,train
brain_figshare/png/images/1893.png,1893,MR048944B,1,brain_figshare/png/masks/1893_mask.png,pixel,val
brain_figshare/png/images/1894.png,1894,MR048944B,1,brain_figshare/png/masks/1894_mask.png,pixel,val
brain_figshare/png/images/1895.png,1895,MR048944B,1,brain_figshare/png/masks/1895_mask.png,pixel,val
brain_figshare/png/images/1896.png,1896,MR048944B,1,brain_figshare/png/masks/1896_mask.png,pixel,val
brain_figshare/png/images/1897.png,1897,MR048944B,1,brain_figshare/png/masks/1897_mask.png,pixel,val
brain_figshare/png/images/1898.png,1898,MR048944B,1,brain_figshare/png/masks/1898_mask.png,pixel,val
brain_figshare/png/images/1899.png,1899,MR049358,1,brain_figshare/png/masks/1899_mask.png,pixel,val
brain_figshare/png/images/19.png,19,101127,0,brain_figshare/png/masks/19_mask.png,pixel,train
brain_figshare/png/images/190.png,190,97943,0,brain_figshare/png/masks/190_mask.png,pixel,train
brain_figshare/png/images/1900.png,1900,MR049358,1,brain_figshare/png/masks/1900_mask.png,pixel,val
brain_figshare/png/images/1901.png,1901,MR049358,1,brain_figshare/png/masks/1901_mask.png,pixel,val
brain_figshare/png/images/1902.png,1902,MR049358,1,brain_figshare/png/masks/1902_mask.png,pixel,val
brain_figshare/png/images/1903.png,1903,MR049358,1,brain_figshare/png/masks/1903_mask.png,pixel,val
brain_figshare/png/images/1904.png,1904,MR049358,1,brain_figshare/png/masks/1904_mask.png,pixel,val
brain_figshare/png/images/1905.png,1905,MR049358,1,brain_figshare/png/masks/1905_mask.png,pixel,val
brain_figshare/png/images/1906.png,1906,MR049358,1,brain_figshare/png/masks/1906_mask.png,pixel,val
brain_figshare/png/images/1907.png,1907,MR049358,1,brain_figshare/png/masks/1907_mask.png,pixel,val
brain_figshare/png/images/1908.png,1908,MR049358,1,brain_figshare/png/masks/1908_mask.png,pixel,val
brain_figshare/png/images/1909.png,1909,MR049104B,1,brain_figshare/png/masks/1909_mask.png,pixel,train
brain_figshare/png/images/191.png,191,97943,0,brain_figshare/png/masks/191_mask.png,pixel,train
brain_figshare/png/images/1910.png,1910,MR049104B,1,brain_figshare/png/masks/1910_mask.png,pixel,train
brain_figshare/png/images/1911.png,1911,MR049104B,1,brain_figshare/png/masks/1911_mask.png,pixel,train
brain_figshare/png/images/1912.png,1912,MR049104B,1,brain_figshare/png/masks/1912_mask.png,pixel,train
brain_figshare/png/images/1913.png,1913,MR049104B,1,brain_figshare/png/masks/1913_mask.png,pixel,train
brain_figshare/png/images/1914.png,1914,MR049453,1,brain_figshare/png/masks/1914_mask.png,pixel,test
brain_figshare/png/images/1915.png,1915,MR049453,1,brain_figshare/png/masks/1915_mask.png,pixel,test
brain_figshare/png/images/1916.png,1916,MR049453,1,brain_figshare/png/masks/1916_mask.png,pixel,test
brain_figshare/png/images/1917.png,1917,MR049453,1,brain_figshare/png/masks/1917_mask.png,pixel,test
brain_figshare/png/images/1918.png,1918,MR049453,1,brain_figshare/png/masks/1918_mask.png,pixel,test
brain_figshare/png/images/1919.png,1919,MR049453,1,brain_figshare/png/masks/1919_mask.png,pixel,test
brain_figshare/png/images/192.png,192,98241,0,brain_figshare/png/masks/192_mask.png,pixel,train
brain_figshare/png/images/1920.png,1920,MR049453,1,brain_figshare/png/masks/1920_mask.png,pixel,test
brain_figshare/png/images/1921.png,1921,MR024780G,1,brain_figshare/png/masks/1921_mask.png,pixel,train
brain_figshare/png/images/1922.png,1922,MR024780G,1,brain_figshare/png/masks/1922_mask.png,pixel,train
brain_figshare/png/images/1923.png,1923,MR024780G,1,brain_figshare/png/masks/1923_mask.png,pixel,train
brain_figshare/png/images/1924.png,1924,MR024780G,1,brain_figshare/png/masks/1924_mask.png,pixel,train
brain_figshare/png/images/1925.png,1925,MR024780G,1,brain_figshare/png/masks/1925_mask.png,pixel,train
brain_figshare/png/images/1926.png,1926,MR024780G,1,brain_figshare/png/masks/1926_mask.png,pixel,train
brain_figshare/png/images/1927.png,1927,MR024780G,1,brain_figshare/png/masks/1927_mask.png,pixel,train
brain_figshare/png/images/1928.png,1928,MR024780G,1,brain_figshare/png/masks/1928_mask.png,pixel,train
brain_figshare/png/images/1929.png,1929,MR024780G,1,brain_figshare/png/masks/1929_mask.png,pixel,train
brain_figshare/png/images/193.png,193,98241,0,brain_figshare/png/masks/193_mask.png,pixel,train
brain_figshare/png/images/1930.png,1930,MR024780G,1,brain_figshare/png/masks/1930_mask.png,pixel,train
brain_figshare/png/images/1931.png,1931,MR024780G,1,brain_figshare/png/masks/1931_mask.png,pixel,train
brain_figshare/png/images/1932.png,1932,MR024780G,1,brain_figshare/png/masks/1932_mask.png,pixel,train
brain_figshare/png/images/1933.png,1933,MR024780G,1,brain_figshare/png/masks/1933_mask.png,pixel,train
brain_figshare/png/images/1934.png,1934,MR024780G,1,brain_figshare/png/masks/1934_mask.png,pixel,train
brain_figshare/png/images/1935.png,1935,MR024780G,1,brain_figshare/png/masks/1935_mask.png,pixel,train
brain_figshare/png/images/1936.png,1936,MR024780G,1,brain_figshare/png/masks/1936_mask.png,pixel,train
brain_figshare/png/images/1937.png,1937,MR049453B,1,brain_figshare/png/masks/1937_mask.png,pixel,test
brain_figshare/png/images/1938.png,1938,MR049453B,1,brain_figshare/png/masks/1938_mask.png,pixel,test
brain_figshare/png/images/1939.png,1939,MR049453B,1,brain_figshare/png/masks/1939_mask.png,pixel,test
brain_figshare/png/images/194.png,194,98241,0,brain_figshare/png/masks/194_mask.png,pixel,train
brain_figshare/png/images/1940.png,1940,MR049453B,1,brain_figshare/png/masks/1940_mask.png,pixel,test
brain_figshare/png/images/1941.png,1941,MR049453B,1,brain_figshare/png/masks/1941_mask.png,pixel,test
brain_figshare/png/images/1942.png,1942,MR049453B,1,brain_figshare/png/masks/1942_mask.png,pixel,test
brain_figshare/png/images/1943.png,1943,MR049453B,1,brain_figshare/png/masks/1943_mask.png,pixel,test
brain_figshare/png/images/1944.png,1944,MR049453B,1,brain_figshare/png/masks/1944_mask.png,pixel,test
brain_figshare/png/images/1945.png,1945,MR048294B,1,brain_figshare/png/masks/1945_mask.png,pixel,train
brain_figshare/png/images/1946.png,1946,MR048294B,1,brain_figshare/png/masks/1946_mask.png,pixel,train
brain_figshare/png/images/1947.png,1947,MR048294B,1,brain_figshare/png/masks/1947_mask.png,pixel,train
brain_figshare/png/images/1948.png,1948,MR048621B,1,brain_figshare/png/masks/1948_mask.png,pixel,train
brain_figshare/png/images/1949.png,1949,MR048621B,1,brain_figshare/png/masks/1949_mask.png,pixel,train
brain_figshare/png/images/195.png,195,98241,0,brain_figshare/png/masks/195_mask.png,pixel,train
brain_figshare/png/images/1950.png,1950,MR050135B,1,brain_figshare/png/masks/1950_mask.png,pixel,train
brain_figshare/png/images/1951.png,1951,MR050135B,1,brain_figshare/png/masks/1951_mask.png,pixel,train
brain_figshare/png/images/1952.png,1952,MR050135B,1,brain_figshare/png/masks/1952_mask.png,pixel,train
brain_figshare/png/images/1953.png,1953,MR050135B,1,brain_figshare/png/masks/1953_mask.png,pixel,train
brain_figshare/png/images/1954.png,1954,MR050135B,1,brain_figshare/png/masks/1954_mask.png,pixel,train
brain_figshare/png/images/1955.png,1955,MR050135B,1,brain_figshare/png/masks/1955_mask.png,pixel,train
brain_figshare/png/images/1956.png,1956,MR050135B,1,brain_figshare/png/masks/1956_mask.png,pixel,train
brain_figshare/png/images/1957.png,1957,MR050135B,1,brain_figshare/png/masks/1957_mask.png,pixel,train
brain_figshare/png/images/1958.png,1958,MR050135B,1,brain_figshare/png/masks/1958_mask.png,pixel,train
brain_figshare/png/images/1959.png,1959,MR050135B,1,brain_figshare/png/masks/1959_mask.png,pixel,train
brain_figshare/png/images/196.png,196,98241,0,brain_figshare/png/masks/196_mask.png,pixel,train
brain_figshare/png/images/1960.png,1960,MR050135B,1,brain_figshare/png/masks/1960_mask.png,pixel,train
brain_figshare/png/images/1961.png,1961,MR050135B,1,brain_figshare/png/masks/1961_mask.png,pixel,train
brain_figshare/png/images/1962.png,1962,MR050135B,1,brain_figshare/png/masks/1962_mask.png,pixel,train
brain_figshare/png/images/1963.png,1963,MR050135B,1,brain_figshare/png/masks/1963_mask.png,pixel,train
brain_figshare/png/images/1964.png,1964,MR050687,1,brain_figshare/png/masks/1964_mask.png,pixel,train
brain_figshare/png/images/1965.png,1965,MR050687,1,brain_figshare/png/masks/1965_mask.png,pixel,train
brain_figshare/png/images/1966.png,1966,MR050687,1,brain_figshare/png/masks/1966_mask.png,pixel,train
brain_figshare/png/images/1967.png,1967,MR050687,1,brain_figshare/png/masks/1967_mask.png,pixel,train
brain_figshare/png/images/1968.png,1968,MR050687,1,brain_figshare/png/masks/1968_mask.png,pixel,train
brain_figshare/png/images/1969.png,1969,MR050687,1,brain_figshare/png/masks/1969_mask.png,pixel,train
brain_figshare/png/images/197.png,197,98241,0,brain_figshare/png/masks/197_mask.png,pixel,train
brain_figshare/png/images/1970.png,1970,MR050687,1,brain_figshare/png/masks/1970_mask.png,pixel,train
brain_figshare/png/images/1971.png,1971,MR050687,1,brain_figshare/png/masks/1971_mask.png,pixel,train
brain_figshare/png/images/1972.png,1972,MR050687,1,brain_figshare/png/masks/1972_mask.png,pixel,train
brain_figshare/png/images/1973.png,1973,MR050687,1,brain_figshare/png/masks/1973_mask.png,pixel,train
brain_figshare/png/images/1974.png,1974,MR050791B,1,brain_figshare/png/masks/1974_mask.png,pixel,train
brain_figshare/png/images/1975.png,1975,MR050791B,1,brain_figshare/png/masks/1975_mask.png,pixel,train
brain_figshare/png/images/1976.png,1976,MR050791B,1,brain_figshare/png/masks/1976_mask.png,pixel,train
brain_figshare/png/images/1977.png,1977,MR050791B,1,brain_figshare/png/masks/1977_mask.png,pixel,train
brain_figshare/png/images/1978.png,1978,MR050791B,1,brain_figshare/png/masks/1978_mask.png,pixel,train
brain_figshare/png/images/1979.png,1979,MR050791B,1,brain_figshare/png/masks/1979_mask.png,pixel,train
brain_figshare/png/images/198.png,198,99017,0,brain_figshare/png/masks/198_mask.png,pixel,val
brain_figshare/png/images/1980.png,1980,MR050791B,1,brain_figshare/png/masks/1980_mask.png,pixel,train
brain_figshare/png/images/1981.png,1981,MR050791B,1,brain_figshare/png/masks/1981_mask.png,pixel,train
brain_figshare/png/images/1982.png,1982,MR050791B,1,brain_figshare/png/masks/1982_mask.png,pixel,train
brain_figshare/png/images/1983.png,1983,MR050791B,1,brain_figshare/png/masks/1983_mask.png,pixel,train
brain_figshare/png/images/1984.png,1984,MR049019C,1,brain_figshare/png/masks/1984_mask.png,pixel,test
brain_figshare/png/images/1985.png,1985,MR049019C,1,brain_figshare/png/masks/1985_mask.png,pixel,test
brain_figshare/png/images/1986.png,1986,MR049019C,1,brain_figshare/png/masks/1986_mask.png,pixel,test
brain_figshare/png/images/1987.png,1987,MR026175C,1,brain_figshare/png/masks/1987_mask.png,pixel,train
brain_figshare/png/images/1988.png,1988,MR026175C,1,brain_figshare/png/masks/1988_mask.png,pixel,train
brain_figshare/png/images/1989.png,1989,MR026175C,1,brain_figshare/png/masks/1989_mask.png,pixel,train
brain_figshare/png/images/199.png,199,99017,0,brain_figshare/png/masks/199_mask.png,pixel,val
brain_figshare/png/images/1990.png,1990,MR026175C,1,brain_figshare/png/masks/1990_mask.png,pixel,train
brain_figshare/png/images/1991.png,1991,MR026175C,1,brain_figshare/png/masks/1991_mask.png,pixel,train
brain_figshare/png/images/1992.png,1992,MR026175C,1,brain_figshare/png/masks/1992_mask.png,pixel,train
brain_figshare/png/images/1993.png,1993,MR026175C,1,brain_figshare/png/masks/1993_mask.png,pixel,train
brain_figshare/png/images/1994.png,1994,MR026175C,1,brain_figshare/png/masks/1994_mask.png,pixel,train
brain_figshare/png/images/1995.png,1995,MR026175C,1,brain_figshare/png/masks/1995_mask.png,pixel,train
brain_figshare/png/images/1996.png,1996,MR026175C,1,brain_figshare/png/masks/1996_mask.png,pixel,train
brain_figshare/png/images/1997.png,1997,MR026175C,1,brain_figshare/png/masks/1997_mask.png,pixel,train
brain_figshare/png/images/1998.png,1998,MR051461,1,brain_figshare/png/masks/1998_mask.png,pixel,train
brain_figshare/png/images/1999.png,1999,MR051461,1,brain_figshare/png/masks/1999_mask.png,pixel,train
brain_figshare/png/images/2.png,2,100360,0,brain_figshare/png/masks/2_mask.png,pixel,train
brain_figshare/png/images/20.png,20,101797,0,brain_figshare/png/masks/20_mask.png,pixel,train
brain_figshare/png/images/200.png,200,99089,0,brain_figshare/png/masks/200_mask.png,pixel,test
brain_figshare/png/images/2000.png,2000,MR051461,1,brain_figshare/png/masks/2000_mask.png,pixel,train
brain_figshare/png/images/2001.png,2001,MR051461,1,brain_figshare/png/masks/2001_mask.png,pixel,train
brain_figshare/png/images/2002.png,2002,MR051461,1,brain_figshare/png/masks/2002_mask.png,pixel,train
brain_figshare/png/images/2003.png,2003,MR051461,1,brain_figshare/png/masks/2003_mask.png,pixel,train
brain_figshare/png/images/2004.png,2004,MR051461,1,brain_figshare/png/masks/2004_mask.png,pixel,train
brain_figshare/png/images/2005.png,2005,MR051586,1,brain_figshare/png/masks/2005_mask.png,pixel,train
brain_figshare/png/images/2006.png,2006,MR051586,1,brain_figshare/png/masks/2006_mask.png,pixel,train
brain_figshare/png/images/2007.png,2007,MR051586,1,brain_figshare/png/masks/2007_mask.png,pixel,train
brain_figshare/png/images/2008.png,2008,MR051586,1,brain_figshare/png/masks/2008_mask.png,pixel,train
brain_figshare/png/images/2009.png,2009,MR051586,1,brain_figshare/png/masks/2009_mask.png,pixel,train
brain_figshare/png/images/201.png,201,99089,0,brain_figshare/png/masks/201_mask.png,pixel,test
brain_figshare/png/images/2010.png,2010,MR051586,1,brain_figshare/png/masks/2010_mask.png,pixel,train
brain_figshare/png/images/2011.png,2011,MR051586,1,brain_figshare/png/masks/2011_mask.png,pixel,train
brain_figshare/png/images/2012.png,2012,MR051461B,1,brain_figshare/png/masks/2012_mask.png,pixel,train
brain_figshare/png/images/2013.png,2013,MR051461B,1,brain_figshare/png/masks/2013_mask.png,pixel,train
brain_figshare/png/images/2014.png,2014,MR051461B,1,brain_figshare/png/masks/2014_mask.png,pixel,train
brain_figshare/png/images/2015.png,2015,MR051461B,1,brain_figshare/png/masks/2015_mask.png,pixel,train
brain_figshare/png/images/2016.png,2016,MR051461B,1,brain_figshare/png/masks/2016_mask.png,pixel,train
brain_figshare/png/images/2017.png,2017,MR051644,1,brain_figshare/png/masks/2017_mask.png,pixel,train
brain_figshare/png/images/2018.png,2018,MR051644,1,brain_figshare/png/masks/2018_mask.png,pixel,train
brain_figshare/png/images/2019.png,2019,MR051644,1,brain_figshare/png/masks/2019_mask.png,pixel,train
brain_figshare/png/images/202.png,202,99089,0,brain_figshare/png/masks/202_mask.png,pixel,test
brain_figshare/png/images/2020.png,2020,MR051644,1,brain_figshare/png/masks/2020_mask.png,pixel,train
brain_figshare/png/images/2021.png,2021,MR051644,1,brain_figshare/png/masks/2021_mask.png,pixel,train
brain_figshare/png/images/2022.png,2022,MR051644,1,brain_figshare/png/masks/2022_mask.png,pixel,train
brain_figshare/png/images/2023.png,2023,MR051644,1,brain_figshare/png/masks/2023_mask.png,pixel,train
brain_figshare/png/images/2024.png,2024,MR051644,1,brain_figshare/png/masks/2024_mask.png,pixel,train
brain_figshare/png/images/2025.png,2025,MR051644,1,brain_figshare/png/masks/2025_mask.png,pixel,train
brain_figshare/png/images/2026.png,2026,MR051644,1,brain_figshare/png/masks/2026_mask.png,pixel,train
brain_figshare/png/images/2027.png,2027,MR051644,1,brain_figshare/png/masks/2027_mask.png,pixel,train
brain_figshare/png/images/2028.png,2028,MR051644,1,brain_figshare/png/masks/2028_mask.png,pixel,train
brain_figshare/png/images/2029.png,2029,MR051644,1,brain_figshare/png/masks/2029_mask.png,pixel,train
brain_figshare/png/images/203.png,203,99288,0,brain_figshare/png/masks/203_mask.png,pixel,test
brain_figshare/png/images/2030.png,2030,MR051644,1,brain_figshare/png/masks/2030_mask.png,pixel,train
brain_figshare/png/images/2031.png,2031,MR051644,1,brain_figshare/png/masks/2031_mask.png,pixel,train
brain_figshare/png/images/2032.png,2032,MR051651,1,brain_figshare/png/masks/2032_mask.png,pixel,test
brain_figshare/png/images/2033.png,2033,MR051651,1,brain_figshare/png/masks/2033_mask.png,pixel,test
brain_figshare/png/images/2034.png,2034,MR051651,1,brain_figshare/png/masks/2034_mask.png,pixel,test
brain_figshare/png/images/2035.png,2035,MR051651,1,brain_figshare/png/masks/2035_mask.png,pixel,test
brain_figshare/png/images/2036.png,2036,MR051651,1,brain_figshare/png/masks/2036_mask.png,pixel,test
brain_figshare/png/images/2037.png,2037,MR051651,1,brain_figshare/png/masks/2037_mask.png,pixel,test
brain_figshare/png/images/2038.png,2038,MR051796,1,brain_figshare/png/masks/2038_mask.png,pixel,train
brain_figshare/png/images/2039.png,2039,MR051796,1,brain_figshare/png/masks/2039_mask.png,pixel,train
brain_figshare/png/images/204.png,204,99308,0,brain_figshare/png/masks/204_mask.png,pixel,test
brain_figshare/png/images/2040.png,2040,MR051796,1,brain_figshare/png/masks/2040_mask.png,pixel,train
brain_figshare/png/images/2041.png,2041,MR051796,1,brain_figshare/png/masks/2041_mask.png,pixel,train
brain_figshare/png/images/2042.png,2042,MR051796,1,brain_figshare/png/masks/2042_mask.png,pixel,train
brain_figshare/png/images/2043.png,2043,MR051796,1,brain_figshare/png/masks/2043_mask.png,pixel,train
brain_figshare/png/images/2044.png,2044,MR051796,1,brain_figshare/png/masks/2044_mask.png,pixel,train
brain_figshare/png/images/2045.png,2045,MR051651B,1,brain_figshare/png/masks/2045_mask.png,pixel,test
brain_figshare/png/images/2046.png,2046,MR051651B,1,brain_figshare/png/masks/2046_mask.png,pixel,test
brain_figshare/png/images/2047.png,2047,MR051651B,1,brain_figshare/png/masks/2047_mask.png,pixel,test
brain_figshare/png/images/2048.png,2048,MR051651B,1,brain_figshare/png/masks/2048_mask.png,pixel,test
brain_figshare/png/images/2049.png,2049,MR051651B,1,brain_figshare/png/masks/2049_mask.png,pixel,test
brain_figshare/png/images/205.png,205,99308,0,brain_figshare/png/masks/205_mask.png,pixel,test
brain_figshare/png/images/2050.png,2050,MR051651B,1,brain_figshare/png/masks/2050_mask.png,pixel,test
brain_figshare/png/images/2051.png,2051,MR051644B,1,brain_figshare/png/masks/2051_mask.png,pixel,test
brain_figshare/png/images/2052.png,2052,MR051644B,1,brain_figshare/png/masks/2052_mask.png,pixel,test
brain_figshare/png/images/2053.png,2053,MR051644B,1,brain_figshare/png/masks/2053_mask.png,pixel,test
brain_figshare/png/images/2054.png,2054,MR051644B,1,brain_figshare/png/masks/2054_mask.png,pixel,test
brain_figshare/png/images/2055.png,2055,MR051644B,1,brain_figshare/png/masks/2055_mask.png,pixel,test
brain_figshare/png/images/2056.png,2056,MR051644B,1,brain_figshare/png/masks/2056_mask.png,pixel,test
brain_figshare/png/images/2057.png,2057,MR051644B,1,brain_figshare/png/masks/2057_mask.png,pixel,test
brain_figshare/png/images/2058.png,2058,MR051796B,1,brain_figshare/png/masks/2058_mask.png,pixel,train
brain_figshare/png/images/2059.png,2059,MR051796B,1,brain_figshare/png/masks/2059_mask.png,pixel,train
brain_figshare/png/images/206.png,206,99308,0,brain_figshare/png/masks/206_mask.png,pixel,test
brain_figshare/png/images/2060.png,2060,MR051796B,1,brain_figshare/png/masks/2060_mask.png,pixel,train
brain_figshare/png/images/2061.png,2061,MR052550,1,brain_figshare/png/masks/2061_mask.png,pixel,train
brain_figshare/png/images/2062.png,2062,MR052550,1,brain_figshare/png/masks/2062_mask.png,pixel,train
brain_figshare/png/images/2063.png,2063,MR052550,1,brain_figshare/png/masks/2063_mask.png,pixel,train
brain_figshare/png/images/2064.png,2064,MR052550,1,brain_figshare/png/masks/2064_mask.png,pixel,train
brain_figshare/png/images/2065.png,2065,MR051644C,1,brain_figshare/png/masks/2065_mask.png,pixel,train
brain_figshare/png/images/2066.png,2066,MR051644C,1,brain_figshare/png/masks/2066_mask.png,pixel,train
brain_figshare/png/images/2067.png,2067,MR051644C,1,brain_figshare/png/masks/2067_mask.png,pixel,train
brain_figshare/png/images/2068.png,2068,MR051644C,1,brain_figshare/png/masks/2068_mask.png,pixel,train
brain_figshare/png/images/2069.png,2069,MR051644C,1,brain_figshare/png/masks/2069_mask.png,pixel,train
brain_figshare/png/images/207.png,207,99308,0,brain_figshare/png/masks/207_mask.png,pixel,test
brain_figshare/png/images/2070.png,2070,MR051644C,1,brain_figshare/png/masks/2070_mask.png,pixel,train
brain_figshare/png/images/2071.png,2071,MR051644C,1,brain_figshare/png/masks/2071_mask.png,pixel,train
brain_figshare/png/images/2072.png,2072,MR051644C,1,brain_figshare/png/masks/2072_mask.png,pixel,train
brain_figshare/png/images/2073.png,2073,MR051644C,1,brain_figshare/png/masks/2073_mask.png,pixel,train
brain_figshare/png/images/2074.png,2074,MR051644C,1,brain_figshare/png/masks/2074_mask.png,pixel,train
brain_figshare/png/images/2075.png,2075,MR051644C,1,brain_figshare/png/masks/2075_mask.png,pixel,train
brain_figshare/png/images/2076.png,2076,MR051644C,1,brain_figshare/png/masks/2076_mask.png,pixel,train
brain_figshare/png/images/2077.png,2077,MR049942B,1,brain_figshare/png/masks/2077_mask.png,pixel,test
brain_figshare/png/images/2078.png,2078,MR049942B,1,brain_figshare/png/masks/2078_mask.png,pixel,test
brain_figshare/png/images/2079.png,2079,MR049942B,1,brain_figshare/png/masks/2079_mask.png,pixel,test
brain_figshare/png/images/208.png,208,99308,0,brain_figshare/png/masks/208_mask.png,pixel,test
brain_figshare/png/images/2080.png,2080,MR052585B,1,brain_figshare/png/masks/2080_mask.png,pixel,val
brain_figshare/png/images/2081.png,2081,MR052585B,1,brain_figshare/png/masks/2081_mask.png,pixel,val
brain_figshare/png/images/2082.png,2082,MR052585B,1,brain_figshare/png/masks/2082_mask.png,pixel,val
brain_figshare/png/images/2083.png,2083,MR047953C,1,brain_figshare/png/masks/2083_mask.png,pixel,train
brain_figshare/png/images/2084.png,2084,MR047953C,1,brain_figshare/png/masks/2084_mask.png,pixel,train
brain_figshare/png/images/2085.png,2085,MR047953C,1,brain_figshare/png/masks/2085_mask.png,pixel,train
brain_figshare/png/images/2086.png,2086,MR047953C,1,brain_figshare/png/masks/2086_mask.png,pixel,train
brain_figshare/png/images/2087.png,2087,MR053110B,1,brain_figshare/png/masks/2087_mask.png,pixel,train
brain_figshare/png/images/2088.png,2088,MR053110B,1,brain_figshare/png/masks/2088_mask.png,pixel,train
brain_figshare/png/images/2089.png,2089,MR053110B,1,brain_figshare/png/masks/2089_mask.png,pixel,train
brain_figshare/png/images/209.png,209,100820,1,brain_figshare/png/masks/209_mask.png,pixel,train
brain_figshare/png/images/2090.png,2090,MR053110B,1,brain_figshare/png/masks/2090_mask.png,pixel,train
brain_figshare/png/images/2091.png,2091,MR053110B,1,brain_figshare/png/masks/2091_mask.png,pixel,train
brain_figshare/png/images/2092.png,2092,MR053110B,1,brain_figshare/png/masks/2092_mask.png,pixel,train
brain_figshare/png/images/2093.png,2093,MR034694,1,brain_figshare/png/masks/2093_mask.png,pixel,train
brain_figshare/png/images/2094.png,2094,MR034694,1,brain_figshare/png/masks/2094_mask.png,pixel,train
brain_figshare/png/images/2095.png,2095,MR034694,1,brain_figshare/png/masks/2095_mask.png,pixel,train
brain_figshare/png/images/2096.png,2096,MR034694,1,brain_figshare/png/masks/2096_mask.png,pixel,train
brain_figshare/png/images/2097.png,2097,MR054683,1,brain_figshare/png/masks/2097_mask.png,pixel,train
brain_figshare/png/images/2098.png,2098,MR054683,1,brain_figshare/png/masks/2098_mask.png,pixel,train
brain_figshare/png/images/2099.png,2099,MR054683,1,brain_figshare/png/masks/2099_mask.png,pixel,train
brain_figshare/png/images/21.png,21,101797,0,brain_figshare/png/masks/21_mask.png,pixel,train
brain_figshare/png/images/210.png,210,100820,1,brain_figshare/png/masks/210_mask.png,pixel,train
brain_figshare/png/images/2100.png,2100,MR054875,1,brain_figshare/png/masks/2100_mask.png,pixel,train
brain_figshare/png/images/2101.png,2101,MR054875,1,brain_figshare/png/masks/2101_mask.png,pixel,train
brain_figshare/png/images/2102.png,2102,MR054875,1,brain_figshare/png/masks/2102_mask.png,pixel,train
brain_figshare/png/images/2103.png,2103,MR054875,1,brain_figshare/png/masks/2103_mask.png,pixel,train
brain_figshare/png/images/2104.png,2104,MR050687C,1,brain_figshare/png/masks/2104_mask.png,pixel,val
brain_figshare/png/images/2105.png,2105,MR050687C,1,brain_figshare/png/masks/2105_mask.png,pixel,val
brain_figshare/png/images/2106.png,2106,MR050687C,1,brain_figshare/png/masks/2106_mask.png,pixel,val
brain_figshare/png/images/2107.png,2107,MR050687C,1,brain_figshare/png/masks/2107_mask.png,pixel,val
brain_figshare/png/images/2108.png,2108,MR050687C,1,brain_figshare/png/masks/2108_mask.png,pixel,val
brain_figshare/png/images/2109.png,2109,MR056144,1,brain_figshare/png/masks/2109_mask.png,pixel,test
brain_figshare/png/images/211.png,211,100360,0,brain_figshare/png/masks/211_mask.png,pixel,train
brain_figshare/png/images/2110.png,2110,MR056144,1,brain_figshare/png/masks/2110_mask.png,pixel,test
brain_figshare/png/images/2111.png,2111,MR056144,1,brain_figshare/png/masks/2111_mask.png,pixel,test
brain_figshare/png/images/2112.png,2112,MR034997,1,brain_figshare/png/masks/2112_mask.png,pixel,test
brain_figshare/png/images/2113.png,2113,MR034997,1,brain_figshare/png/masks/2113_mask.png,pixel,test
brain_figshare/png/images/2114.png,2114,MR034997,1,brain_figshare/png/masks/2114_mask.png,pixel,test
brain_figshare/png/images/2115.png,2115,MR034997,1,brain_figshare/png/masks/2115_mask.png,pixel,test
brain_figshare/png/images/2116.png,2116,MR034997,1,brain_figshare/png/masks/2116_mask.png,pixel,test
brain_figshare/png/images/2117.png,2117,MR034997,1,brain_figshare/png/masks/2117_mask.png,pixel,test
brain_figshare/png/images/2118.png,2118,MR034997,1,brain_figshare/png/masks/2118_mask.png,pixel,test
brain_figshare/png/images/2119.png,2119,MR029209E,1,brain_figshare/png/masks/2119_mask.png,pixel,test
brain_figshare/png/images/212.png,212,100360,0,brain_figshare/png/masks/212_mask.png,pixel,train
brain_figshare/png/images/2120.png,2120,MR029209E,1,brain_figshare/png/masks/2120_mask.png,pixel,test
brain_figshare/png/images/2121.png,2121,MR029209E,1,brain_figshare/png/masks/2121_mask.png,pixel,test
brain_figshare/png/images/2122.png,2122,MR029209E,1,brain_figshare/png/masks/2122_mask.png,pixel,test
brain_figshare/png/images/2123.png,2123,MR029209E,1,brain_figshare/png/masks/2123_mask.png,pixel,test
brain_figshare/png/images/2124.png,2124,MR029209E,1,brain_figshare/png/masks/2124_mask.png,pixel,test
brain_figshare/png/images/2125.png,2125,MR029209E,1,brain_figshare/png/masks/2125_mask.png,pixel,test
brain_figshare/png/images/2126.png,2126,MR029209E,1,brain_figshare/png/masks/2126_mask.png,pixel,test
brain_figshare/png/images/2127.png,2127,MR029209E,1,brain_figshare/png/masks/2127_mask.png,pixel,test
brain_figshare/png/images/2128.png,2128,MR053110E,1,brain_figshare/png/masks/2128_mask.png,pixel,train
brain_figshare/png/images/2129.png,2129,MR053110E,1,brain_figshare/png/masks/2129_mask.png,pixel,train
brain_figshare/png/images/213.png,213,100360,0,brain_figshare/png/masks/213_mask.png,pixel,train
brain_figshare/png/images/2130.png,2130,MR053110E,1,brain_figshare/png/masks/2130_mask.png,pixel,train
brain_figshare/png/images/2131.png,2131,MR053110E,1,brain_figshare/png/masks/2131_mask.png,pixel,train
brain_figshare/png/images/2132.png,2132,MR053110E,1,brain_figshare/png/masks/2132_mask.png,pixel,train
brain_figshare/png/images/2133.png,2133,MR053110E,1,brain_figshare/png/masks/2133_mask.png,pixel,train
brain_figshare/png/images/2134.png,2134,MR049019G,1,brain_figshare/png/masks/2134_mask.png,pixel,train
brain_figshare/png/images/2135.png,2135,MR049019G,1,brain_figshare/png/masks/2135_mask.png,pixel,train
brain_figshare/png/images/2136.png,2136,MR049019G,1,brain_figshare/png/masks/2136_mask.png,pixel,train
brain_figshare/png/images/2137.png,2137,MR049019G,1,brain_figshare/png/masks/2137_mask.png,pixel,train
brain_figshare/png/images/2138.png,2138,MR049019G,1,brain_figshare/png/masks/2138_mask.png,pixel,train
brain_figshare/png/images/2139.png,2139,MR049019G,1,brain_figshare/png/masks/2139_mask.png,pixel,train
brain_figshare/png/images/214.png,214,100360,0,brain_figshare/png/masks/214_mask.png,pixel,train
brain_figshare/png/images/2140.png,2140,MR049019G,1,brain_figshare/png/masks/2140_mask.png,pixel,train
brain_figshare/png/images/2141.png,2141,MR031409B,1,brain_figshare/png/masks/2141_mask.png,pixel,train
brain_figshare/png/images/2142.png,2142,MR031409B,1,brain_figshare/png/masks/2142_mask.png,pixel,train
brain_figshare/png/images/2143.png,2143,MR031409B,1,brain_figshare/png/masks/2143_mask.png,pixel,train
brain_figshare/png/images/2144.png,2144,MR024780D,1,brain_figshare/png/masks/2144_mask.png,pixel,val
brain_figshare/png/images/2145.png,2145,MR024780D,1,brain_figshare/png/masks/2145_mask.png,pixel,val
brain_figshare/png/images/2146.png,2146,MR038469,1,brain_figshare/png/masks/2146_mask.png,pixel,train
brain_figshare/png/images/2147.png,2147,MR038469,1,brain_figshare/png/masks/2147_mask.png,pixel,train
brain_figshare/png/images/2148.png,2148,MR038469,1,brain_figshare/png/masks/2148_mask.png,pixel,train
brain_figshare/png/images/2149.png,2149,MR038469,1,brain_figshare/png/masks/2149_mask.png,pixel,train
brain_figshare/png/images/215.png,215,100360,0,brain_figshare/png/masks/215_mask.png,pixel,train
brain_figshare/png/images/2150.png,2150,MR038469,1,brain_figshare/png/masks/2150_mask.png,pixel,train
brain_figshare/png/images/2151.png,2151,MR038469,1,brain_figshare/png/masks/2151_mask.png,pixel,train
brain_figshare/png/images/2152.png,2152,MR038469,1,brain_figshare/png/masks/2152_mask.png,pixel,train
brain_figshare/png/images/2153.png,2153,MR032322C,1,brain_figshare/png/masks/2153_mask.png,pixel,train
brain_figshare/png/images/2154.png,2154,MR032322C,1,brain_figshare/png/masks/2154_mask.png,pixel,train
brain_figshare/png/images/2155.png,2155,MR032322C,1,brain_figshare/png/masks/2155_mask.png,pixel,train
brain_figshare/png/images/2156.png,2156,MR032322C,1,brain_figshare/png/masks/2156_mask.png,pixel,train
brain_figshare/png/images/2157.png,2157,MR032322C,1,brain_figshare/png/masks/2157_mask.png,pixel,train
brain_figshare/png/images/2158.png,2158,MR032322C,1,brain_figshare/png/masks/2158_mask.png,pixel,train
brain_figshare/png/images/2159.png,2159,MR032322C,1,brain_figshare/png/masks/2159_mask.png,pixel,train
brain_figshare/png/images/216.png,216,100360,0,brain_figshare/png/masks/216_mask.png,pixel,train
brain_figshare/png/images/2160.png,2160,MR032322C,1,brain_figshare/png/masks/2160_mask.png,pixel,train
brain_figshare/png/images/2161.png,2161,MR032322C,1,brain_figshare/png/masks/2161_mask.png,pixel,train
brain_figshare/png/images/2162.png,2162,MR032322C,1,brain_figshare/png/masks/2162_mask.png,pixel,train
brain_figshare/png/images/2163.png,2163,MR032322C,1,brain_figshare/png/masks/2163_mask.png,pixel,train
brain_figshare/png/images/2164.png,2164,MR032322C,1,brain_figshare/png/masks/2164_mask.png,pixel,train
brain_figshare/png/images/2165.png,2165,MR032322C,1,brain_figshare/png/masks/2165_mask.png,pixel,train
brain_figshare/png/images/2166.png,2166,MR037458B,1,brain_figshare/png/masks/2166_mask.png,pixel,train
brain_figshare/png/images/2167.png,2167,MR037458B,1,brain_figshare/png/masks/2167_mask.png,pixel,train
brain_figshare/png/images/2168.png,2168,MR037458B,1,brain_figshare/png/masks/2168_mask.png,pixel,train
brain_figshare/png/images/2169.png,2169,MR037458B,1,brain_figshare/png/masks/2169_mask.png,pixel,train
brain_figshare/png/images/217.png,217,100360,0,brain_figshare/png/masks/217_mask.png,pixel,train
brain_figshare/png/images/2170.png,2170,MR037458B,1,brain_figshare/png/masks/2170_mask.png,pixel,train
brain_figshare/png/images/2171.png,2171,MR037458B,1,brain_figshare/png/masks/2171_mask.png,pixel,train
brain_figshare/png/images/2172.png,2172,MR037458B,1,brain_figshare/png/masks/2172_mask.png,pixel,train
brain_figshare/png/images/2173.png,2173,MR037458B,1,brain_figshare/png/masks/2173_mask.png,pixel,train
brain_figshare/png/images/2174.png,2174,MR039473,1,brain_figshare/png/masks/2174_mask.png,pixel,val
brain_figshare/png/images/2175.png,2175,MR039473,1,brain_figshare/png/masks/2175_mask.png,pixel,val
brain_figshare/png/images/2176.png,2176,MR039473,1,brain_figshare/png/masks/2176_mask.png,pixel,val
brain_figshare/png/images/2177.png,2177,MR039473,1,brain_figshare/png/masks/2177_mask.png,pixel,val
brain_figshare/png/images/2178.png,2178,MR039473,1,brain_figshare/png/masks/2178_mask.png,pixel,val
brain_figshare/png/images/2179.png,2179,MR039473B,1,brain_figshare/png/masks/2179_mask.png,pixel,val
brain_figshare/png/images/218.png,218,100572,0,brain_figshare/png/masks/218_mask.png,pixel,train
brain_figshare/png/images/2180.png,2180,MR039473B,1,brain_figshare/png/masks/2180_mask.png,pixel,val
brain_figshare/png/images/2181.png,2181,MR039473B,1,brain_figshare/png/masks/2181_mask.png,pixel,val
brain_figshare/png/images/2182.png,2182,MR039473B,1,brain_figshare/png/masks/2182_mask.png,pixel,val
brain_figshare/png/images/2183.png,2183,MR039473B,1,brain_figshare/png/masks/2183_mask.png,pixel,val
brain_figshare/png/images/2184.png,2184,MR039473B,1,brain_figshare/png/masks/2184_mask.png,pixel,val
brain_figshare/png/images/2185.png,2185,MR039473B,1,brain_figshare/png/masks/2185_mask.png,pixel,val
brain_figshare/png/images/2186.png,2186,MR037458C,1,brain_figshare/png/masks/2186_mask.png,pixel,train
brain_figshare/png/images/2187.png,2187,MR037458C,1,brain_figshare/png/masks/2187_mask.png,pixel,train
brain_figshare/png/images/2188.png,2188,MR037458C,1,brain_figshare/png/masks/2188_mask.png,pixel,train
brain_figshare/png/images/2189.png,2189,MR037458C,1,brain_figshare/png/masks/2189_mask.png,pixel,train
brain_figshare/png/images/219.png,219,100572,0,brain_figshare/png/masks/219_mask.png,pixel,train
brain_figshare/png/images/2190.png,2190,MR037458C,1,brain_figshare/png/masks/2190_mask.png,pixel,train
brain_figshare/png/images/2191.png,2191,MR037458C,1,brain_figshare/png/masks/2191_mask.png,pixel,train
brain_figshare/png/images/2192.png,2192,MR037458C,1,brain_figshare/png/masks/2192_mask.png,pixel,train
brain_figshare/png/images/2193.png,2193,MR037458C,1,brain_figshare/png/masks/2193_mask.png,pixel,train
brain_figshare/png/images/2194.png,2194,MR037458C,1,brain_figshare/png/masks/2194_mask.png,pixel,train
brain_figshare/png/images/2195.png,2195,MR037458C,1,brain_figshare/png/masks/2195_mask.png,pixel,train
brain_figshare/png/images/2196.png,2196,MR040240,1,brain_figshare/png/masks/2196_mask.png,pixel,train
brain_figshare/png/images/2197.png,2197,MR040240,1,brain_figshare/png/masks/2197_mask.png,pixel,train
brain_figshare/png/images/2198.png,2198,MR040240,1,brain_figshare/png/masks/2198_mask.png,pixel,train
brain_figshare/png/images/2199.png,2199,MR040240,1,brain_figshare/png/masks/2199_mask.png,pixel,train
brain_figshare/png/images/22.png,22,101797,0,brain_figshare/png/masks/22_mask.png,pixel,train
brain_figshare/png/images/220.png,220,100572,0,brain_figshare/png/masks/220_mask.png,pixel,train
brain_figshare/png/images/2200.png,2200,MR040240,1,brain_figshare/png/masks/2200_mask.png,pixel,train
brain_figshare/png/images/2201.png,2201,MR040240,1,brain_figshare/png/masks/2201_mask.png,pixel,train
brain_figshare/png/images/2202.png,2202,MR040240,1,brain_figshare/png/masks/2202_mask.png,pixel,train
brain_figshare/png/images/2203.png,2203,MR040240,1,brain_figshare/png/masks/2203_mask.png,pixel,train
brain_figshare/png/images/2204.png,2204,MR040240,1,brain_figshare/png/masks/2204_mask.png,pixel,train
brain_figshare/png/images/2205.png,2205,MR040240,1,brain_figshare/png/masks/2205_mask.png,pixel,train
brain_figshare/png/images/2206.png,2206,MR040240B,1,brain_figshare/png/masks/2206_mask.png,pixel,train
brain_figshare/png/images/2207.png,2207,MR040240B,1,brain_figshare/png/masks/2207_mask.png,pixel,train
brain_figshare/png/images/2208.png,2208,MR040240B,1,brain_figshare/png/masks/2208_mask.png,pixel,train
brain_figshare/png/images/2209.png,2209,MR040240B,1,brain_figshare/png/masks/2209_mask.png,pixel,train
brain_figshare/png/images/221.png,221,101016,0,brain_figshare/png/masks/221_mask.png,pixel,val
brain_figshare/png/images/2210.png,2210,MR040240B,1,brain_figshare/png/masks/2210_mask.png,pixel,train
brain_figshare/png/images/2211.png,2211,MR040240B,1,brain_figshare/png/masks/2211_mask.png,pixel,train
brain_figshare/png/images/2212.png,2212,MR040240B,1,brain_figshare/png/masks/2212_mask.png,pixel,train
brain_figshare/png/images/2213.png,2213,MR040240B,1,brain_figshare/png/masks/2213_mask.png,pixel,train
brain_figshare/png/images/2214.png,2214,MR040240B,1,brain_figshare/png/masks/2214_mask.png,pixel,train
brain_figshare/png/images/2215.png,2215,MR040240B,1,brain_figshare/png/masks/2215_mask.png,pixel,train
brain_figshare/png/images/2216.png,2216,MR029209G,1,brain_figshare/png/masks/2216_mask.png,pixel,test
brain_figshare/png/images/2217.png,2217,MR029209G,1,brain_figshare/png/masks/2217_mask.png,pixel,test
brain_figshare/png/images/2218.png,2218,MR029209G,1,brain_figshare/png/masks/2218_mask.png,pixel,test
brain_figshare/png/images/2219.png,2219,MR029209G,1,brain_figshare/png/masks/2219_mask.png,pixel,test
brain_figshare/png/images/222.png,222,101016,0,brain_figshare/png/masks/222_mask.png,pixel,val
brain_figshare/png/images/2220.png,2220,MR029209G,1,brain_figshare/png/masks/2220_mask.png,pixel,test
brain_figshare/png/images/2221.png,2221,MR029209G,1,brain_figshare/png/masks/2221_mask.png,pixel,test
brain_figshare/png/images/2222.png,2222,MR029209G,1,brain_figshare/png/masks/2222_mask.png,pixel,test
brain_figshare/png/images/2223.png,2223,MR029209G,1,brain_figshare/png/masks/2223_mask.png,pixel,test
brain_figshare/png/images/2224.png,2224,MR036496B,1,brain_figshare/png/masks/2224_mask.png,pixel,val
brain_figshare/png/images/2225.png,2225,MR036496B,1,brain_figshare/png/masks/2225_mask.png,pixel,val
brain_figshare/png/images/2226.png,2226,MR036496B,1,brain_figshare/png/masks/2226_mask.png,pixel,val
brain_figshare/png/images/2227.png,2227,MR036496B,1,brain_figshare/png/masks/2227_mask.png,pixel,val
brain_figshare/png/images/2228.png,2228,MR036496B,1,brain_figshare/png/masks/2228_mask.png,pixel,val
brain_figshare/png/images/2229.png,2229,MR036496B,1,brain_figshare/png/masks/2229_mask.png,pixel,val
brain_figshare/png/images/223.png,223,101016,0,brain_figshare/png/masks/223_mask.png,pixel,val
brain_figshare/png/images/2230.png,2230,MR033420,1,brain_figshare/png/masks/2230_mask.png,pixel,train
brain_figshare/png/images/2231.png,2231,MR033420,1,brain_figshare/png/masks/2231_mask.png,pixel,train
brain_figshare/png/images/2232.png,2232,MR033420,1,brain_figshare/png/masks/2232_mask.png,pixel,train
brain_figshare/png/images/2233.png,2233,MR033420,1,brain_figshare/png/masks/2233_mask.png,pixel,train
brain_figshare/png/images/2234.png,2234,MR033420,1,brain_figshare/png/masks/2234_mask.png,pixel,train
brain_figshare/png/images/2235.png,2235,MR033420,1,brain_figshare/png/masks/2235_mask.png,pixel,train
brain_figshare/png/images/2236.png,2236,MR033420,1,brain_figshare/png/masks/2236_mask.png,pixel,train
brain_figshare/png/images/2237.png,2237,MR024780B,1,brain_figshare/png/masks/2237_mask.png,pixel,train
brain_figshare/png/images/2238.png,2238,MR024780B,1,brain_figshare/png/masks/2238_mask.png,pixel,train
brain_figshare/png/images/2239.png,2239,MR024780B,1,brain_figshare/png/masks/2239_mask.png,pixel,train
brain_figshare/png/images/224.png,224,101016,0,brain_figshare/png/masks/224_mask.png,pixel,val
brain_figshare/png/images/2240.png,2240,MR024780B,1,brain_figshare/png/masks/2240_mask.png,pixel,train
brain_figshare/png/images/2241.png,2241,MR033389B,1,brain_figshare/png/masks/2241_mask.png,pixel,train
brain_figshare/png/images/2242.png,2242,MR048994,1,brain_figshare/png/masks/2242_mask.png,pixel,train
brain_figshare/png/images/2243.png,2243,MR048994,1,brain_figshare/png/masks/2243_mask.png,pixel,train
brain_figshare/png/images/2244.png,2244,MR049104,1,brain_figshare/png/masks/2244_mask.png,pixel,train
brain_figshare/png/images/2245.png,2245,MR049104,1,brain_figshare/png/masks/2245_mask.png,pixel,train
brain_figshare/png/images/2246.png,2246,MR049104,1,brain_figshare/png/masks/2246_mask.png,pixel,train
brain_figshare/png/images/2247.png,2247,MR049142,1,brain_figshare/png/masks/2247_mask.png,pixel,val
brain_figshare/png/images/2248.png,2248,MR049142,1,brain_figshare/png/masks/2248_mask.png,pixel,val
brain_figshare/png/images/2249.png,2249,MR049142,1,brain_figshare/png/masks/2249_mask.png,pixel,val
brain_figshare/png/images/225.png,225,101016,0,brain_figshare/png/masks/225_mask.png,pixel,val
brain_figshare/png/images/2250.png,2250,MR048994B,1,brain_figshare/png/masks/2250_mask.png,pixel,train
brain_figshare/png/images/2251.png,2251,MR048994B,1,brain_figshare/png/masks/2251_mask.png,pixel,train
brain_figshare/png/images/2252.png,2252,MR048994B,1,brain_figshare/png/masks/2252_mask.png,pixel,train
brain_figshare/png/images/2253.png,2253,MR048994B,1,brain_figshare/png/masks/2253_mask.png,pixel,train
brain_figshare/png/images/2254.png,2254,MR048944B,1,brain_figshare/png/masks/2254_mask.png,pixel,val
brain_figshare/png/images/2255.png,2255,MR048944B,1,brain_figshare/png/masks/2255_mask.png,pixel,val
brain_figshare/png/images/2256.png,2256,MR048944B,1,brain_figshare/png/masks/2256_mask.png,pixel,val
brain_figshare/png/images/2257.png,2257,MR048944B,1,brain_figshare/png/masks/2257_mask.png,pixel,val
brain_figshare/png/images/2258.png,2258,MR048944B,1,brain_figshare/png/masks/2258_mask.png,pixel,val
brain_figshare/png/images/2259.png,2259,MR048944B,1,brain_figshare/png/masks/2259_mask.png,pixel,val
brain_figshare/png/images/226.png,226,101016,0,brain_figshare/png/masks/226_mask.png,pixel,val
brain_figshare/png/images/2260.png,2260,MR048944B,1,brain_figshare/png/masks/2260_mask.png,pixel,val
brain_figshare/png/images/2261.png,2261,MR049358,1,brain_figshare/png/masks/2261_mask.png,pixel,val
brain_figshare/png/images/2262.png,2262,MR049358,1,brain_figshare/png/masks/2262_mask.png,pixel,val
brain_figshare/png/images/2263.png,2263,MR049358,1,brain_figshare/png/masks/2263_mask.png,pixel,val
brain_figshare/png/images/2264.png,2264,MR049358,1,brain_figshare/png/masks/2264_mask.png,pixel,val
brain_figshare/png/images/2265.png,2265,MR049358,1,brain_figshare/png/masks/2265_mask.png,pixel,val
brain_figshare/png/images/2266.png,2266,MR049358,1,brain_figshare/png/masks/2266_mask.png,pixel,val
brain_figshare/png/images/2267.png,2267,MR049358,1,brain_figshare/png/masks/2267_mask.png,pixel,val
brain_figshare/png/images/2268.png,2268,MR049358,1,brain_figshare/png/masks/2268_mask.png,pixel,val
brain_figshare/png/images/2269.png,2269,MR049358,1,brain_figshare/png/masks/2269_mask.png,pixel,val
brain_figshare/png/images/227.png,227,101127,0,brain_figshare/png/masks/227_mask.png,pixel,train
brain_figshare/png/images/2270.png,2270,MR049453,1,brain_figshare/png/masks/2270_mask.png,pixel,test
brain_figshare/png/images/2271.png,2271,MR049453,1,brain_figshare/png/masks/2271_mask.png,pixel,test
brain_figshare/png/images/2272.png,2272,MR049453,1,brain_figshare/png/masks/2272_mask.png,pixel,test
brain_figshare/png/images/2273.png,2273,MR049453,1,brain_figshare/png/masks/2273_mask.png,pixel,test
brain_figshare/png/images/2274.png,2274,MR049453,1,brain_figshare/png/masks/2274_mask.png,pixel,test
brain_figshare/png/images/2275.png,2275,MR049453,1,brain_figshare/png/masks/2275_mask.png,pixel,test
brain_figshare/png/images/2276.png,2276,MR049453,1,brain_figshare/png/masks/2276_mask.png,pixel,test
brain_figshare/png/images/2277.png,2277,MR049453,1,brain_figshare/png/masks/2277_mask.png,pixel,test
brain_figshare/png/images/2278.png,2278,MR049453,1,brain_figshare/png/masks/2278_mask.png,pixel,test
brain_figshare/png/images/2279.png,2279,MR024780G,1,brain_figshare/png/masks/2279_mask.png,pixel,train
brain_figshare/png/images/228.png,228,101127,0,brain_figshare/png/masks/228_mask.png,pixel,train
brain_figshare/png/images/2280.png,2280,MR024780G,1,brain_figshare/png/masks/2280_mask.png,pixel,train
brain_figshare/png/images/2281.png,2281,MR024780G,1,brain_figshare/png/masks/2281_mask.png,pixel,train
brain_figshare/png/images/2282.png,2282,MR024780G,1,brain_figshare/png/masks/2282_mask.png,pixel,train
brain_figshare/png/images/2283.png,2283,MR024780G,1,brain_figshare/png/masks/2283_mask.png,pixel,train
brain_figshare/png/images/2284.png,2284,MR024780G,1,brain_figshare/png/masks/2284_mask.png,pixel,train
brain_figshare/png/images/2285.png,2285,MR024780G,1,brain_figshare/png/masks/2285_mask.png,pixel,train
brain_figshare/png/images/2286.png,2286,MR049453B,1,brain_figshare/png/masks/2286_mask.png,pixel,test
brain_figshare/png/images/2287.png,2287,MR049453B,1,brain_figshare/png/masks/2287_mask.png,pixel,test
brain_figshare/png/images/2288.png,2288,MR049453B,1,brain_figshare/png/masks/2288_mask.png,pixel,test
brain_figshare/png/images/2289.png,2289,MR049453B,1,brain_figshare/png/masks/2289_mask.png,pixel,test
brain_figshare/png/images/229.png,229,101127,0,brain_figshare/png/masks/229_mask.png,pixel,train
brain_figshare/png/images/2290.png,2290,MR049453B,1,brain_figshare/png/masks/2290_mask.png,pixel,test
brain_figshare/png/images/2291.png,2291,MR049453B,1,brain_figshare/png/masks/2291_mask.png,pixel,test
brain_figshare/png/images/2292.png,2292,MR049453B,1,brain_figshare/png/masks/2292_mask.png,pixel,test
brain_figshare/png/images/2293.png,2293,MR049453B,1,brain_figshare/png/masks/2293_mask.png,pixel,test
brain_figshare/png/images/2294.png,2294,MR049453B,1,brain_figshare/png/masks/2294_mask.png,pixel,test
brain_figshare/png/images/2295.png,2295,MR049453B,1,brain_figshare/png/masks/2295_mask.png,pixel,test
brain_figshare/png/images/2296.png,2296,MR049453B,1,brain_figshare/png/masks/2296_mask.png,pixel,test
brain_figshare/png/images/2297.png,2297,MR049453B,1,brain_figshare/png/masks/2297_mask.png,pixel,test
brain_figshare/png/images/2298.png,2298,MR049453B,1,brain_figshare/png/masks/2298_mask.png,pixel,test
brain_figshare/png/images/2299.png,2299,MR049453B,1,brain_figshare/png/masks/2299_mask.png,pixel,test
brain_figshare/png/images/23.png,23,101797,0,brain_figshare/png/masks/23_mask.png,pixel,train
brain_figshare/png/images/230.png,230,101127,0,brain_figshare/png/masks/230_mask.png,pixel,train
brain_figshare/png/images/2300.png,2300,MR050135B,1,brain_figshare/png/masks/2300_mask.png,pixel,train
brain_figshare/png/images/2301.png,2301,MR050135B,1,brain_figshare/png/masks/2301_mask.png,pixel,train
brain_figshare/png/images/2302.png,2302,MR050135B,1,brain_figshare/png/masks/2302_mask.png,pixel,train
brain_figshare/png/images/2303.png,2303,MR050135B,1,brain_figshare/png/masks/2303_mask.png,pixel,train
brain_figshare/png/images/2304.png,2304,MR050135B,1,brain_figshare/png/masks/2304_mask.png,pixel,train
brain_figshare/png/images/2305.png,2305,MR050135B,1,brain_figshare/png/masks/2305_mask.png,pixel,train
brain_figshare/png/images/2306.png,2306,MR050135B,1,brain_figshare/png/masks/2306_mask.png,pixel,train
brain_figshare/png/images/2307.png,2307,MR050135B,1,brain_figshare/png/masks/2307_mask.png,pixel,train
brain_figshare/png/images/2308.png,2308,MR050135B,1,brain_figshare/png/masks/2308_mask.png,pixel,train
brain_figshare/png/images/2309.png,2309,MR050135B,1,brain_figshare/png/masks/2309_mask.png,pixel,train
brain_figshare/png/images/231.png,231,101797,0,brain_figshare/png/masks/231_mask.png,pixel,train
brain_figshare/png/images/2310.png,2310,MR050135B,1,brain_figshare/png/masks/2310_mask.png,pixel,train
brain_figshare/png/images/2311.png,2311,MR050687,1,brain_figshare/png/masks/2311_mask.png,pixel,train
brain_figshare/png/images/2312.png,2312,MR050687,1,brain_figshare/png/masks/2312_mask.png,pixel,train
brain_figshare/png/images/2313.png,2313,MR050687,1,brain_figshare/png/masks/2313_mask.png,pixel,train
brain_figshare/png/images/2314.png,2314,MR050687,1,brain_figshare/png/masks/2314_mask.png,pixel,train
brain_figshare/png/images/2315.png,2315,MR050687,1,brain_figshare/png/masks/2315_mask.png,pixel,train
brain_figshare/png/images/2316.png,2316,MR050687,1,brain_figshare/png/masks/2316_mask.png,pixel,train
brain_figshare/png/images/2317.png,2317,MR050791B,1,brain_figshare/png/masks/2317_mask.png,pixel,train
brain_figshare/png/images/2318.png,2318,MR050791B,1,brain_figshare/png/masks/2318_mask.png,pixel,train
brain_figshare/png/images/2319.png,2319,MR050791B,1,brain_figshare/png/masks/2319_mask.png,pixel,train
brain_figshare/png/images/232.png,232,101797,0,brain_figshare/png/masks/232_mask.png,pixel,train
brain_figshare/png/images/2320.png,2320,MR050791B,1,brain_figshare/png/masks/2320_mask.png,pixel,train
brain_figshare/png/images/2321.png,2321,MR049019C,1,brain_figshare/png/masks/2321_mask.png,pixel,test
brain_figshare/png/images/2322.png,2322,MR049019C,1,brain_figshare/png/masks/2322_mask.png,pixel,test
brain_figshare/png/images/2323.png,2323,MR049019C,1,brain_figshare/png/masks/2323_mask.png,pixel,test
brain_figshare/png/images/2324.png,2324,MR049019C,1,brain_figshare/png/masks/2324_mask.png,pixel,test
brain_figshare/png/images/2325.png,2325,MR049019C,1,brain_figshare/png/masks/2325_mask.png,pixel,test
brain_figshare/png/images/2326.png,2326,MR026175C,1,brain_figshare/png/masks/2326_mask.png,pixel,train
brain_figshare/png/images/2327.png,2327,MR026175C,1,brain_figshare/png/masks/2327_mask.png,pixel,train
brain_figshare/png/images/2328.png,2328,MR026175C,1,brain_figshare/png/masks/2328_mask.png,pixel,train
brain_figshare/png/images/2329.png,2329,MR026175C,1,brain_figshare/png/masks/2329_mask.png,pixel,train
brain_figshare/png/images/233.png,233,101797,0,brain_figshare/png/masks/233_mask.png,pixel,train
brain_figshare/png/images/2330.png,2330,MR026175C,1,brain_figshare/png/masks/2330_mask.png,pixel,train
brain_figshare/png/images/2331.png,2331,MR026175C,1,brain_figshare/png/masks/2331_mask.png,pixel,train
brain_figshare/png/images/2332.png,2332,MR026175C,1,brain_figshare/png/masks/2332_mask.png,pixel,train
brain_figshare/png/images/2333.png,2333,MR051461,1,brain_figshare/png/masks/2333_mask.png,pixel,train
brain_figshare/png/images/2334.png,2334,MR051461,1,brain_figshare/png/masks/2334_mask.png,pixel,train
brain_figshare/png/images/2335.png,2335,MR051461,1,brain_figshare/png/masks/2335_mask.png,pixel,train
brain_figshare/png/images/2336.png,2336,MR051461,1,brain_figshare/png/masks/2336_mask.png,pixel,train
brain_figshare/png/images/2337.png,2337,MR051461,1,brain_figshare/png/masks/2337_mask.png,pixel,train
brain_figshare/png/images/2338.png,2338,MR051461,1,brain_figshare/png/masks/2338_mask.png,pixel,train
brain_figshare/png/images/2339.png,2339,MR051461,1,brain_figshare/png/masks/2339_mask.png,pixel,train
brain_figshare/png/images/234.png,234,101797,0,brain_figshare/png/masks/234_mask.png,pixel,train
brain_figshare/png/images/2340.png,2340,MR051461,1,brain_figshare/png/masks/2340_mask.png,pixel,train
brain_figshare/png/images/2341.png,2341,MR051461,1,brain_figshare/png/masks/2341_mask.png,pixel,train
brain_figshare/png/images/2342.png,2342,MR051586,1,brain_figshare/png/masks/2342_mask.png,pixel,train
brain_figshare/png/images/2343.png,2343,MR051586,1,brain_figshare/png/masks/2343_mask.png,pixel,train
brain_figshare/png/images/2344.png,2344,MR033389B,1,brain_figshare/png/masks/2344_mask.png,pixel,train
brain_figshare/png/images/2345.png,2345,MR033389B,1,brain_figshare/png/masks/2345_mask.png,pixel,train
brain_figshare/png/images/2346.png,2346,MR033389B,1,brain_figshare/png/masks/2346_mask.png,pixel,train
brain_figshare/png/images/2347.png,2347,MR033389B,1,brain_figshare/png/masks/2347_mask.png,pixel,train
brain_figshare/png/images/2348.png,2348,MR033389B,1,brain_figshare/png/masks/2348_mask.png,pixel,train
brain_figshare/png/images/2349.png,2349,MR024780E,1,brain_figshare/png/masks/2349_mask.png,pixel,val
brain_figshare/png/images/235.png,235,101797,0,brain_figshare/png/masks/235_mask.png,pixel,train
brain_figshare/png/images/2350.png,2350,MR026175E,1,brain_figshare/png/masks/2350_mask.png,pixel,train
brain_figshare/png/images/2351.png,2351,MR026175E,1,brain_figshare/png/masks/2351_mask.png,pixel,train
brain_figshare/png/images/2352.png,2352,MR026175E,1,brain_figshare/png/masks/2352_mask.png,pixel,train
brain_figshare/png/images/2353.png,2353,MR026175E,1,brain_figshare/png/masks/2353_mask.png,pixel,train
brain_figshare/png/images/2354.png,2354,MR026175E,1,brain_figshare/png/masks/2354_mask.png,pixel,train
brain_figshare/png/images/2355.png,2355,MR026175E,1,brain_figshare/png/masks/2355_mask.png,pixel,train
brain_figshare/png/images/2356.png,2356,MR026175E,1,brain_figshare/png/masks/2356_mask.png,pixel,train
brain_figshare/png/images/2357.png,2357,MR026175E,1,brain_figshare/png/masks/2357_mask.png,pixel,train
brain_figshare/png/images/2358.png,2358,MR026175E,1,brain_figshare/png/masks/2358_mask.png,pixel,train
brain_figshare/png/images/2359.png,2359,MR026175E,1,brain_figshare/png/masks/2359_mask.png,pixel,train
brain_figshare/png/images/236.png,236,102420,0,brain_figshare/png/masks/236_mask.png,pixel,train
brain_figshare/png/images/2360.png,2360,MR026175E,1,brain_figshare/png/masks/2360_mask.png,pixel,train
brain_figshare/png/images/2361.png,2361,MR026175E,1,brain_figshare/png/masks/2361_mask.png,pixel,train
brain_figshare/png/images/2362.png,2362,MR040240C,1,brain_figshare/png/masks/2362_mask.png,pixel,train
brain_figshare/png/images/2363.png,2363,MR040240C,1,brain_figshare/png/masks/2363_mask.png,pixel,train
brain_figshare/png/images/2364.png,2364,MR040240C,1,brain_figshare/png/masks/2364_mask.png,pixel,train
brain_figshare/png/images/2365.png,2365,MR040240C,1,brain_figshare/png/masks/2365_mask.png,pixel,train
brain_figshare/png/images/2366.png,2366,MR040240C,1,brain_figshare/png/masks/2366_mask.png,pixel,train
brain_figshare/png/images/2367.png,2367,MR040240C,1,brain_figshare/png/masks/2367_mask.png,pixel,train
brain_figshare/png/images/2368.png,2368,MR040240C,1,brain_figshare/png/masks/2368_mask.png,pixel,train
brain_figshare/png/images/2369.png,2369,MR040240C,1,brain_figshare/png/masks/2369_mask.png,pixel,train
brain_figshare/png/images/237.png,237,102420,0,brain_figshare/png/masks/237_mask.png,pixel,train
brain_figshare/png/images/2370.png,2370,MR040240C,1,brain_figshare/png/masks/2370_mask.png,pixel,train
brain_figshare/png/images/2371.png,2371,MR040240C,1,brain_figshare/png/masks/2371_mask.png,pixel,train
brain_figshare/png/images/2372.png,2372,MR040240C,1,brain_figshare/png/masks/2372_mask.png,pixel,train
brain_figshare/png/images/2373.png,2373,MR040240D,1,brain_figshare/png/masks/2373_mask.png,pixel,train
brain_figshare/png/images/2374.png,2374,MR040240D,1,brain_figshare/png/masks/2374_mask.png,pixel,train
brain_figshare/png/images/2375.png,2375,MR040240D,1,brain_figshare/png/masks/2375_mask.png,pixel,train
brain_figshare/png/images/2376.png,2376,MR040240D,1,brain_figshare/png/masks/2376_mask.png,pixel,train
brain_figshare/png/images/2377.png,2377,MR040240D,1,brain_figshare/png/masks/2377_mask.png,pixel,train
brain_figshare/png/images/2378.png,2378,MR040240D,1,brain_figshare/png/masks/2378_mask.png,pixel,train
brain_figshare/png/images/2379.png,2379,MR040240D,1,brain_figshare/png/masks/2379_mask.png,pixel,train
brain_figshare/png/images/238.png,238,102420,0,brain_figshare/png/masks/238_mask.png,pixel,train
brain_figshare/png/images/2380.png,2380,MR040240D,1,brain_figshare/png/masks/2380_mask.png,pixel,train
brain_figshare/png/images/2381.png,2381,MR040240D,1,brain_figshare/png/masks/2381_mask.png,pixel,train
brain_figshare/png/images/2382.png,2382,MR040240D,1,brain_figshare/png/masks/2382_mask.png,pixel,train
brain_figshare/png/images/2383.png,2383,MR040240D,1,brain_figshare/png/masks/2383_mask.png,pixel,train
brain_figshare/png/images/2384.png,2384,MR017260F,1,brain_figshare/png/masks/2384_mask.png,pixel,train
brain_figshare/png/images/2385.png,2385,MR017260F,1,brain_figshare/png/masks/2385_mask.png,pixel,train
brain_figshare/png/images/2386.png,2386,MR017260F,1,brain_figshare/png/masks/2386_mask.png,pixel,train
brain_figshare/png/images/2387.png,2387,MR017260F,1,brain_figshare/png/masks/2387_mask.png,pixel,train
brain_figshare/png/images/2388.png,2388,MR017260F,1,brain_figshare/png/masks/2388_mask.png,pixel,train
brain_figshare/png/images/2389.png,2389,MR017260F,1,brain_figshare/png/masks/2389_mask.png,pixel,train
brain_figshare/png/images/239.png,239,102446,0,brain_figshare/png/masks/239_mask.png,pixel,train
brain_figshare/png/images/2390.png,2390,MR017260F,1,brain_figshare/png/masks/2390_mask.png,pixel,train
brain_figshare/png/images/2391.png,2391,MR017260F,1,brain_figshare/png/masks/2391_mask.png,pixel,train
brain_figshare/png/images/2392.png,2392,MR017260F,1,brain_figshare/png/masks/2392_mask.png,pixel,train
brain_figshare/png/images/2393.png,2393,MR017260F,1,brain_figshare/png/masks/2393_mask.png,pixel,train
brain_figshare/png/images/2394.png,2394,MR029209I,1,brain_figshare/png/masks/2394_mask.png,pixel,train
brain_figshare/png/images/2395.png,2395,MR029209I,1,brain_figshare/png/masks/2395_mask.png,pixel,train
brain_figshare/png/images/2396.png,2396,MR029209I,1,brain_figshare/png/masks/2396_mask.png,pixel,train
brain_figshare/png/images/2397.png,2397,MR029209I,1,brain_figshare/png/masks/2397_mask.png,pixel,train
brain_figshare/png/images/2398.png,2398,MR029209I,1,brain_figshare/png/masks/2398_mask.png,pixel,train
brain_figshare/png/images/2399.png,2399,MR029209I,1,brain_figshare/png/masks/2399_mask.png,pixel,train
brain_figshare/png/images/24.png,24,102420,0,brain_figshare/png/masks/24_mask.png,pixel,train
brain_figshare/png/images/240.png,240,102675,0,brain_figshare/png/masks/240_mask.png,pixel,train
brain_figshare/png/images/2400.png,2400,MR029209I,1,brain_figshare/png/masks/2400_mask.png,pixel,train
brain_figshare/png/images/2401.png,2401,MR029209I,1,brain_figshare/png/masks/2401_mask.png,pixel,train
brain_figshare/png/images/2402.png,2402,MR029209I,1,brain_figshare/png/masks/2402_mask.png,pixel,train
brain_figshare/png/images/2403.png,2403,MR048294,1,brain_figshare/png/masks/2403_mask.png,pixel,train
brain_figshare/png/images/2404.png,2404,MR048294,1,brain_figshare/png/masks/2404_mask.png,pixel,train
brain_figshare/png/images/2405.png,2405,MR048294,1,brain_figshare/png/masks/2405_mask.png,pixel,train
brain_figshare/png/images/2406.png,2406,MR048294,1,brain_figshare/png/masks/2406_mask.png,pixel,train
brain_figshare/png/images/2407.png,2407,MR048294,1,brain_figshare/png/masks/2407_mask.png,pixel,train
brain_figshare/png/images/2408.png,2408,MR048294,1,brain_figshare/png/masks/2408_mask.png,pixel,train
brain_figshare/png/images/2409.png,2409,MR048294,1,brain_figshare/png/masks/2409_mask.png,pixel,train
brain_figshare/png/images/241.png,241,102675,0,brain_figshare/png/masks/241_mask.png,pixel,train
brain_figshare/png/images/2410.png,2410,MR048297,1,brain_figshare/png/masks/2410_mask.png,pixel,train
brain_figshare/png/images/2411.png,2411,MR048297,1,brain_figshare/png/masks/2411_mask.png,pixel,train
brain_figshare/png/images/2412.png,2412,MR048297,1,brain_figshare/png/masks/2412_mask.png,pixel,train
brain_figshare/png/images/2413.png,2413,MR048297,1,brain_figshare/png/masks/2413_mask.png,pixel,train
brain_figshare/png/images/2414.png,2414,MR048297,1,brain_figshare/png/masks/2414_mask.png,pixel,train
brain_figshare/png/images/2415.png,2415,MR048294B,1,brain_figshare/png/masks/2415_mask.png,pixel,train
brain_figshare/png/images/2416.png,2416,MR048294B,1,brain_figshare/png/masks/2416_mask.png,pixel,train
brain_figshare/png/images/2417.png,2417,MR048294B,1,brain_figshare/png/masks/2417_mask.png,pixel,train
brain_figshare/png/images/2418.png,2418,MR048294B,1,brain_figshare/png/masks/2418_mask.png,pixel,train
brain_figshare/png/images/2419.png,2419,MR048294B,1,brain_figshare/png/masks/2419_mask.png,pixel,train
brain_figshare/png/images/242.png,242,102714,0,brain_figshare/png/masks/242_mask.png,pixel,train
brain_figshare/png/images/2420.png,2420,MR048621B,1,brain_figshare/png/masks/2420_mask.png,pixel,train
brain_figshare/png/images/2421.png,2421,MR048621B,1,brain_figshare/png/masks/2421_mask.png,pixel,train
brain_figshare/png/images/2422.png,2422,MR048621B,1,brain_figshare/png/masks/2422_mask.png,pixel,train
brain_figshare/png/images/2423.png,2423,MR048621B,1,brain_figshare/png/masks/2423_mask.png,pixel,train
brain_figshare/png/images/2424.png,2424,MR048621B,1,brain_figshare/png/masks/2424_mask.png,pixel,train
brain_figshare/png/images/2425.png,2425,MR048621B,1,brain_figshare/png/masks/2425_mask.png,pixel,train
brain_figshare/png/images/2426.png,2426,MR048944,1,brain_figshare/png/masks/2426_mask.png,pixel,test
brain_figshare/png/images/2427.png,2427,MR048944,1,brain_figshare/png/masks/2427_mask.png,pixel,test
brain_figshare/png/images/2428.png,2428,MR048944,1,brain_figshare/png/masks/2428_mask.png,pixel,test
brain_figshare/png/images/2429.png,2429,MR048944,1,brain_figshare/png/masks/2429_mask.png,pixel,test
brain_figshare/png/images/243.png,243,102714,0,brain_figshare/png/masks/243_mask.png,pixel,train
brain_figshare/png/images/2430.png,2430,MR048944,1,brain_figshare/png/masks/2430_mask.png,pixel,test
brain_figshare/png/images/2431.png,2431,MR048944,1,brain_figshare/png/masks/2431_mask.png,pixel,test
brain_figshare/png/images/2432.png,2432,MR048944,1,brain_figshare/png/masks/2432_mask.png,pixel,test
brain_figshare/png/images/2433.png,2433,MR048944,1,brain_figshare/png/masks/2433_mask.png,pixel,test
brain_figshare/png/images/2434.png,2434,MR048944,1,brain_figshare/png/masks/2434_mask.png,pixel,test
brain_figshare/png/images/2435.png,2435,MR048994,1,brain_figshare/png/masks/2435_mask.png,pixel,train
brain_figshare/png/images/2436.png,2436,MR048994,1,brain_figshare/png/masks/2436_mask.png,pixel,train
brain_figshare/png/images/2437.png,2437,MR048994,1,brain_figshare/png/masks/2437_mask.png,pixel,train
brain_figshare/png/images/2438.png,2438,MR048994,1,brain_figshare/png/masks/2438_mask.png,pixel,train
brain_figshare/png/images/2439.png,2439,MR048994,1,brain_figshare/png/masks/2439_mask.png,pixel,train
brain_figshare/png/images/244.png,244,102714,0,brain_figshare/png/masks/244_mask.png,pixel,train
brain_figshare/png/images/2440.png,2440,MR048994,1,brain_figshare/png/masks/2440_mask.png,pixel,train
brain_figshare/png/images/2441.png,2441,MR048994,1,brain_figshare/png/masks/2441_mask.png,pixel,train
brain_figshare/png/images/2442.png,2442,MR037458C,1,brain_figshare/png/masks/2442_mask.png,pixel,train
brain_figshare/png/images/2443.png,2443,MR040240,1,brain_figshare/png/masks/2443_mask.png,pixel,train
brain_figshare/png/images/2444.png,2444,MR040240,1,brain_figshare/png/masks/2444_mask.png,pixel,train
brain_figshare/png/images/2445.png,2445,MR040240,1,brain_figshare/png/masks/2445_mask.png,pixel,train
brain_figshare/png/images/2446.png,2446,MR040240,1,brain_figshare/png/masks/2446_mask.png,pixel,train
brain_figshare/png/images/2447.png,2447,MR040240,1,brain_figshare/png/masks/2447_mask.png,pixel,train
brain_figshare/png/images/2448.png,2448,MR040240,1,brain_figshare/png/masks/2448_mask.png,pixel,train
brain_figshare/png/images/2449.png,2449,MR040240,1,brain_figshare/png/masks/2449_mask.png,pixel,train
brain_figshare/png/images/245.png,245,102714,0,brain_figshare/png/masks/245_mask.png,pixel,train
brain_figshare/png/images/2450.png,2450,MR040240,1,brain_figshare/png/masks/2450_mask.png,pixel,train
brain_figshare/png/images/2451.png,2451,MR040240,1,brain_figshare/png/masks/2451_mask.png,pixel,train
brain_figshare/png/images/2452.png,2452,MR040240,1,brain_figshare/png/masks/2452_mask.png,pixel,train
brain_figshare/png/images/2453.png,2453,MR040240B,1,brain_figshare/png/masks/2453_mask.png,pixel,train
brain_figshare/png/images/2454.png,2454,MR040240B,1,brain_figshare/png/masks/2454_mask.png,pixel,train
brain_figshare/png/images/2455.png,2455,MR040240B,1,brain_figshare/png/masks/2455_mask.png,pixel,train
brain_figshare/png/images/2456.png,2456,MR040240B,1,brain_figshare/png/masks/2456_mask.png,pixel,train
brain_figshare/png/images/2457.png,2457,MR040240B,1,brain_figshare/png/masks/2457_mask.png,pixel,train
brain_figshare/png/images/2458.png,2458,MR040240B,1,brain_figshare/png/masks/2458_mask.png,pixel,train
brain_figshare/png/images/2459.png,2459,MR040240B,1,brain_figshare/png/masks/2459_mask.png,pixel,train
brain_figshare/png/images/246.png,246,102929,0,brain_figshare/png/masks/246_mask.png,pixel,test
brain_figshare/png/images/2460.png,2460,MR040240B,1,brain_figshare/png/masks/2460_mask.png,pixel,train
brain_figshare/png/images/2461.png,2461,MR040240B,1,brain_figshare/png/masks/2461_mask.png,pixel,train
brain_figshare/png/images/2462.png,2462,MR040240B,1,brain_figshare/png/masks/2462_mask.png,pixel,train
brain_figshare/png/images/2463.png,2463,MR029209G,1,brain_figshare/png/masks/2463_mask.png,pixel,test
brain_figshare/png/images/2464.png,2464,MR029209G,1,brain_figshare/png/masks/2464_mask.png,pixel,test
brain_figshare/png/images/2465.png,2465,MR029209G,1,brain_figshare/png/masks/2465_mask.png,pixel,test
brain_figshare/png/images/2466.png,2466,MR029209G,1,brain_figshare/png/masks/2466_mask.png,pixel,test
brain_figshare/png/images/2467.png,2467,MR029209G,1,brain_figshare/png/masks/2467_mask.png,pixel,test
brain_figshare/png/images/2468.png,2468,MR029209G,1,brain_figshare/png/masks/2468_mask.png,pixel,test
brain_figshare/png/images/2469.png,2469,MR029209G,1,brain_figshare/png/masks/2469_mask.png,pixel,test
brain_figshare/png/images/247.png,247,102929,0,brain_figshare/png/masks/247_mask.png,pixel,test
brain_figshare/png/images/2470.png,2470,MR036496B,1,brain_figshare/png/masks/2470_mask.png,pixel,val
brain_figshare/png/images/2471.png,2471,MR036496B,1,brain_figshare/png/masks/2471_mask.png,pixel,val
brain_figshare/png/images/2472.png,2472,MR036496B,1,brain_figshare/png/masks/2472_mask.png,pixel,val
brain_figshare/png/images/2473.png,2473,MR036496B,1,brain_figshare/png/masks/2473_mask.png,pixel,val
brain_figshare/png/images/2474.png,2474,MR036496B,1,brain_figshare/png/masks/2474_mask.png,pixel,val
brain_figshare/png/images/2475.png,2475,MR036496B,1,brain_figshare/png/masks/2475_mask.png,pixel,val
brain_figshare/png/images/2476.png,2476,MR033420,1,brain_figshare/png/masks/2476_mask.png,pixel,train
brain_figshare/png/images/2477.png,2477,MR033420,1,brain_figshare/png/masks/2477_mask.png,pixel,train
brain_figshare/png/images/2478.png,2478,MR033420,1,brain_figshare/png/masks/2478_mask.png,pixel,train
brain_figshare/png/images/2479.png,2479,MR033420,1,brain_figshare/png/masks/2479_mask.png,pixel,train
brain_figshare/png/images/248.png,248,102929,0,brain_figshare/png/masks/248_mask.png,pixel,test
brain_figshare/png/images/2480.png,2480,MR033420,1,brain_figshare/png/masks/2480_mask.png,pixel,train
brain_figshare/png/images/2481.png,2481,MR033420,1,brain_figshare/png/masks/2481_mask.png,pixel,train
brain_figshare/png/images/2482.png,2482,MR033420,1,brain_figshare/png/masks/2482_mask.png,pixel,train
brain_figshare/png/images/2483.png,2483,MR033420,1,brain_figshare/png/masks/2483_mask.png,pixel,train
brain_figshare/png/images/2484.png,2484,MR033420,1,brain_figshare/png/masks/2484_mask.png,pixel,train
brain_figshare/png/images/2485.png,2485,MR033420,1,brain_figshare/png/masks/2485_mask.png,pixel,train
brain_figshare/png/images/2486.png,2486,MR033420,1,brain_figshare/png/masks/2486_mask.png,pixel,train
brain_figshare/png/images/2487.png,2487,MR033389B,1,brain_figshare/png/masks/2487_mask.png,pixel,train
brain_figshare/png/images/2488.png,2488,MR033389B,1,brain_figshare/png/masks/2488_mask.png,pixel,train
brain_figshare/png/images/2489.png,2489,MR033389B,1,brain_figshare/png/masks/2489_mask.png,pixel,train
brain_figshare/png/images/249.png,249,102929,0,brain_figshare/png/masks/249_mask.png,pixel,test
brain_figshare/png/images/2490.png,2490,MR033389B,1,brain_figshare/png/masks/2490_mask.png,pixel,train
brain_figshare/png/images/2491.png,2491,MR033389B,1,brain_figshare/png/masks/2491_mask.png,pixel,train
brain_figshare/png/images/2492.png,2492,MR033389B,1,brain_figshare/png/masks/2492_mask.png,pixel,train
brain_figshare/png/images/2493.png,2493,MR033389B,1,brain_figshare/png/masks/2493_mask.png,pixel,train
brain_figshare/png/images/2494.png,2494,MR033389B,1,brain_figshare/png/masks/2494_mask.png,pixel,train
brain_figshare/png/images/2495.png,2495,MR033389B,1,brain_figshare/png/masks/2495_mask.png,pixel,train
brain_figshare/png/images/2496.png,2496,MR024780E,1,brain_figshare/png/masks/2496_mask.png,pixel,val
brain_figshare/png/images/2497.png,2497,MR024780E,1,brain_figshare/png/masks/2497_mask.png,pixel,val
brain_figshare/png/images/2498.png,2498,MR024780E,1,brain_figshare/png/masks/2498_mask.png,pixel,val
brain_figshare/png/images/2499.png,2499,MR026175E,1,brain_figshare/png/masks/2499_mask.png,pixel,train
brain_figshare/png/images/25.png,25,102420,0,brain_figshare/png/masks/25_mask.png,pixel,train
brain_figshare/png/images/250.png,250,102929,0,brain_figshare/png/masks/250_mask.png,pixel,test
brain_figshare/png/images/2500.png,2500,MR026175E,1,brain_figshare/png/masks/2500_mask.png,pixel,train
brain_figshare/png/images/2501.png,2501,MR026175E,1,brain_figshare/png/masks/2501_mask.png,pixel,train
brain_figshare/png/images/2502.png,2502,MR026175E,1,brain_figshare/png/masks/2502_mask.png,pixel,train
brain_figshare/png/images/2503.png,2503,MR026175E,1,brain_figshare/png/masks/2503_mask.png,pixel,train
brain_figshare/png/images/2504.png,2504,MR026175E,1,brain_figshare/png/masks/2504_mask.png,pixel,train
brain_figshare/png/images/2505.png,2505,MR026175E,1,brain_figshare/png/masks/2505_mask.png,pixel,train
brain_figshare/png/images/2506.png,2506,MR026175E,1,brain_figshare/png/masks/2506_mask.png,pixel,train
brain_figshare/png/images/2507.png,2507,MR026175E,1,brain_figshare/png/masks/2507_mask.png,pixel,train
brain_figshare/png/images/2508.png,2508,MR026175E,1,brain_figshare/png/masks/2508_mask.png,pixel,train
brain_figshare/png/images/2509.png,2509,MR040240C,1,brain_figshare/png/masks/2509_mask.png,pixel,train
brain_figshare/png/images/251.png,251,102929,0,brain_figshare/png/masks/251_mask.png,pixel,test
brain_figshare/png/images/2510.png,2510,MR040240C,1,brain_figshare/png/masks/2510_mask.png,pixel,train
brain_figshare/png/images/2511.png,2511,MR040240C,1,brain_figshare/png/masks/2511_mask.png,pixel,train
brain_figshare/png/images/2512.png,2512,MR040240C,1,brain_figshare/png/masks/2512_mask.png,pixel,train
brain_figshare/png/images/2513.png,2513,MR040240C,1,brain_figshare/png/masks/2513_mask.png,pixel,train
brain_figshare/png/images/2514.png,2514,MR040240C,1,brain_figshare/png/masks/2514_mask.png,pixel,train
brain_figshare/png/images/2515.png,2515,MR040240C,1,brain_figshare/png/masks/2515_mask.png,pixel,train
brain_figshare/png/images/2516.png,2516,MR040240C,1,brain_figshare/png/masks/2516_mask.png,pixel,train
brain_figshare/png/images/2517.png,2517,MR040240C,1,brain_figshare/png/masks/2517_mask.png,pixel,train
brain_figshare/png/images/2518.png,2518,MR040240C,1,brain_figshare/png/masks/2518_mask.png,pixel,train
brain_figshare/png/images/2519.png,2519,MR040240C,1,brain_figshare/png/masks/2519_mask.png,pixel,train
brain_figshare/png/images/252.png,252,102935,0,brain_figshare/png/masks/252_mask.png,pixel,val
brain_figshare/png/images/2520.png,2520,MR040240C,1,brain_figshare/png/masks/2520_mask.png,pixel,train
brain_figshare/png/images/2521.png,2521,MR040240C,1,brain_figshare/png/masks/2521_mask.png,pixel,train
brain_figshare/png/images/2522.png,2522,MR040240C,1,brain_figshare/png/masks/2522_mask.png,pixel,train
brain_figshare/png/images/2523.png,2523,MR040240C,1,brain_figshare/png/masks/2523_mask.png,pixel,train
brain_figshare/png/images/2524.png,2524,MR017260F,1,brain_figshare/png/masks/2524_mask.png,pixel,train
brain_figshare/png/images/2525.png,2525,MR017260F,1,brain_figshare/png/masks/2525_mask.png,pixel,train
brain_figshare/png/images/2526.png,2526,MR017260F,1,brain_figshare/png/masks/2526_mask.png,pixel,train
brain_figshare/png/images/2527.png,2527,MR017260F,1,brain_figshare/png/masks/2527_mask.png,pixel,train
brain_figshare/png/images/2528.png,2528,MR017260F,1,brain_figshare/png/masks/2528_mask.png,pixel,train
brain_figshare/png/images/2529.png,2529,MR017260F,1,brain_figshare/png/masks/2529_mask.png,pixel,train
brain_figshare/png/images/253.png,253,102985,0,brain_figshare/png/masks/253_mask.png,pixel,train
brain_figshare/png/images/2530.png,2530,MR029209I,1,brain_figshare/png/masks/2530_mask.png,pixel,train
brain_figshare/png/images/2531.png,2531,MR029209I,1,brain_figshare/png/masks/2531_mask.png,pixel,train
brain_figshare/png/images/2532.png,2532,MR029209I,1,brain_figshare/png/masks/2532_mask.png,pixel,train
brain_figshare/png/images/2533.png,2533,MR029209I,1,brain_figshare/png/masks/2533_mask.png,pixel,train
brain_figshare/png/images/2534.png,2534,MR029209I,1,brain_figshare/png/masks/2534_mask.png,pixel,train
brain_figshare/png/images/2535.png,2535,MR029209I,1,brain_figshare/png/masks/2535_mask.png,pixel,train
brain_figshare/png/images/2536.png,2536,MR029209I,1,brain_figshare/png/masks/2536_mask.png,pixel,train
brain_figshare/png/images/2537.png,2537,MR029209I,1,brain_figshare/png/masks/2537_mask.png,pixel,train
brain_figshare/png/images/2538.png,2538,MR029209I,1,brain_figshare/png/masks/2538_mask.png,pixel,train
brain_figshare/png/images/2539.png,2539,MR029209I,1,brain_figshare/png/masks/2539_mask.png,pixel,train
brain_figshare/png/images/254.png,254,103673,0,brain_figshare/png/masks/254_mask.png,pixel,train
brain_figshare/png/images/2540.png,2540,MR048294,1,brain_figshare/png/masks/2540_mask.png,pixel,train
brain_figshare/png/images/2541.png,2541,MR048294,1,brain_figshare/png/masks/2541_mask.png,pixel,train
brain_figshare/png/images/2542.png,2542,MR048294,1,brain_figshare/png/masks/2542_mask.png,pixel,train
brain_figshare/png/images/2543.png,2543,MR048294,1,brain_figshare/png/masks/2543_mask.png,pixel,train
brain_figshare/png/images/2544.png,2544,MR048294,1,brain_figshare/png/masks/2544_mask.png,pixel,train
brain_figshare/png/images/2545.png,2545,MR048294,1,brain_figshare/png/masks/2545_mask.png,pixel,train
brain_figshare/png/images/2546.png,2546,MR051586,1,brain_figshare/png/masks/2546_mask.png,pixel,train
brain_figshare/png/images/2547.png,2547,MR051586,1,brain_figshare/png/masks/2547_mask.png,pixel,train
brain_figshare/png/images/2548.png,2548,MR051586,1,brain_figshare/png/masks/2548_mask.png,pixel,train
brain_figshare/png/images/2549.png,2549,MR051586,1,brain_figshare/png/masks/2549_mask.png,pixel,train
brain_figshare/png/images/255.png,255,103673,0,brain_figshare/png/masks/255_mask.png,pixel,train
brain_figshare/png/images/2550.png,2550,MR051461B,1,brain_figshare/png/masks/2550_mask.png,pixel,train
brain_figshare/png/images/2551.png,2551,MR051461B,1,brain_figshare/png/masks/2551_mask.png,pixel,train
brain_figshare/png/images/2552.png,2552,MR051461B,1,brain_figshare/png/masks/2552_mask.png,pixel,train
brain_figshare/png/images/2553.png,2553,MR051461B,1,brain_figshare/png/masks/2553_mask.png,pixel,train
brain_figshare/png/images/2554.png,2554,MR051644,1,brain_figshare/png/masks/2554_mask.png,pixel,train
brain_figshare/png/images/2555.png,2555,MR051644,1,brain_figshare/png/masks/2555_mask.png,pixel,train
brain_figshare/png/images/2556.png,2556,MR051644,1,brain_figshare/png/masks/2556_mask.png,pixel,train
brain_figshare/png/images/2557.png,2557,MR051644,1,brain_figshare/png/masks/2557_mask.png,pixel,train
brain_figshare/png/images/2558.png,2558,MR051644,1,brain_figshare/png/masks/2558_mask.png,pixel,train
brain_figshare/png/images/2559.png,2559,MR051644,1,brain_figshare/png/masks/2559_mask.png,pixel,train
brain_figshare/png/images/256.png,256,103673,0,brain_figshare/png/masks/256_mask.png,pixel,train
brain_figshare/png/images/2560.png,2560,MR051644,1,brain_figshare/png/masks/2560_mask.png,pixel,train
brain_figshare/png/images/2561.png,2561,MR051644,1,brain_figshare/png/masks/2561_mask.png,pixel,train
brain_figshare/png/images/2562.png,2562,MR051644,1,brain_figshare/png/masks/2562_mask.png,pixel,train
brain_figshare/png/images/2563.png,2563,MR051644,1,brain_figshare/png/masks/2563_mask.png,pixel,train
brain_figshare/png/images/2564.png,2564,MR051644,1,brain_figshare/png/masks/2564_mask.png,pixel,train
brain_figshare/png/images/2565.png,2565,MR051644,1,brain_figshare/png/masks/2565_mask.png,pixel,train
brain_figshare/png/images/2566.png,2566,MR051651,1,brain_figshare/png/masks/2566_mask.png,pixel,test
brain_figshare/png/images/2567.png,2567,MR051651,1,brain_figshare/png/masks/2567_mask.png,pixel,test
brain_figshare/png/images/2568.png,2568,MR051651,1,brain_figshare/png/masks/2568_mask.png,pixel,test
brain_figshare/png/images/2569.png,2569,MR051651,1,brain_figshare/png/masks/2569_mask.png,pixel,test
brain_figshare/png/images/257.png,257,103673,0,brain_figshare/png/masks/257_mask.png,pixel,train
brain_figshare/png/images/2570.png,2570,MR051651,1,brain_figshare/png/masks/2570_mask.png,pixel,test
brain_figshare/png/images/2571.png,2571,MR051651,1,brain_figshare/png/masks/2571_mask.png,pixel,test
brain_figshare/png/images/2572.png,2572,MR051651,1,brain_figshare/png/masks/2572_mask.png,pixel,test
brain_figshare/png/images/2573.png,2573,MR051796,1,brain_figshare/png/masks/2573_mask.png,pixel,train
brain_figshare/png/images/2574.png,2574,MR051796,1,brain_figshare/png/masks/2574_mask.png,pixel,train
brain_figshare/png/images/2575.png,2575,MR051796,1,brain_figshare/png/masks/2575_mask.png,pixel,train
brain_figshare/png/images/2576.png,2576,MR051796,1,brain_figshare/png/masks/2576_mask.png,pixel,train
brain_figshare/png/images/2577.png,2577,MR051796,1,brain_figshare/png/masks/2577_mask.png,pixel,train
brain_figshare/png/images/2578.png,2578,MR051796,1,brain_figshare/png/masks/2578_mask.png,pixel,train
brain_figshare/png/images/2579.png,2579,MR051651B,1,brain_figshare/png/masks/2579_mask.png,pixel,test
brain_figshare/png/images/258.png,258,103673,0,brain_figshare/png/masks/258_mask.png,pixel,train
brain_figshare/png/images/2580.png,2580,MR051651B,1,brain_figshare/png/masks/2580_mask.png,pixel,test
brain_figshare/png/images/2581.png,2581,MR051651B,1,brain_figshare/png/masks/2581_mask.png,pixel,test
brain_figshare/png/images/2582.png,2582,MR051651B,1,brain_figshare/png/masks/2582_mask.png,pixel,test
brain_figshare/png/images/2583.png,2583,MR051651B,1,brain_figshare/png/masks/2583_mask.png,pixel,test
brain_figshare/png/images/2584.png,2584,MR051651B,1,brain_figshare/png/masks/2584_mask.png,pixel,test
brain_figshare/png/images/2585.png,2585,MR051651B,1,brain_figshare/png/masks/2585_mask.png,pixel,test
brain_figshare/png/images/2586.png,2586,MR051796B,1,brain_figshare/png/masks/2586_mask.png,pixel,train
brain_figshare/png/images/2587.png,2587,MR051796B,1,brain_figshare/png/masks/2587_mask.png,pixel,train
brain_figshare/png/images/2588.png,2588,MR051796B,1,brain_figshare/png/masks/2588_mask.png,pixel,train
brain_figshare/png/images/2589.png,2589,MR052550,1,brain_figshare/png/masks/2589_mask.png,pixel,train
brain_figshare/png/images/259.png,259,103673,0,brain_figshare/png/masks/259_mask.png,pixel,train
brain_figshare/png/images/2590.png,2590,MR052550,1,brain_figshare/png/masks/2590_mask.png,pixel,train
brain_figshare/png/images/2591.png,2591,MR052550,1,brain_figshare/png/masks/2591_mask.png,pixel,train
brain_figshare/png/images/2592.png,2592,MR052550,1,brain_figshare/png/masks/2592_mask.png,pixel,train
brain_figshare/png/images/2593.png,2593,MR052550,1,brain_figshare/png/masks/2593_mask.png,pixel,train
brain_figshare/png/images/2594.png,2594,MR052550,1,brain_figshare/png/masks/2594_mask.png,pixel,train
brain_figshare/png/images/2595.png,2595,MR051644C,1,brain_figshare/png/masks/2595_mask.png,pixel,train
brain_figshare/png/images/2596.png,2596,MR051644C,1,brain_figshare/png/masks/2596_mask.png,pixel,train
brain_figshare/png/images/2597.png,2597,MR051644C,1,brain_figshare/png/masks/2597_mask.png,pixel,train
brain_figshare/png/images/2598.png,2598,MR051644C,1,brain_figshare/png/masks/2598_mask.png,pixel,train
brain_figshare/png/images/2599.png,2599,MR051644C,1,brain_figshare/png/masks/2599_mask.png,pixel,train
brain_figshare/png/images/26.png,26,102446,0,brain_figshare/png/masks/26_mask.png,pixel,train
brain_figshare/png/images/260.png,260,103673,0,brain_figshare/png/masks/260_mask.png,pixel,train
brain_figshare/png/images/2600.png,2600,MR051644C,1,brain_figshare/png/masks/2600_mask.png,pixel,train
brain_figshare/png/images/2601.png,2601,MR051644C,1,brain_figshare/png/masks/2601_mask.png,pixel,train
brain_figshare/png/images/2602.png,2602,MR051644C,1,brain_figshare/png/masks/2602_mask.png,pixel,train
brain_figshare/png/images/2603.png,2603,MR051644C,1,brain_figshare/png/masks/2603_mask.png,pixel,train
brain_figshare/png/images/2604.png,2604,MR051644C,1,brain_figshare/png/masks/2604_mask.png,pixel,train
brain_figshare/png/images/2605.png,2605,MR051644C,1,brain_figshare/png/masks/2605_mask.png,pixel,train
brain_figshare/png/images/2606.png,2606,MR051644C,1,brain_figshare/png/masks/2606_mask.png,pixel,train
brain_figshare/png/images/2607.png,2607,MR051644C,1,brain_figshare/png/masks/2607_mask.png,pixel,train
brain_figshare/png/images/2608.png,2608,MR049942B,1,brain_figshare/png/masks/2608_mask.png,pixel,test
brain_figshare/png/images/2609.png,2609,MR049942B,1,brain_figshare/png/masks/2609_mask.png,pixel,test
brain_figshare/png/images/261.png,261,103925,0,brain_figshare/png/masks/261_mask.png,pixel,train
brain_figshare/png/images/2610.png,2610,MR049942B,1,brain_figshare/png/masks/2610_mask.png,pixel,test
brain_figshare/png/images/2611.png,2611,MR049942B,1,brain_figshare/png/masks/2611_mask.png,pixel,test
brain_figshare/png/images/2612.png,2612,MR047953C,1,brain_figshare/png/masks/2612_mask.png,pixel,train
brain_figshare/png/images/2613.png,2613,MR047953C,1,brain_figshare/png/masks/2613_mask.png,pixel,train
brain_figshare/png/images/2614.png,2614,MR047953C,1,brain_figshare/png/masks/2614_mask.png,pixel,train
brain_figshare/png/images/2615.png,2615,MR047953C,1,brain_figshare/png/masks/2615_mask.png,pixel,train
brain_figshare/png/images/2616.png,2616,MR047953C,1,brain_figshare/png/masks/2616_mask.png,pixel,train
brain_figshare/png/images/2617.png,2617,MR053110B,1,brain_figshare/png/masks/2617_mask.png,pixel,train
brain_figshare/png/images/2618.png,2618,MR053110B,1,brain_figshare/png/masks/2618_mask.png,pixel,train
brain_figshare/png/images/2619.png,2619,MR053110B,1,brain_figshare/png/masks/2619_mask.png,pixel,train
brain_figshare/png/images/262.png,262,103925,0,brain_figshare/png/masks/262_mask.png,pixel,train
brain_figshare/png/images/2620.png,2620,MR053110B,1,brain_figshare/png/masks/2620_mask.png,pixel,train
brain_figshare/png/images/2621.png,2621,MR053110B,1,brain_figshare/png/masks/2621_mask.png,pixel,train
brain_figshare/png/images/2622.png,2622,MR053110B,1,brain_figshare/png/masks/2622_mask.png,pixel,train
brain_figshare/png/images/2623.png,2623,MR053110B,1,brain_figshare/png/masks/2623_mask.png,pixel,train
brain_figshare/png/images/2624.png,2624,MR034694,1,brain_figshare/png/masks/2624_mask.png,pixel,train
brain_figshare/png/images/2625.png,2625,MR034694,1,brain_figshare/png/masks/2625_mask.png,pixel,train
brain_figshare/png/images/2626.png,2626,MR034694,1,brain_figshare/png/masks/2626_mask.png,pixel,train
brain_figshare/png/images/2627.png,2627,MR034694,1,brain_figshare/png/masks/2627_mask.png,pixel,train
brain_figshare/png/images/2628.png,2628,MR034694,1,brain_figshare/png/masks/2628_mask.png,pixel,train
brain_figshare/png/images/2629.png,2629,MR034694,1,brain_figshare/png/masks/2629_mask.png,pixel,train
brain_figshare/png/images/263.png,263,103925,0,brain_figshare/png/masks/263_mask.png,pixel,train
brain_figshare/png/images/2630.png,2630,MR034694,1,brain_figshare/png/masks/2630_mask.png,pixel,train
brain_figshare/png/images/2631.png,2631,MR054683,1,brain_figshare/png/masks/2631_mask.png,pixel,train
brain_figshare/png/images/2632.png,2632,MR054683,1,brain_figshare/png/masks/2632_mask.png,pixel,train
brain_figshare/png/images/2633.png,2633,MR054683,1,brain_figshare/png/masks/2633_mask.png,pixel,train
brain_figshare/png/images/2634.png,2634,MR050687C,1,brain_figshare/png/masks/2634_mask.png,pixel,val
brain_figshare/png/images/2635.png,2635,MR050687C,1,brain_figshare/png/masks/2635_mask.png,pixel,val
brain_figshare/png/images/2636.png,2636,MR050687C,1,brain_figshare/png/masks/2636_mask.png,pixel,val
brain_figshare/png/images/2637.png,2637,MR050687C,1,brain_figshare/png/masks/2637_mask.png,pixel,val
brain_figshare/png/images/2638.png,2638,MR050687C,1,brain_figshare/png/masks/2638_mask.png,pixel,val
brain_figshare/png/images/2639.png,2639,MR050687C,1,brain_figshare/png/masks/2639_mask.png,pixel,val
brain_figshare/png/images/264.png,264,103925,0,brain_figshare/png/masks/264_mask.png,pixel,train
brain_figshare/png/images/2640.png,2640,MR050687C,1,brain_figshare/png/masks/2640_mask.png,pixel,val
brain_figshare/png/images/2641.png,2641,MR049242C,1,brain_figshare/png/masks/2641_mask.png,pixel,train
brain_figshare/png/images/2642.png,2642,MR049242C,1,brain_figshare/png/masks/2642_mask.png,pixel,train
brain_figshare/png/images/2643.png,2643,MR049242C,1,brain_figshare/png/masks/2643_mask.png,pixel,train
brain_figshare/png/images/2644.png,2644,MR049242C,1,brain_figshare/png/masks/2644_mask.png,pixel,train
brain_figshare/png/images/2645.png,2645,MR049242C,1,brain_figshare/png/masks/2645_mask.png,pixel,train
brain_figshare/png/images/2646.png,2646,MR053241C,1,brain_figshare/png/masks/2646_mask.png,pixel,train
brain_figshare/png/images/2647.png,2647,MR053241C,1,brain_figshare/png/masks/2647_mask.png,pixel,train
brain_figshare/png/images/2648.png,2648,MR053241C,1,brain_figshare/png/masks/2648_mask.png,pixel,train
brain_figshare/png/images/2649.png,2649,MR053241C,1,brain_figshare/png/masks/2649_mask.png,pixel,train
brain_figshare/png/images/265.png,265,103925,0,brain_figshare/png/masks/265_mask.png,pixel,train
brain_figshare/png/images/2650.png,2650,MR034997,1,brain_figshare/png/masks/2650_mask.png,pixel,test
brain_figshare/png/images/2651.png,2651,MR034997,1,brain_figshare/png/masks/2651_mask.png,pixel,test
brain_figshare/png/images/2652.png,2652,MR034997,1,brain_figshare/png/masks/2652_mask.png,pixel,test
brain_figshare/png/images/2653.png,2653,MR034997,1,brain_figshare/png/masks/2653_mask.png,pixel,test
brain_figshare/png/images/2654.png,2654,MR034997,1,brain_figshare/png/masks/2654_mask.png,pixel,test
brain_figshare/png/images/2655.png,2655,MR034997,1,brain_figshare/png/masks/2655_mask.png,pixel,test
brain_figshare/png/images/2656.png,2656,MR034997,1,brain_figshare/png/masks/2656_mask.png,pixel,test
brain_figshare/png/images/2657.png,2657,MR029209E,1,brain_figshare/png/masks/2657_mask.png,pixel,test
brain_figshare/png/images/2658.png,2658,MR029209E,1,brain_figshare/png/masks/2658_mask.png,pixel,test
brain_figshare/png/images/2659.png,2659,MR029209E,1,brain_figshare/png/masks/2659_mask.png,pixel,test
brain_figshare/png/images/266.png,266,103925,0,brain_figshare/png/masks/266_mask.png,pixel,train
brain_figshare/png/images/2660.png,2660,MR029209E,1,brain_figshare/png/masks/2660_mask.png,pixel,test
brain_figshare/png/images/2661.png,2661,MR029209E,1,brain_figshare/png/masks/2661_mask.png,pixel,test
brain_figshare/png/images/2662.png,2662,MR029209E,1,brain_figshare/png/masks/2662_mask.png,pixel,test
brain_figshare/png/images/2663.png,2663,MR029209E,1,brain_figshare/png/masks/2663_mask.png,pixel,test
brain_figshare/png/images/2664.png,2664,MR053110E,1,brain_figshare/png/masks/2664_mask.png,pixel,train
brain_figshare/png/images/2665.png,2665,MR053110E,1,brain_figshare/png/masks/2665_mask.png,pixel,train
brain_figshare/png/images/2666.png,2666,MR053110E,1,brain_figshare/png/masks/2666_mask.png,pixel,train
brain_figshare/png/images/2667.png,2667,MR053110E,1,brain_figshare/png/masks/2667_mask.png,pixel,train
brain_figshare/png/images/2668.png,2668,MR053110E,1,brain_figshare/png/masks/2668_mask.png,pixel,train
brain_figshare/png/images/2669.png,2669,MR053110E,1,brain_figshare/png/masks/2669_mask.png,pixel,train
brain_figshare/png/images/267.png,267,103925,0,brain_figshare/png/masks/267_mask.png,pixel,train
brain_figshare/png/images/2670.png,2670,MR053110E,1,brain_figshare/png/masks/2670_mask.png,pixel,train
brain_figshare/png/images/2671.png,2671,MR053110E,1,brain_figshare/png/masks/2671_mask.png,pixel,train
brain_figshare/png/images/2672.png,2672,MR053110E,1,brain_figshare/png/masks/2672_mask.png,pixel,train
brain_figshare/png/images/2673.png,2673,MR053110E,1,brain_figshare/png/masks/2673_mask.png,pixel,train
brain_figshare/png/images/2674.png,2674,MR053110E,1,brain_figshare/png/masks/2674_mask.png,pixel,train
brain_figshare/png/images/2675.png,2675,MR049019G,1,brain_figshare/png/masks/2675_mask.png,pixel,train
brain_figshare/png/images/2676.png,2676,MR049019G,1,brain_figshare/png/masks/2676_mask.png,pixel,train
brain_figshare/png/images/2677.png,2677,MR049019G,1,brain_figshare/png/masks/2677_mask.png,pixel,train
brain_figshare/png/images/2678.png,2678,MR031409B,1,brain_figshare/png/masks/2678_mask.png,pixel,train
brain_figshare/png/images/2679.png,2679,MR031409B,1,brain_figshare/png/masks/2679_mask.png,pixel,train
brain_figshare/png/images/268.png,268,103925,0,brain_figshare/png/masks/268_mask.png,pixel,train
brain_figshare/png/images/2680.png,2680,MR024780D,1,brain_figshare/png/masks/2680_mask.png,pixel,val
brain_figshare/png/images/2681.png,2681,MR024780D,1,brain_figshare/png/masks/2681_mask.png,pixel,val
brain_figshare/png/images/2682.png,2682,MR038469,1,brain_figshare/png/masks/2682_mask.png,pixel,train
brain_figshare/png/images/2683.png,2683,MR038469,1,brain_figshare/png/masks/2683_mask.png,pixel,train
brain_figshare/png/images/2684.png,2684,MR038469,1,brain_figshare/png/masks/2684_mask.png,pixel,train
brain_figshare/png/images/2685.png,2685,MR038469,1,brain_figshare/png/masks/2685_mask.png,pixel,train
brain_figshare/png/images/2686.png,2686,MR038469,1,brain_figshare/png/masks/2686_mask.png,pixel,train
brain_figshare/png/images/2687.png,2687,MR038469,1,brain_figshare/png/masks/2687_mask.png,pixel,train
brain_figshare/png/images/2688.png,2688,MR032322C,1,brain_figshare/png/masks/2688_mask.png,pixel,train
brain_figshare/png/images/2689.png,2689,MR032322C,1,brain_figshare/png/masks/2689_mask.png,pixel,train
brain_figshare/png/images/269.png,269,104167,0,brain_figshare/png/masks/269_mask.png,pixel,test
brain_figshare/png/images/2690.png,2690,MR032322C,1,brain_figshare/png/masks/2690_mask.png,pixel,train
brain_figshare/png/images/2691.png,2691,MR032322C,1,brain_figshare/png/masks/2691_mask.png,pixel,train
brain_figshare/png/images/2692.png,2692,MR032322C,1,brain_figshare/png/masks/2692_mask.png,pixel,train
brain_figshare/png/images/2693.png,2693,MR032322C,1,brain_figshare/png/masks/2693_mask.png,pixel,train
brain_figshare/png/images/2694.png,2694,MR032322C,1,brain_figshare/png/masks/2694_mask.png,pixel,train
brain_figshare/png/images/2695.png,2695,MR032322C,1,brain_figshare/png/masks/2695_mask.png,pixel,train
brain_figshare/png/images/2696.png,2696,MR032322C,1,brain_figshare/png/masks/2696_mask.png,pixel,train
brain_figshare/png/images/2697.png,2697,MR032322C,1,brain_figshare/png/masks/2697_mask.png,pixel,train
brain_figshare/png/images/2698.png,2698,MR032322C,1,brain_figshare/png/masks/2698_mask.png,pixel,train
brain_figshare/png/images/2699.png,2699,MR032322C,1,brain_figshare/png/masks/2699_mask.png,pixel,train
brain_figshare/png/images/27.png,27,102675,0,brain_figshare/png/masks/27_mask.png,pixel,train
brain_figshare/png/images/270.png,270,104167,0,brain_figshare/png/masks/270_mask.png,pixel,test
brain_figshare/png/images/2700.png,2700,MR032322C,1,brain_figshare/png/masks/2700_mask.png,pixel,train
brain_figshare/png/images/2701.png,2701,MR032322C,1,brain_figshare/png/masks/2701_mask.png,pixel,train
brain_figshare/png/images/2702.png,2702,MR037458B,1,brain_figshare/png/masks/2702_mask.png,pixel,train
brain_figshare/png/images/2703.png,2703,MR037458B,1,brain_figshare/png/masks/2703_mask.png,pixel,train
brain_figshare/png/images/2704.png,2704,MR037458B,1,brain_figshare/png/masks/2704_mask.png,pixel,train
brain_figshare/png/images/2705.png,2705,MR037458B,1,brain_figshare/png/masks/2705_mask.png,pixel,train
brain_figshare/png/images/2706.png,2706,MR037458B,1,brain_figshare/png/masks/2706_mask.png,pixel,train
brain_figshare/png/images/2707.png,2707,MR037458B,1,brain_figshare/png/masks/2707_mask.png,pixel,train
brain_figshare/png/images/2708.png,2708,MR037458B,1,brain_figshare/png/masks/2708_mask.png,pixel,train
brain_figshare/png/images/2709.png,2709,MR037458B,1,brain_figshare/png/masks/2709_mask.png,pixel,train
brain_figshare/png/images/271.png,271,104167,0,brain_figshare/png/masks/271_mask.png,pixel,test
brain_figshare/png/images/2710.png,2710,MR039473,1,brain_figshare/png/masks/2710_mask.png,pixel,val
brain_figshare/png/images/2711.png,2711,MR039473,1,brain_figshare/png/masks/2711_mask.png,pixel,val
brain_figshare/png/images/2712.png,2712,MR039473,1,brain_figshare/png/masks/2712_mask.png,pixel,val
brain_figshare/png/images/2713.png,2713,MR039473,1,brain_figshare/png/masks/2713_mask.png,pixel,val
brain_figshare/png/images/2714.png,2714,MR039473B,1,brain_figshare/png/masks/2714_mask.png,pixel,val
brain_figshare/png/images/2715.png,2715,MR039473B,1,brain_figshare/png/masks/2715_mask.png,pixel,val
brain_figshare/png/images/2716.png,2716,MR039473B,1,brain_figshare/png/masks/2716_mask.png,pixel,val
brain_figshare/png/images/2717.png,2717,MR039473B,1,brain_figshare/png/masks/2717_mask.png,pixel,val
brain_figshare/png/images/2718.png,2718,MR039473B,1,brain_figshare/png/masks/2718_mask.png,pixel,val
brain_figshare/png/images/2719.png,2719,MR039473B,1,brain_figshare/png/masks/2719_mask.png,pixel,val
brain_figshare/png/images/272.png,272,104167,0,brain_figshare/png/masks/272_mask.png,pixel,test
brain_figshare/png/images/2720.png,2720,MR039473B,1,brain_figshare/png/masks/2720_mask.png,pixel,val
brain_figshare/png/images/2721.png,2721,MR039473B,1,brain_figshare/png/masks/2721_mask.png,pixel,val
brain_figshare/png/images/2722.png,2722,MR039473B,1,brain_figshare/png/masks/2722_mask.png,pixel,val
brain_figshare/png/images/2723.png,2723,MR037458C,1,brain_figshare/png/masks/2723_mask.png,pixel,train
brain_figshare/png/images/2724.png,2724,MR037458C,1,brain_figshare/png/masks/2724_mask.png,pixel,train
brain_figshare/png/images/2725.png,2725,MR037458C,1,brain_figshare/png/masks/2725_mask.png,pixel,train
brain_figshare/png/images/2726.png,2726,MR037458C,1,brain_figshare/png/masks/2726_mask.png,pixel,train
brain_figshare/png/images/2727.png,2727,MR037458C,1,brain_figshare/png/masks/2727_mask.png,pixel,train
brain_figshare/png/images/2728.png,2728,MR037458C,1,brain_figshare/png/masks/2728_mask.png,pixel,train
brain_figshare/png/images/2729.png,2729,MR037458C,1,brain_figshare/png/masks/2729_mask.png,pixel,train
brain_figshare/png/images/273.png,273,104167,0,brain_figshare/png/masks/273_mask.png,pixel,test
brain_figshare/png/images/2730.png,2730,MR037458C,1,brain_figshare/png/masks/2730_mask.png,pixel,train
brain_figshare/png/images/2731.png,2731,MR029209E,1,brain_figshare/png/masks/2731_mask.png,pixel,test
brain_figshare/png/images/2732.png,2732,MR029209E,1,brain_figshare/png/masks/2732_mask.png,pixel,test
brain_figshare/png/images/2733.png,2733,MR029209E,1,brain_figshare/png/masks/2733_mask.png,pixel,test
brain_figshare/png/images/2734.png,2734,MR029209E,1,brain_figshare/png/masks/2734_mask.png,pixel,test
brain_figshare/png/images/2735.png,2735,MR029209E,1,brain_figshare/png/masks/2735_mask.png,pixel,test
brain_figshare/png/images/2736.png,2736,MR029209E,1,brain_figshare/png/masks/2736_mask.png,pixel,test
brain_figshare/png/images/2737.png,2737,MR029209E,1,brain_figshare/png/masks/2737_mask.png,pixel,test
brain_figshare/png/images/2738.png,2738,MR053110E,1,brain_figshare/png/masks/2738_mask.png,pixel,train
brain_figshare/png/images/2739.png,2739,MR053110E,1,brain_figshare/png/masks/2739_mask.png,pixel,train
brain_figshare/png/images/274.png,274,104167,0,brain_figshare/png/masks/274_mask.png,pixel,test
brain_figshare/png/images/2740.png,2740,MR053110E,1,brain_figshare/png/masks/2740_mask.png,pixel,train
brain_figshare/png/images/2741.png,2741,MR053110E,1,brain_figshare/png/masks/2741_mask.png,pixel,train
brain_figshare/png/images/2742.png,2742,MR053110E,1,brain_figshare/png/masks/2742_mask.png,pixel,train
brain_figshare/png/images/2743.png,2743,MR049019G,1,brain_figshare/png/masks/2743_mask.png,pixel,train
brain_figshare/png/images/2744.png,2744,MR049019G,1,brain_figshare/png/masks/2744_mask.png,pixel,train
brain_figshare/png/images/2745.png,2745,MR049019G,1,brain_figshare/png/masks/2745_mask.png,pixel,train
brain_figshare/png/images/2746.png,2746,MR049019G,1,brain_figshare/png/masks/2746_mask.png,pixel,train
brain_figshare/png/images/2747.png,2747,MR049019G,1,brain_figshare/png/masks/2747_mask.png,pixel,train
brain_figshare/png/images/2748.png,2748,MR031409B,1,brain_figshare/png/masks/2748_mask.png,pixel,train
brain_figshare/png/images/2749.png,2749,MR031409B,1,brain_figshare/png/masks/2749_mask.png,pixel,train
brain_figshare/png/images/275.png,275,104281,0,brain_figshare/png/masks/275_mask.png,pixel,train
brain_figshare/png/images/2750.png,2750,MR024780D,1,brain_figshare/png/masks/2750_mask.png,pixel,val
brain_figshare/png/images/2751.png,2751,MR024780D,1,brain_figshare/png/masks/2751_mask.png,pixel,val
brain_figshare/png/images/2752.png,2752,MR024780D,1,brain_figshare/png/masks/2752_mask.png,pixel,val
brain_figshare/png/images/2753.png,2753,MR038469,1,brain_figshare/png/masks/2753_mask.png,pixel,train
brain_figshare/png/images/2754.png,2754,MR038469,1,brain_figshare/png/masks/2754_mask.png,pixel,train
brain_figshare/png/images/2755.png,2755,MR038469,1,brain_figshare/png/masks/2755_mask.png,pixel,train
brain_figshare/png/images/2756.png,2756,MR038469,1,brain_figshare/png/masks/2756_mask.png,pixel,train
brain_figshare/png/images/2757.png,2757,MR038469,1,brain_figshare/png/masks/2757_mask.png,pixel,train
brain_figshare/png/images/2758.png,2758,MR032322C,1,brain_figshare/png/masks/2758_mask.png,pixel,train
brain_figshare/png/images/2759.png,2759,MR032322C,1,brain_figshare/png/masks/2759_mask.png,pixel,train
brain_figshare/png/images/276.png,276,104281,0,brain_figshare/png/masks/276_mask.png,pixel,train
brain_figshare/png/images/2760.png,2760,MR032322C,1,brain_figshare/png/masks/2760_mask.png,pixel,train
brain_figshare/png/images/2761.png,2761,MR032322C,1,brain_figshare/png/masks/2761_mask.png,pixel,train
brain_figshare/png/images/2762.png,2762,MR032322C,1,brain_figshare/png/masks/2762_mask.png,pixel,train
brain_figshare/png/images/2763.png,2763,MR032322C,1,brain_figshare/png/masks/2763_mask.png,pixel,train
brain_figshare/png/images/2764.png,2764,MR032322C,1,brain_figshare/png/masks/2764_mask.png,pixel,train
brain_figshare/png/images/2765.png,2765,MR032322C,1,brain_figshare/png/masks/2765_mask.png,pixel,train
brain_figshare/png/images/2766.png,2766,MR032322C,1,brain_figshare/png/masks/2766_mask.png,pixel,train
brain_figshare/png/images/2767.png,2767,MR032322C,1,brain_figshare/png/masks/2767_mask.png,pixel,train
brain_figshare/png/images/2768.png,2768,MR032322C,1,brain_figshare/png/masks/2768_mask.png,pixel,train
brain_figshare/png/images/2769.png,2769,MR037458B,1,brain_figshare/png/masks/2769_mask.png,pixel,train
brain_figshare/png/images/277.png,277,104281,0,brain_figshare/png/masks/277_mask.png,pixel,train
brain_figshare/png/images/2770.png,2770,MR037458B,1,brain_figshare/png/masks/2770_mask.png,pixel,train
brain_figshare/png/images/2771.png,2771,MR037458B,1,brain_figshare/png/masks/2771_mask.png,pixel,train
brain_figshare/png/images/2772.png,2772,MR037458B,1,brain_figshare/png/masks/2772_mask.png,pixel,train
brain_figshare/png/images/2773.png,2773,MR037458B,1,brain_figshare/png/masks/2773_mask.png,pixel,train
brain_figshare/png/images/2774.png,2774,MR039473,1,brain_figshare/png/masks/2774_mask.png,pixel,val
brain_figshare/png/images/2775.png,2775,MR039473,1,brain_figshare/png/masks/2775_mask.png,pixel,val
brain_figshare/png/images/2776.png,2776,MR039473,1,brain_figshare/png/masks/2776_mask.png,pixel,val
brain_figshare/png/images/2777.png,2777,MR039473,1,brain_figshare/png/masks/2777_mask.png,pixel,val
brain_figshare/png/images/2778.png,2778,MR039473,1,brain_figshare/png/masks/2778_mask.png,pixel,val
brain_figshare/png/images/2779.png,2779,MR039473,1,brain_figshare/png/masks/2779_mask.png,pixel,val
brain_figshare/png/images/278.png,278,104281,0,brain_figshare/png/masks/278_mask.png,pixel,train
brain_figshare/png/images/2780.png,2780,MR039473B,1,brain_figshare/png/masks/2780_mask.png,pixel,val
brain_figshare/png/images/2781.png,2781,MR039473B,1,brain_figshare/png/masks/2781_mask.png,pixel,val
brain_figshare/png/images/2782.png,2782,MR039473B,1,brain_figshare/png/masks/2782_mask.png,pixel,val
brain_figshare/png/images/2783.png,2783,MR039473B,1,brain_figshare/png/masks/2783_mask.png,pixel,val
brain_figshare/png/images/2784.png,2784,MR039473B,1,brain_figshare/png/masks/2784_mask.png,pixel,val
brain_figshare/png/images/2785.png,2785,MR039473B,1,brain_figshare/png/masks/2785_mask.png,pixel,val
brain_figshare/png/images/2786.png,2786,MR039473B,1,brain_figshare/png/masks/2786_mask.png,pixel,val
brain_figshare/png/images/2787.png,2787,MR040240,1,brain_figshare/png/masks/2787_mask.png,pixel,train
brain_figshare/png/images/2788.png,2788,MR040240,1,brain_figshare/png/masks/2788_mask.png,pixel,train
brain_figshare/png/images/2789.png,2789,MR040240,1,brain_figshare/png/masks/2789_mask.png,pixel,train
brain_figshare/png/images/279.png,279,104281,0,brain_figshare/png/masks/279_mask.png,pixel,train
brain_figshare/png/images/2790.png,2790,MR040240,1,brain_figshare/png/masks/2790_mask.png,pixel,train
brain_figshare/png/images/2791.png,2791,MR040240,1,brain_figshare/png/masks/2791_mask.png,pixel,train
brain_figshare/png/images/2792.png,2792,MR040240,1,brain_figshare/png/masks/2792_mask.png,pixel,train
brain_figshare/png/images/2793.png,2793,MR040240,1,brain_figshare/png/masks/2793_mask.png,pixel,train
brain_figshare/png/images/2794.png,2794,MR040240,1,brain_figshare/png/masks/2794_mask.png,pixel,train
brain_figshare/png/images/2795.png,2795,MR040240B,1,brain_figshare/png/masks/2795_mask.png,pixel,train
brain_figshare/png/images/2796.png,2796,MR040240B,1,brain_figshare/png/masks/2796_mask.png,pixel,train
brain_figshare/png/images/2797.png,2797,MR040240B,1,brain_figshare/png/masks/2797_mask.png,pixel,train
brain_figshare/png/images/2798.png,2798,MR040240B,1,brain_figshare/png/masks/2798_mask.png,pixel,train
brain_figshare/png/images/2799.png,2799,MR040240B,1,brain_figshare/png/masks/2799_mask.png,pixel,train
brain_figshare/png/images/28.png,28,102714,0,brain_figshare/png/masks/28_mask.png,pixel,train
brain_figshare/png/images/280.png,280,104281,0,brain_figshare/png/masks/280_mask.png,pixel,train
brain_figshare/png/images/2800.png,2800,MR029209G,1,brain_figshare/png/masks/2800_mask.png,pixel,test
brain_figshare/png/images/2801.png,2801,MR029209G,1,brain_figshare/png/masks/2801_mask.png,pixel,test
brain_figshare/png/images/2802.png,2802,MR029209G,1,brain_figshare/png/masks/2802_mask.png,pixel,test
brain_figshare/png/images/2803.png,2803,MR029209G,1,brain_figshare/png/masks/2803_mask.png,pixel,test
brain_figshare/png/images/2804.png,2804,MR029209G,1,brain_figshare/png/masks/2804_mask.png,pixel,test
brain_figshare/png/images/2805.png,2805,MR036496B,1,brain_figshare/png/masks/2805_mask.png,pixel,val
brain_figshare/png/images/2806.png,2806,MR036496B,1,brain_figshare/png/masks/2806_mask.png,pixel,val
brain_figshare/png/images/2807.png,2807,MR036496B,1,brain_figshare/png/masks/2807_mask.png,pixel,val
brain_figshare/png/images/2808.png,2808,MR036496B,1,brain_figshare/png/masks/2808_mask.png,pixel,val
brain_figshare/png/images/2809.png,2809,MR033420,1,brain_figshare/png/masks/2809_mask.png,pixel,train
brain_figshare/png/images/281.png,281,105374,0,brain_figshare/png/masks/281_mask.png,pixel,train
brain_figshare/png/images/2810.png,2810,MR033420,1,brain_figshare/png/masks/2810_mask.png,pixel,train
brain_figshare/png/images/2811.png,2811,MR033420,1,brain_figshare/png/masks/2811_mask.png,pixel,train
brain_figshare/png/images/2812.png,2812,MR033420,1,brain_figshare/png/masks/2812_mask.png,pixel,train
brain_figshare/png/images/2813.png,2813,MR033420,1,brain_figshare/png/masks/2813_mask.png,pixel,train
brain_figshare/png/images/2814.png,2814,MR033420,1,brain_figshare/png/masks/2814_mask.png,pixel,train
brain_figshare/png/images/2815.png,2815,MR033420,1,brain_figshare/png/masks/2815_mask.png,pixel,train
brain_figshare/png/images/2816.png,2816,MR033420,1,brain_figshare/png/masks/2816_mask.png,pixel,train
brain_figshare/png/images/2817.png,2817,MR024780B,1,brain_figshare/png/masks/2817_mask.png,pixel,train
brain_figshare/png/images/2818.png,2818,MR024780B,1,brain_figshare/png/masks/2818_mask.png,pixel,train
brain_figshare/png/images/2819.png,2819,MR024780B,1,brain_figshare/png/masks/2819_mask.png,pixel,train
brain_figshare/png/images/282.png,282,105374,0,brain_figshare/png/masks/282_mask.png,pixel,train
brain_figshare/png/images/2820.png,2820,MR024780B,1,brain_figshare/png/masks/2820_mask.png,pixel,train
brain_figshare/png/images/2821.png,2821,MR033389B,1,brain_figshare/png/masks/2821_mask.png,pixel,train
brain_figshare/png/images/2822.png,2822,MR048294,1,brain_figshare/png/masks/2822_mask.png,pixel,train
brain_figshare/png/images/2823.png,2823,MR048297,1,brain_figshare/png/masks/2823_mask.png,pixel,train
brain_figshare/png/images/2824.png,2824,MR048297,1,brain_figshare/png/masks/2824_mask.png,pixel,train
brain_figshare/png/images/2825.png,2825,MR048297,1,brain_figshare/png/masks/2825_mask.png,pixel,train
brain_figshare/png/images/2826.png,2826,MR048297,1,brain_figshare/png/masks/2826_mask.png,pixel,train
brain_figshare/png/images/2827.png,2827,MR048297,1,brain_figshare/png/masks/2827_mask.png,pixel,train
brain_figshare/png/images/2828.png,2828,MR048297,1,brain_figshare/png/masks/2828_mask.png,pixel,train
brain_figshare/png/images/2829.png,2829,MR048297,1,brain_figshare/png/masks/2829_mask.png,pixel,train
brain_figshare/png/images/283.png,283,105555,0,brain_figshare/png/masks/283_mask.png,pixel,train
brain_figshare/png/images/2830.png,2830,MR048297,1,brain_figshare/png/masks/2830_mask.png,pixel,train
brain_figshare/png/images/2831.png,2831,MR048294B,1,brain_figshare/png/masks/2831_mask.png,pixel,train
brain_figshare/png/images/2832.png,2832,MR048294B,1,brain_figshare/png/masks/2832_mask.png,pixel,train
brain_figshare/png/images/2833.png,2833,MR048294B,1,brain_figshare/png/masks/2833_mask.png,pixel,train
brain_figshare/png/images/2834.png,2834,MR048294B,1,brain_figshare/png/masks/2834_mask.png,pixel,train
brain_figshare/png/images/2835.png,2835,MR048294B,1,brain_figshare/png/masks/2835_mask.png,pixel,train
brain_figshare/png/images/2836.png,2836,MR048294B,1,brain_figshare/png/masks/2836_mask.png,pixel,train
brain_figshare/png/images/2837.png,2837,MR048621B,1,brain_figshare/png/masks/2837_mask.png,pixel,train
brain_figshare/png/images/2838.png,2838,MR048621B,1,brain_figshare/png/masks/2838_mask.png,pixel,train
brain_figshare/png/images/2839.png,2839,MR048621B,1,brain_figshare/png/masks/2839_mask.png,pixel,train
brain_figshare/png/images/284.png,284,105555,0,brain_figshare/png/masks/284_mask.png,pixel,train
brain_figshare/png/images/2840.png,2840,MR048944,1,brain_figshare/png/masks/2840_mask.png,pixel,test
brain_figshare/png/images/2841.png,2841,MR048944,1,brain_figshare/png/masks/2841_mask.png,pixel,test
brain_figshare/png/images/2842.png,2842,MR048944,1,brain_figshare/png/masks/2842_mask.png,pixel,test
brain_figshare/png/images/2843.png,2843,MR048944,1,brain_figshare/png/masks/2843_mask.png,pixel,test
brain_figshare/png/images/2844.png,2844,MR048944,1,brain_figshare/png/masks/2844_mask.png,pixel,test
brain_figshare/png/images/2845.png,2845,MR048944,1,brain_figshare/png/masks/2845_mask.png,pixel,test
brain_figshare/png/images/2846.png,2846,MR048994,1,brain_figshare/png/masks/2846_mask.png,pixel,train
brain_figshare/png/images/2847.png,2847,MR048994,1,brain_figshare/png/masks/2847_mask.png,pixel,train
brain_figshare/png/images/2848.png,2848,MR048994,1,brain_figshare/png/masks/2848_mask.png,pixel,train
brain_figshare/png/images/2849.png,2849,MR048994,1,brain_figshare/png/masks/2849_mask.png,pixel,train
brain_figshare/png/images/285.png,285,105555,0,brain_figshare/png/masks/285_mask.png,pixel,train
brain_figshare/png/images/2850.png,2850,MR048994,1,brain_figshare/png/masks/2850_mask.png,pixel,train
brain_figshare/png/images/2851.png,2851,MR048994,1,brain_figshare/png/masks/2851_mask.png,pixel,train
brain_figshare/png/images/2852.png,2852,MR048994,1,brain_figshare/png/masks/2852_mask.png,pixel,train
brain_figshare/png/images/2853.png,2853,MR048994,1,brain_figshare/png/masks/2853_mask.png,pixel,train
brain_figshare/png/images/2854.png,2854,MR049104,1,brain_figshare/png/masks/2854_mask.png,pixel,train
brain_figshare/png/images/2855.png,2855,MR049104,1,brain_figshare/png/masks/2855_mask.png,pixel,train
brain_figshare/png/images/2856.png,2856,MR049104,1,brain_figshare/png/masks/2856_mask.png,pixel,train
brain_figshare/png/images/2857.png,2857,MR049104,1,brain_figshare/png/masks/2857_mask.png,pixel,train
brain_figshare/png/images/2858.png,2858,MR049142,1,brain_figshare/png/masks/2858_mask.png,pixel,val
brain_figshare/png/images/2859.png,2859,MR049142,1,brain_figshare/png/masks/2859_mask.png,pixel,val
brain_figshare/png/images/286.png,286,105937,0,brain_figshare/png/masks/286_mask.png,pixel,test
brain_figshare/png/images/2860.png,2860,MR049142,1,brain_figshare/png/masks/2860_mask.png,pixel,val
brain_figshare/png/images/2861.png,2861,MR048994B,1,brain_figshare/png/masks/2861_mask.png,pixel,train
brain_figshare/png/images/2862.png,2862,MR048994B,1,brain_figshare/png/masks/2862_mask.png,pixel,train
brain_figshare/png/images/2863.png,2863,MR048994B,1,brain_figshare/png/masks/2863_mask.png,pixel,train
brain_figshare/png/images/2864.png,2864,MR048994B,1,brain_figshare/png/masks/2864_mask.png,pixel,train
brain_figshare/png/images/2865.png,2865,MR048994B,1,brain_figshare/png/masks/2865_mask.png,pixel,train
brain_figshare/png/images/2866.png,2866,MR049358,1,brain_figshare/png/masks/2866_mask.png,pixel,val
brain_figshare/png/images/2867.png,2867,MR049358,1,brain_figshare/png/masks/2867_mask.png,pixel,val
brain_figshare/png/images/2868.png,2868,MR049358,1,brain_figshare/png/masks/2868_mask.png,pixel,val
brain_figshare/png/images/2869.png,2869,MR049358,1,brain_figshare/png/masks/2869_mask.png,pixel,val
brain_figshare/png/images/287.png,287,105937,0,brain_figshare/png/masks/287_mask.png,pixel,test
brain_figshare/png/images/2870.png,2870,MR049358,1,brain_figshare/png/masks/2870_mask.png,pixel,val
brain_figshare/png/images/2871.png,2871,MR049358,1,brain_figshare/png/masks/2871_mask.png,pixel,val
brain_figshare/png/images/2872.png,2872,MR049358,1,brain_figshare/png/masks/2872_mask.png,pixel,val
brain_figshare/png/images/2873.png,2873,MR049104B,1,brain_figshare/png/masks/2873_mask.png,pixel,train
brain_figshare/png/images/2874.png,2874,MR049104B,1,brain_figshare/png/masks/2874_mask.png,pixel,train
brain_figshare/png/images/2875.png,2875,MR049104B,1,brain_figshare/png/masks/2875_mask.png,pixel,train
brain_figshare/png/images/2876.png,2876,MR049453,1,brain_figshare/png/masks/2876_mask.png,pixel,test
brain_figshare/png/images/2877.png,2877,MR049453,1,brain_figshare/png/masks/2877_mask.png,pixel,test
brain_figshare/png/images/2878.png,2878,MR049453,1,brain_figshare/png/masks/2878_mask.png,pixel,test
brain_figshare/png/images/2879.png,2879,MR049453,1,brain_figshare/png/masks/2879_mask.png,pixel,test
brain_figshare/png/images/288.png,288,105937,0,brain_figshare/png/masks/288_mask.png,pixel,test
brain_figshare/png/images/2880.png,2880,MR049453,1,brain_figshare/png/masks/2880_mask.png,pixel,test
brain_figshare/png/images/2881.png,2881,MR049453,1,brain_figshare/png/masks/2881_mask.png,pixel,test
brain_figshare/png/images/2882.png,2882,MR049453,1,brain_figshare/png/masks/2882_mask.png,pixel,test
brain_figshare/png/images/2883.png,2883,MR049453,1,brain_figshare/png/masks/2883_mask.png,pixel,test
brain_figshare/png/images/2884.png,2884,MR049453,1,brain_figshare/png/masks/2884_mask.png,pixel,test
brain_figshare/png/images/2885.png,2885,MR024780G,1,brain_figshare/png/masks/2885_mask.png,pixel,train
brain_figshare/png/images/2886.png,2886,MR024780G,1,brain_figshare/png/masks/2886_mask.png,pixel,train
brain_figshare/png/images/2887.png,2887,MR024780G,1,brain_figshare/png/masks/2887_mask.png,pixel,train
brain_figshare/png/images/2888.png,2888,MR024780G,1,brain_figshare/png/masks/2888_mask.png,pixel,train
brain_figshare/png/images/2889.png,2889,MR024780G,1,brain_figshare/png/masks/2889_mask.png,pixel,train
brain_figshare/png/images/289.png,289,105937,0,brain_figshare/png/masks/289_mask.png,pixel,test
brain_figshare/png/images/2890.png,2890,MR024780G,1,brain_figshare/png/masks/2890_mask.png,pixel,train
brain_figshare/png/images/2891.png,2891,MR050135B,1,brain_figshare/png/masks/2891_mask.png,pixel,train
brain_figshare/png/images/2892.png,2892,MR050135B,1,brain_figshare/png/masks/2892_mask.png,pixel,train
brain_figshare/png/images/2893.png,2893,MR050135B,1,brain_figshare/png/masks/2893_mask.png,pixel,train
brain_figshare/png/images/2894.png,2894,MR050135B,1,brain_figshare/png/masks/2894_mask.png,pixel,train
brain_figshare/png/images/2895.png,2895,MR050135B,1,brain_figshare/png/masks/2895_mask.png,pixel,train
brain_figshare/png/images/2896.png,2896,MR050135B,1,brain_figshare/png/masks/2896_mask.png,pixel,train
brain_figshare/png/images/2897.png,2897,MR050135B,1,brain_figshare/png/masks/2897_mask.png,pixel,train
brain_figshare/png/images/2898.png,2898,MR050135B,1,brain_figshare/png/masks/2898_mask.png,pixel,train
brain_figshare/png/images/2899.png,2899,MR050135B,1,brain_figshare/png/masks/2899_mask.png,pixel,train
brain_figshare/png/images/29.png,29,102714,0,brain_figshare/png/masks/29_mask.png,pixel,train
brain_figshare/png/images/290.png,290,106284,0,brain_figshare/png/masks/290_mask.png,pixel,train
brain_figshare/png/images/2900.png,2900,MR050687,1,brain_figshare/png/masks/2900_mask.png,pixel,train
brain_figshare/png/images/2901.png,2901,MR050687,1,brain_figshare/png/masks/2901_mask.png,pixel,train
brain_figshare/png/images/2902.png,2902,MR050687,1,brain_figshare/png/masks/2902_mask.png,pixel,train
brain_figshare/png/images/2903.png,2903,MR050687,1,brain_figshare/png/masks/2903_mask.png,pixel,train
brain_figshare/png/images/2904.png,2904,MR050687,1,brain_figshare/png/masks/2904_mask.png,pixel,train
brain_figshare/png/images/2905.png,2905,MR050687,1,brain_figshare/png/masks/2905_mask.png,pixel,train
brain_figshare/png/images/2906.png,2906,MR050791B,1,brain_figshare/png/masks/2906_mask.png,pixel,train
brain_figshare/png/images/2907.png,2907,MR050791B,1,brain_figshare/png/masks/2907_mask.png,pixel,train
brain_figshare/png/images/2908.png,2908,MR050791B,1,brain_figshare/png/masks/2908_mask.png,pixel,train
brain_figshare/png/images/2909.png,2909,MR050791B,1,brain_figshare/png/masks/2909_mask.png,pixel,train
brain_figshare/png/images/291.png,291,106284,0,brain_figshare/png/masks/291_mask.png,pixel,train
brain_figshare/png/images/2910.png,2910,MR050791B,1,brain_figshare/png/masks/2910_mask.png,pixel,train
brain_figshare/png/images/2911.png,2911,MR050791B,1,brain_figshare/png/masks/2911_mask.png,pixel,train
brain_figshare/png/images/2912.png,2912,MR050791B,1,brain_figshare/png/masks/2912_mask.png,pixel,train
brain_figshare/png/images/2913.png,2913,MR050791B,1,brain_figshare/png/masks/2913_mask.png,pixel,train
brain_figshare/png/images/2914.png,2914,MR049019C,1,brain_figshare/png/masks/2914_mask.png,pixel,test
brain_figshare/png/images/2915.png,2915,MR049019C,1,brain_figshare/png/masks/2915_mask.png,pixel,test
brain_figshare/png/images/2916.png,2916,MR049019C,1,brain_figshare/png/masks/2916_mask.png,pixel,test
brain_figshare/png/images/2917.png,2917,MR049019C,1,brain_figshare/png/masks/2917_mask.png,pixel,test
brain_figshare/png/images/2918.png,2918,MR051461,1,brain_figshare/png/masks/2918_mask.png,pixel,train
brain_figshare/png/images/2919.png,2919,MR051461,1,brain_figshare/png/masks/2919_mask.png,pixel,train
brain_figshare/png/images/292.png,292,106284,0,brain_figshare/png/masks/292_mask.png,pixel,train
brain_figshare/png/images/2920.png,2920,MR051461,1,brain_figshare/png/masks/2920_mask.png,pixel,train
brain_figshare/png/images/2921.png,2921,MR051461,1,brain_figshare/png/masks/2921_mask.png,pixel,train
brain_figshare/png/images/2922.png,2922,MR051461,1,brain_figshare/png/masks/2922_mask.png,pixel,train
brain_figshare/png/images/2923.png,2923,MR051461,1,brain_figshare/png/masks/2923_mask.png,pixel,train
brain_figshare/png/images/2924.png,2924,MR051461,1,brain_figshare/png/masks/2924_mask.png,pixel,train
brain_figshare/png/images/2925.png,2925,MR051586,1,brain_figshare/png/masks/2925_mask.png,pixel,train
brain_figshare/png/images/2926.png,2926,MR051586,1,brain_figshare/png/masks/2926_mask.png,pixel,train
brain_figshare/png/images/2927.png,2927,MR051586,1,brain_figshare/png/masks/2927_mask.png,pixel,train
brain_figshare/png/images/2928.png,2928,MR051586,1,brain_figshare/png/masks/2928_mask.png,pixel,train
brain_figshare/png/images/2929.png,2929,MR051586,1,brain_figshare/png/masks/2929_mask.png,pixel,train
brain_figshare/png/images/293.png,293,106284,0,brain_figshare/png/masks/293_mask.png,pixel,train
brain_figshare/png/images/2930.png,2930,MR051586,1,brain_figshare/png/masks/2930_mask.png,pixel,train
brain_figshare/png/images/2931.png,2931,MR051586,1,brain_figshare/png/masks/2931_mask.png,pixel,train
brain_figshare/png/images/2932.png,2932,MR051586,1,brain_figshare/png/masks/2932_mask.png,pixel,train
brain_figshare/png/images/2933.png,2933,MR051586,1,brain_figshare/png/masks/2933_mask.png,pixel,train
brain_figshare/png/images/2934.png,2934,MR051644,1,brain_figshare/png/masks/2934_mask.png,pixel,train
brain_figshare/png/images/2935.png,2935,MR051644,1,brain_figshare/png/masks/2935_mask.png,pixel,train
brain_figshare/png/images/2936.png,2936,MR051644,1,brain_figshare/png/masks/2936_mask.png,pixel,train
brain_figshare/png/images/2937.png,2937,MR051644,1,brain_figshare/png/masks/2937_mask.png,pixel,train
brain_figshare/png/images/2938.png,2938,MR051644,1,brain_figshare/png/masks/2938_mask.png,pixel,train
brain_figshare/png/images/2939.png,2939,MR051644,1,brain_figshare/png/masks/2939_mask.png,pixel,train
brain_figshare/png/images/294.png,294,106442,0,brain_figshare/png/masks/294_mask.png,pixel,train
brain_figshare/png/images/2940.png,2940,MR051644,1,brain_figshare/png/masks/2940_mask.png,pixel,train
brain_figshare/png/images/2941.png,2941,MR051644,1,brain_figshare/png/masks/2941_mask.png,pixel,train
brain_figshare/png/images/2942.png,2942,MR051644,1,brain_figshare/png/masks/2942_mask.png,pixel,train
brain_figshare/png/images/2943.png,2943,MR051644,1,brain_figshare/png/masks/2943_mask.png,pixel,train
brain_figshare/png/images/2944.png,2944,MR051651,1,brain_figshare/png/masks/2944_mask.png,pixel,test
brain_figshare/png/images/2945.png,2945,MR051651,1,brain_figshare/png/masks/2945_mask.png,pixel,test
brain_figshare/png/images/2946.png,2946,MR051651,1,brain_figshare/png/masks/2946_mask.png,pixel,test
brain_figshare/png/images/2947.png,2947,MR051651,1,brain_figshare/png/masks/2947_mask.png,pixel,test
brain_figshare/png/images/2948.png,2948,MR051796,1,brain_figshare/png/masks/2948_mask.png,pixel,train
brain_figshare/png/images/2949.png,2949,MR051796,1,brain_figshare/png/masks/2949_mask.png,pixel,train
brain_figshare/png/images/295.png,295,106442,0,brain_figshare/png/masks/295_mask.png,pixel,train
brain_figshare/png/images/2950.png,2950,MR051796,1,brain_figshare/png/masks/2950_mask.png,pixel,train
brain_figshare/png/images/2951.png,2951,MR051796,1,brain_figshare/png/masks/2951_mask.png,pixel,train
brain_figshare/png/images/2952.png,2952,MR051796,1,brain_figshare/png/masks/2952_mask.png,pixel,train
brain_figshare/png/images/2953.png,2953,MR051796,1,brain_figshare/png/masks/2953_mask.png,pixel,train
brain_figshare/png/images/2954.png,2954,MR051796,1,brain_figshare/png/masks/2954_mask.png,pixel,train
brain_figshare/png/images/2955.png,2955,MR051651B,1,brain_figshare/png/masks/2955_mask.png,pixel,test
brain_figshare/png/images/2956.png,2956,MR051651B,1,brain_figshare/png/masks/2956_mask.png,pixel,test
brain_figshare/png/images/2957.png,2957,MR051651B,1,brain_figshare/png/masks/2957_mask.png,pixel,test
brain_figshare/png/images/2958.png,2958,MR051651B,1,brain_figshare/png/masks/2958_mask.png,pixel,test
brain_figshare/png/images/2959.png,2959,MR051651B,1,brain_figshare/png/masks/2959_mask.png,pixel,test
brain_figshare/png/images/296.png,296,106442,0,brain_figshare/png/masks/296_mask.png,pixel,train
brain_figshare/png/images/2960.png,2960,MR051651B,1,brain_figshare/png/masks/2960_mask.png,pixel,test
brain_figshare/png/images/2961.png,2961,MR051644B,1,brain_figshare/png/masks/2961_mask.png,pixel,test
brain_figshare/png/images/2962.png,2962,MR051644B,1,brain_figshare/png/masks/2962_mask.png,pixel,test
brain_figshare/png/images/2963.png,2963,MR051644B,1,brain_figshare/png/masks/2963_mask.png,pixel,test
brain_figshare/png/images/2964.png,2964,MR051644B,1,brain_figshare/png/masks/2964_mask.png,pixel,test
brain_figshare/png/images/2965.png,2965,MR051644B,1,brain_figshare/png/masks/2965_mask.png,pixel,test
brain_figshare/png/images/2966.png,2966,MR051644B,1,brain_figshare/png/masks/2966_mask.png,pixel,test
brain_figshare/png/images/2967.png,2967,MR051644B,1,brain_figshare/png/masks/2967_mask.png,pixel,test
brain_figshare/png/images/2968.png,2968,MR051644B,1,brain_figshare/png/masks/2968_mask.png,pixel,test
brain_figshare/png/images/2969.png,2969,MR051644B,1,brain_figshare/png/masks/2969_mask.png,pixel,test
brain_figshare/png/images/297.png,297,106534,0,brain_figshare/png/masks/297_mask.png,pixel,test
brain_figshare/png/images/2970.png,2970,MR051796B,1,brain_figshare/png/masks/2970_mask.png,pixel,train
brain_figshare/png/images/2971.png,2971,MR051796B,1,brain_figshare/png/masks/2971_mask.png,pixel,train
brain_figshare/png/images/2972.png,2972,MR051796B,1,brain_figshare/png/masks/2972_mask.png,pixel,train
brain_figshare/png/images/2973.png,2973,MR051796B,1,brain_figshare/png/masks/2973_mask.png,pixel,train
brain_figshare/png/images/2974.png,2974,MR051796B,1,brain_figshare/png/masks/2974_mask.png,pixel,train
brain_figshare/png/images/2975.png,2975,MR052550,1,brain_figshare/png/masks/2975_mask.png,pixel,train
brain_figshare/png/images/2976.png,2976,MR052550,1,brain_figshare/png/masks/2976_mask.png,pixel,train
brain_figshare/png/images/2977.png,2977,MR052550,1,brain_figshare/png/masks/2977_mask.png,pixel,train
brain_figshare/png/images/2978.png,2978,MR052550,1,brain_figshare/png/masks/2978_mask.png,pixel,train
brain_figshare/png/images/2979.png,2979,MR052550,1,brain_figshare/png/masks/2979_mask.png,pixel,train
brain_figshare/png/images/298.png,298,106534,0,brain_figshare/png/masks/298_mask.png,pixel,test
brain_figshare/png/images/2980.png,2980,MR052550,1,brain_figshare/png/masks/2980_mask.png,pixel,train
brain_figshare/png/images/2981.png,2981,MR052550,1,brain_figshare/png/masks/2981_mask.png,pixel,train
brain_figshare/png/images/2982.png,2982,MR052550,1,brain_figshare/png/masks/2982_mask.png,pixel,train
brain_figshare/png/images/2983.png,2983,MR051644C,1,brain_figshare/png/masks/2983_mask.png,pixel,train
brain_figshare/png/images/2984.png,2984,MR051644C,1,brain_figshare/png/masks/2984_mask.png,pixel,train
brain_figshare/png/images/2985.png,2985,MR051644C,1,brain_figshare/png/masks/2985_mask.png,pixel,train
brain_figshare/png/images/2986.png,2986,MR051644C,1,brain_figshare/png/masks/2986_mask.png,pixel,train
brain_figshare/png/images/2987.png,2987,MR051644C,1,brain_figshare/png/masks/2987_mask.png,pixel,train
brain_figshare/png/images/2988.png,2988,MR051644C,1,brain_figshare/png/masks/2988_mask.png,pixel,train
brain_figshare/png/images/2989.png,2989,MR051644C,1,brain_figshare/png/masks/2989_mask.png,pixel,train
brain_figshare/png/images/299.png,299,106665,0,brain_figshare/png/masks/299_mask.png,pixel,train
brain_figshare/png/images/2990.png,2990,MR051644C,1,brain_figshare/png/masks/2990_mask.png,pixel,train
brain_figshare/png/images/2991.png,2991,MR051644C,1,brain_figshare/png/masks/2991_mask.png,pixel,train
brain_figshare/png/images/2992.png,2992,MR051644C,1,brain_figshare/png/masks/2992_mask.png,pixel,train
brain_figshare/png/images/2993.png,2993,MR049942B,1,brain_figshare/png/masks/2993_mask.png,pixel,test
brain_figshare/png/images/2994.png,2994,MR049942B,1,brain_figshare/png/masks/2994_mask.png,pixel,test
brain_figshare/png/images/2995.png,2995,MR049942B,1,brain_figshare/png/masks/2995_mask.png,pixel,test
brain_figshare/png/images/2996.png,2996,MR052585B,1,brain_figshare/png/masks/2996_mask.png,pixel,val
brain_figshare/png/images/2997.png,2997,MR052585B,1,brain_figshare/png/masks/2997_mask.png,pixel,val
brain_figshare/png/images/2998.png,2998,MR052585B,1,brain_figshare/png/masks/2998_mask.png,pixel,val
brain_figshare/png/images/2999.png,2999,MR053110B,1,brain_figshare/png/masks/2999_mask.png,pixel,train
brain_figshare/png/images/3.png,3,100360,0,brain_figshare/png/masks/3_mask.png,pixel,train
brain_figshare/png/images/30.png,30,102714,0,brain_figshare/png/masks/30_mask.png,pixel,train
brain_figshare/png/images/300.png,300,106665,0,brain_figshare/png/masks/300_mask.png,pixel,train
brain_figshare/png/images/3000.png,3000,MR053110B,1,brain_figshare/png/masks/3000_mask.png,pixel,train
brain_figshare/png/images/3001.png,3001,MR053110B,1,brain_figshare/png/masks/3001_mask.png,pixel,train
brain_figshare/png/images/3002.png,3002,MR053110B,1,brain_figshare/png/masks/3002_mask.png,pixel,train
brain_figshare/png/images/3003.png,3003,MR053110B,1,brain_figshare/png/masks/3003_mask.png,pixel,train
brain_figshare/png/images/3004.png,3004,MR053110B,1,brain_figshare/png/masks/3004_mask.png,pixel,train
brain_figshare/png/images/3005.png,3005,MR034694,1,brain_figshare/png/masks/3005_mask.png,pixel,train
brain_figshare/png/images/3006.png,3006,MR034694,1,brain_figshare/png/masks/3006_mask.png,pixel,train
brain_figshare/png/images/3007.png,3007,MR034694,1,brain_figshare/png/masks/3007_mask.png,pixel,train
brain_figshare/png/images/3008.png,3008,MR034694,1,brain_figshare/png/masks/3008_mask.png,pixel,train
brain_figshare/png/images/3009.png,3009,MR054875,1,brain_figshare/png/masks/3009_mask.png,pixel,train
brain_figshare/png/images/301.png,301,106665,0,brain_figshare/png/masks/301_mask.png,pixel,train
brain_figshare/png/images/3010.png,3010,MR054875,1,brain_figshare/png/masks/3010_mask.png,pixel,train
brain_figshare/png/images/3011.png,3011,MR054875,1,brain_figshare/png/masks/3011_mask.png,pixel,train
brain_figshare/png/images/3012.png,3012,MR054875,1,brain_figshare/png/masks/3012_mask.png,pixel,train
brain_figshare/png/images/3013.png,3013,MR054875,1,brain_figshare/png/masks/3013_mask.png,pixel,train
brain_figshare/png/images/3014.png,3014,MR050687C,1,brain_figshare/png/masks/3014_mask.png,pixel,val
brain_figshare/png/images/3015.png,3015,MR050687C,1,brain_figshare/png/masks/3015_mask.png,pixel,val
brain_figshare/png/images/3016.png,3016,MR050687C,1,brain_figshare/png/masks/3016_mask.png,pixel,val
brain_figshare/png/images/3017.png,3017,MR050687C,1,brain_figshare/png/masks/3017_mask.png,pixel,val
brain_figshare/png/images/3018.png,3018,MR050687C,1,brain_figshare/png/masks/3018_mask.png,pixel,val
brain_figshare/png/images/3019.png,3019,MR050687C,1,brain_figshare/png/masks/3019_mask.png,pixel,val
brain_figshare/png/images/302.png,302,106665,0,brain_figshare/png/masks/302_mask.png,pixel,train
brain_figshare/png/images/3020.png,3020,MR056144,1,brain_figshare/png/masks/3020_mask.png,pixel,test
brain_figshare/png/images/3021.png,3021,MR056144,1,brain_figshare/png/masks/3021_mask.png,pixel,test
brain_figshare/png/images/3022.png,3022,MR034997,1,brain_figshare/png/masks/3022_mask.png,pixel,test
brain_figshare/png/images/3023.png,3023,MR034997,1,brain_figshare/png/masks/3023_mask.png,pixel,test
brain_figshare/png/images/3024.png,3024,MR034997,1,brain_figshare/png/masks/3024_mask.png,pixel,test
brain_figshare/png/images/3025.png,3025,MR034997,1,brain_figshare/png/masks/3025_mask.png,pixel,test
brain_figshare/png/images/3026.png,3026,MR034997,1,brain_figshare/png/masks/3026_mask.png,pixel,test
brain_figshare/png/images/3027.png,3027,MR034997,1,brain_figshare/png/masks/3027_mask.png,pixel,test
brain_figshare/png/images/3028.png,3028,MR034997,1,brain_figshare/png/masks/3028_mask.png,pixel,test
brain_figshare/png/images/3029.png,3029,MR029209E,1,brain_figshare/png/masks/3029_mask.png,pixel,test
brain_figshare/png/images/303.png,303,106665,0,brain_figshare/png/masks/303_mask.png,pixel,train
brain_figshare/png/images/3030.png,3030,53669,0,brain_figshare/png/masks/3030_mask.png,pixel,train
brain_figshare/png/images/3031.png,3031,MR033389B,1,brain_figshare/png/masks/3031_mask.png,pixel,train
brain_figshare/png/images/3032.png,3032,MR033389B,1,brain_figshare/png/masks/3032_mask.png,pixel,train
brain_figshare/png/images/3033.png,3033,MR033389B,1,brain_figshare/png/masks/3033_mask.png,pixel,train
brain_figshare/png/images/3034.png,3034,MR033389B,1,brain_figshare/png/masks/3034_mask.png,pixel,train
brain_figshare/png/images/3035.png,3035,MR033389B,1,brain_figshare/png/masks/3035_mask.png,pixel,train
brain_figshare/png/images/3036.png,3036,MR033389B,1,brain_figshare/png/masks/3036_mask.png,pixel,train
brain_figshare/png/images/3037.png,3037,MR033389B,1,brain_figshare/png/masks/3037_mask.png,pixel,train
brain_figshare/png/images/3038.png,3038,MR033389B,1,brain_figshare/png/masks/3038_mask.png,pixel,train
brain_figshare/png/images/3039.png,3039,MR024780E,1,brain_figshare/png/masks/3039_mask.png,pixel,val
brain_figshare/png/images/304.png,304,106720,0,brain_figshare/png/masks/304_mask.png,pixel,test
brain_figshare/png/images/3040.png,3040,MR024780E,1,brain_figshare/png/masks/3040_mask.png,pixel,val
brain_figshare/png/images/3041.png,3041,MR024780E,1,brain_figshare/png/masks/3041_mask.png,pixel,val
brain_figshare/png/images/3042.png,3042,MR040240C,1,brain_figshare/png/masks/3042_mask.png,pixel,train
brain_figshare/png/images/3043.png,3043,MR040240C,1,brain_figshare/png/masks/3043_mask.png,pixel,train
brain_figshare/png/images/3044.png,3044,MR040240C,1,brain_figshare/png/masks/3044_mask.png,pixel,train
brain_figshare/png/images/3045.png,3045,MR040240C,1,brain_figshare/png/masks/3045_mask.png,pixel,train
brain_figshare/png/images/3046.png,3046,MR040240C,1,brain_figshare/png/masks/3046_mask.png,pixel,train
brain_figshare/png/images/3047.png,3047,MR040240D,1,brain_figshare/png/masks/3047_mask.png,pixel,train
brain_figshare/png/images/3048.png,3048,MR040240D,1,brain_figshare/png/masks/3048_mask.png,pixel,train
brain_figshare/png/images/3049.png,3049,MR017260F,1,brain_figshare/png/masks/3049_mask.png,pixel,train
brain_figshare/png/images/305.png,305,106720,0,brain_figshare/png/masks/305_mask.png,pixel,test
brain_figshare/png/images/3050.png,3050,MR017260F,1,brain_figshare/png/masks/3050_mask.png,pixel,train
brain_figshare/png/images/3051.png,3051,MR017260F,1,brain_figshare/png/masks/3051_mask.png,pixel,train
brain_figshare/png/images/3052.png,3052,MR017260F,1,brain_figshare/png/masks/3052_mask.png,pixel,train
brain_figshare/png/images/3053.png,3053,MR017260F,1,brain_figshare/png/masks/3053_mask.png,pixel,train
brain_figshare/png/images/3054.png,3054,MR017260F,1,brain_figshare/png/masks/3054_mask.png,pixel,train
brain_figshare/png/images/3055.png,3055,MR017260F,1,brain_figshare/png/masks/3055_mask.png,pixel,train
brain_figshare/png/images/3056.png,3056,MR029209I,1,brain_figshare/png/masks/3056_mask.png,pixel,train
brain_figshare/png/images/3057.png,3057,MR029209I,1,brain_figshare/png/masks/3057_mask.png,pixel,train
brain_figshare/png/images/3058.png,3058,MR029209I,1,brain_figshare/png/masks/3058_mask.png,pixel,train
brain_figshare/png/images/3059.png,3059,MR029209I,1,brain_figshare/png/masks/3059_mask.png,pixel,train
brain_figshare/png/images/306.png,306,106720,0,brain_figshare/png/masks/306_mask.png,pixel,test
brain_figshare/png/images/3060.png,3060,MR029209I,1,brain_figshare/png/masks/3060_mask.png,pixel,train
brain_figshare/png/images/3061.png,3061,MR029209I,1,brain_figshare/png/masks/3061_mask.png,pixel,train
brain_figshare/png/images/3062.png,3062,MR029209I,1,brain_figshare/png/masks/3062_mask.png,pixel,train
brain_figshare/png/images/3063.png,3063,95969,0,brain_figshare/png/masks/3063_mask.png,pixel,test
brain_figshare/png/images/3064.png,3064,88510,0,brain_figshare/png/masks/3064_mask.png,pixel,val
brain_figshare/png/images/307.png,307,106720,0,brain_figshare/png/masks/307_mask.png,pixel,test
brain_figshare/png/images/308.png,308,106720,0,brain_figshare/png/masks/308_mask.png,pixel,test
brain_figshare/png/images/309.png,309,106720,0,brain_figshare/png/masks/309_mask.png,pixel,test
brain_figshare/png/images/31.png,31,102714,0,brain_figshare/png/masks/31_mask.png,pixel,train
brain_figshare/png/images/310.png,310,106720,0,brain_figshare/png/masks/310_mask.png,pixel,test
brain_figshare/png/images/311.png,311,106914,0,brain_figshare/png/masks/311_mask.png,pixel,train
brain_figshare/png/images/312.png,312,106914,0,brain_figshare/png/masks/312_mask.png,pixel,train
brain_figshare/png/images/313.png,313,106914,0,brain_figshare/png/masks/313_mask.png,pixel,train
brain_figshare/png/images/314.png,314,106914,0,brain_figshare/png/masks/314_mask.png,pixel,train
brain_figshare/png/images/315.png,315,107190,0,brain_figshare/png/masks/315_mask.png,pixel,test
brain_figshare/png/images/316.png,316,107248,0,brain_figshare/png/masks/316_mask.png,pixel,train
brain_figshare/png/images/317.png,317,107248,0,brain_figshare/png/masks/317_mask.png,pixel,train
brain_figshare/png/images/318.png,318,107248,0,brain_figshare/png/masks/318_mask.png,pixel,train
brain_figshare/png/images/319.png,319,107248,0,brain_figshare/png/masks/319_mask.png,pixel,train
brain_figshare/png/images/32.png,32,102929,0,brain_figshare/png/masks/32_mask.png,pixel,test
brain_figshare/png/images/320.png,320,107494,0,brain_figshare/png/masks/320_mask.png,pixel,test
brain_figshare/png/images/321.png,321,107494,0,brain_figshare/png/masks/321_mask.png,pixel,test
brain_figshare/png/images/322.png,322,107494,0,brain_figshare/png/masks/322_mask.png,pixel,test
brain_figshare/png/images/323.png,323,107494,0,brain_figshare/png/masks/323_mask.png,pixel,test
brain_figshare/png/images/324.png,324,107494,0,brain_figshare/png/masks/324_mask.png,pixel,test
brain_figshare/png/images/325.png,325,107494,0,brain_figshare/png/masks/325_mask.png,pixel,test
brain_figshare/png/images/326.png,326,108514,0,brain_figshare/png/masks/326_mask.png,pixel,val
brain_figshare/png/images/327.png,327,108514,0,brain_figshare/png/masks/327_mask.png,pixel,val
brain_figshare/png/images/328.png,328,108514,0,brain_figshare/png/masks/328_mask.png,pixel,val
brain_figshare/png/images/329.png,329,108514,0,brain_figshare/png/masks/329_mask.png,pixel,val
brain_figshare/png/images/33.png,33,102929,0,brain_figshare/png/masks/33_mask.png,pixel,test
brain_figshare/png/images/330.png,330,108514,0,brain_figshare/png/masks/330_mask.png,pixel,val
brain_figshare/png/images/331.png,331,108514,0,brain_figshare/png/masks/331_mask.png,pixel,val
brain_figshare/png/images/332.png,332,108550,0,brain_figshare/png/masks/332_mask.png,pixel,train
brain_figshare/png/images/333.png,333,108550,0,brain_figshare/png/masks/333_mask.png,pixel,train
brain_figshare/png/images/334.png,334,108590,0,brain_figshare/png/masks/334_mask.png,pixel,train
brain_figshare/png/images/335.png,335,108590,0,brain_figshare/png/masks/335_mask.png,pixel,train
brain_figshare/png/images/336.png,336,108945,0,brain_figshare/png/masks/336_mask.png,pixel,train
brain_figshare/png/images/337.png,337,108945,0,brain_figshare/png/masks/337_mask.png,pixel,train
brain_figshare/png/images/338.png,338,108945,0,brain_figshare/png/masks/338_mask.png,pixel,train
brain_figshare/png/images/339.png,339,108945,0,brain_figshare/png/masks/339_mask.png,pixel,train
brain_figshare/png/images/34.png,34,102935,0,brain_figshare/png/masks/34_mask.png,pixel,val
brain_figshare/png/images/340.png,340,109411,0,brain_figshare/png/masks/340_mask.png,pixel,train
brain_figshare/png/images/341.png,341,109968,0,brain_figshare/png/masks/341_mask.png,pixel,val
brain_figshare/png/images/342.png,342,109968,0,brain_figshare/png/masks/342_mask.png,pixel,val
brain_figshare/png/images/343.png,343,109968,0,brain_figshare/png/masks/343_mask.png,pixel,val
brain_figshare/png/images/344.png,344,109968,0,brain_figshare/png/masks/344_mask.png,pixel,val
brain_figshare/png/images/345.png,345,110116,0,brain_figshare/png/masks/345_mask.png,pixel,val
brain_figshare/png/images/346.png,346,110116,0,brain_figshare/png/masks/346_mask.png,pixel,val
brain_figshare/png/images/347.png,347,110116,0,brain_figshare/png/masks/347_mask.png,pixel,val
brain_figshare/png/images/348.png,348,110116,0,brain_figshare/png/masks/348_mask.png,pixel,val
brain_figshare/png/images/349.png,349,111077,0,brain_figshare/png/masks/349_mask.png,pixel,test
brain_figshare/png/images/35.png,35,102985,0,brain_figshare/png/masks/35_mask.png,pixel,train
brain_figshare/png/images/350.png,350,111077,0,brain_figshare/png/masks/350_mask.png,pixel,test
brain_figshare/png/images/351.png,351,111077,0,brain_figshare/png/masks/351_mask.png,pixel,test
brain_figshare/png/images/352.png,352,111077,0,brain_figshare/png/masks/352_mask.png,pixel,test
brain_figshare/png/images/353.png,353,111366,0,brain_figshare/png/masks/353_mask.png,pixel,train
brain_figshare/png/images/354.png,354,111366,0,brain_figshare/png/masks/354_mask.png,pixel,train
brain_figshare/png/images/355.png,355,111366,0,brain_figshare/png/masks/355_mask.png,pixel,train
brain_figshare/png/images/356.png,356,111366,0,brain_figshare/png/masks/356_mask.png,pixel,train
brain_figshare/png/images/357.png,357,111532,0,brain_figshare/png/masks/357_mask.png,pixel,train
brain_figshare/png/images/358.png,358,111532,0,brain_figshare/png/masks/358_mask.png,pixel,train
brain_figshare/png/images/359.png,359,111532,0,brain_figshare/png/masks/359_mask.png,pixel,train
brain_figshare/png/images/36.png,36,103673,0,brain_figshare/png/masks/36_mask.png,pixel,train
brain_figshare/png/images/360.png,360,111532,0,brain_figshare/png/masks/360_mask.png,pixel,train
brain_figshare/png/images/361.png,361,111532,0,brain_figshare/png/masks/361_mask.png,pixel,train
brain_figshare/png/images/362.png,362,112002,0,brain_figshare/png/masks/362_mask.png,pixel,train
brain_figshare/png/images/363.png,363,112002,0,brain_figshare/png/masks/363_mask.png,pixel,train
brain_figshare/png/images/364.png,364,112002,0,brain_figshare/png/masks/364_mask.png,pixel,train
brain_figshare/png/images/365.png,365,112002,0,brain_figshare/png/masks/365_mask.png,pixel,train
brain_figshare/png/images/366.png,366,112062,0,brain_figshare/png/masks/366_mask.png,pixel,train
brain_figshare/png/images/367.png,367,112062,0,brain_figshare/png/masks/367_mask.png,pixel,train
brain_figshare/png/images/368.png,368,112062,0,brain_figshare/png/masks/368_mask.png,pixel,train
brain_figshare/png/images/369.png,369,112062,0,brain_figshare/png/masks/369_mask.png,pixel,train
brain_figshare/png/images/37.png,37,103673,0,brain_figshare/png/masks/37_mask.png,pixel,train
brain_figshare/png/images/370.png,370,112252,0,brain_figshare/png/masks/370_mask.png,pixel,train
brain_figshare/png/images/371.png,371,112252,0,brain_figshare/png/masks/371_mask.png,pixel,train
brain_figshare/png/images/372.png,372,112552,0,brain_figshare/png/masks/372_mask.png,pixel,train
brain_figshare/png/images/373.png,373,112552,0,brain_figshare/png/masks/373_mask.png,pixel,train
brain_figshare/png/images/374.png,374,112552,0,brain_figshare/png/masks/374_mask.png,pixel,train
brain_figshare/png/images/375.png,375,112552,0,brain_figshare/png/masks/375_mask.png,pixel,train
brain_figshare/png/images/376.png,376,112552,0,brain_figshare/png/masks/376_mask.png,pixel,train
brain_figshare/png/images/377.png,377,112552,0,brain_figshare/png/masks/377_mask.png,pixel,train
brain_figshare/png/images/378.png,378,112552,0,brain_figshare/png/masks/378_mask.png,pixel,train
brain_figshare/png/images/379.png,379,112648,0,brain_figshare/png/masks/379_mask.png,pixel,test
brain_figshare/png/images/38.png,38,103673,0,brain_figshare/png/masks/38_mask.png,pixel,train
brain_figshare/png/images/380.png,380,112648,0,brain_figshare/png/masks/380_mask.png,pixel,test
brain_figshare/png/images/381.png,381,112648,0,brain_figshare/png/masks/381_mask.png,pixel,test
brain_figshare/png/images/382.png,382,113435,0,brain_figshare/png/masks/382_mask.png,pixel,test
brain_figshare/png/images/383.png,383,113435,0,brain_figshare/png/masks/383_mask.png,pixel,test
brain_figshare/png/images/384.png,384,113435,0,brain_figshare/png/masks/384_mask.png,pixel,test
brain_figshare/png/images/385.png,385,113435,0,brain_figshare/png/masks/385_mask.png,pixel,test
brain_figshare/png/images/386.png,386,113435,0,brain_figshare/png/masks/386_mask.png,pixel,test
brain_figshare/png/images/387.png,387,113435,0,brain_figshare/png/masks/387_mask.png,pixel,test
brain_figshare/png/images/388.png,388,113435,0,brain_figshare/png/masks/388_mask.png,pixel,test
brain_figshare/png/images/389.png,389,113435,0,brain_figshare/png/masks/389_mask.png,pixel,test
brain_figshare/png/images/39.png,39,103673,0,brain_figshare/png/masks/39_mask.png,pixel,train
brain_figshare/png/images/390.png,390,113554,0,brain_figshare/png/masks/390_mask.png,pixel,train
brain_figshare/png/images/391.png,391,113554,0,brain_figshare/png/masks/391_mask.png,pixel,train
brain_figshare/png/images/392.png,392,113554,0,brain_figshare/png/masks/392_mask.png,pixel,train
brain_figshare/png/images/393.png,393,113805,0,brain_figshare/png/masks/393_mask.png,pixel,test
brain_figshare/png/images/394.png,394,113805,0,brain_figshare/png/masks/394_mask.png,pixel,test
brain_figshare/png/images/395.png,395,114018,0,brain_figshare/png/masks/395_mask.png,pixel,train
brain_figshare/png/images/396.png,396,114018,0,brain_figshare/png/masks/396_mask.png,pixel,train
brain_figshare/png/images/397.png,397,114018,0,brain_figshare/png/masks/397_mask.png,pixel,train
brain_figshare/png/images/398.png,398,114018,0,brain_figshare/png/masks/398_mask.png,pixel,train
brain_figshare/png/images/399.png,399,114359,0,brain_figshare/png/masks/399_mask.png,pixel,val
brain_figshare/png/images/4.png,4,100360,0,brain_figshare/png/masks/4_mask.png,pixel,train
brain_figshare/png/images/40.png,40,103673,0,brain_figshare/png/masks/40_mask.png,pixel,train
brain_figshare/png/images/400.png,400,114359,0,brain_figshare/png/masks/400_mask.png,pixel,val
brain_figshare/png/images/401.png,401,114359,0,brain_figshare/png/masks/401_mask.png,pixel,val
brain_figshare/png/images/402.png,402,114359,0,brain_figshare/png/masks/402_mask.png,pixel,val
brain_figshare/png/images/403.png,403,114359,0,brain_figshare/png/masks/403_mask.png,pixel,val
brain_figshare/png/images/404.png,404,114359,0,brain_figshare/png/masks/404_mask.png,pixel,val
brain_figshare/png/images/405.png,405,97607,0,brain_figshare/png/masks/405_mask.png,pixel,train
brain_figshare/png/images/406.png,406,97607,0,brain_figshare/png/masks/406_mask.png,pixel,train
brain_figshare/png/images/407.png,407,97607,0,brain_figshare/png/masks/407_mask.png,pixel,train
brain_figshare/png/images/408.png,408,97737,0,brain_figshare/png/masks/408_mask.png,pixel,train
brain_figshare/png/images/409.png,409,97737,0,brain_figshare/png/masks/409_mask.png,pixel,train
brain_figshare/png/images/41.png,41,103673,0,brain_figshare/png/masks/41_mask.png,pixel,train
brain_figshare/png/images/410.png,410,97737,0,brain_figshare/png/masks/410_mask.png,pixel,train
brain_figshare/png/images/411.png,411,97737,0,brain_figshare/png/masks/411_mask.png,pixel,train
brain_figshare/png/images/412.png,412,97737,0,brain_figshare/png/masks/412_mask.png,pixel,train
brain_figshare/png/images/413.png,413,97737,0,brain_figshare/png/masks/413_mask.png,pixel,train
brain_figshare/png/images/414.png,414,97875,0,brain_figshare/png/masks/414_mask.png,pixel,train
brain_figshare/png/images/415.png,415,97875,0,brain_figshare/png/masks/415_mask.png,pixel,train
brain_figshare/png/images/416.png,416,97875,0,brain_figshare/png/masks/416_mask.png,pixel,train
brain_figshare/png/images/417.png,417,97875,0,brain_figshare/png/masks/417_mask.png,pixel,train
brain_figshare/png/images/418.png,418,97943,0,brain_figshare/png/masks/418_mask.png,pixel,train
brain_figshare/png/images/419.png,419,97943,0,brain_figshare/png/masks/419_mask.png,pixel,train
brain_figshare/png/images/42.png,42,103925,0,brain_figshare/png/masks/42_mask.png,pixel,train
brain_figshare/png/images/420.png,420,97943,0,brain_figshare/png/masks/420_mask.png,pixel,train
brain_figshare/png/images/421.png,421,97943,0,brain_figshare/png/masks/421_mask.png,pixel,train
brain_figshare/png/images/422.png,422,97943,0,brain_figshare/png/masks/422_mask.png,pixel,train
brain_figshare/png/images/423.png,423,98241,0,brain_figshare/png/masks/423_mask.png,pixel,train
brain_figshare/png/images/424.png,424,98241,0,brain_figshare/png/masks/424_mask.png,pixel,train
brain_figshare/png/images/425.png,425,98241,0,brain_figshare/png/masks/425_mask.png,pixel,train
brain_figshare/png/images/426.png,426,98241,0,brain_figshare/png/masks/426_mask.png,pixel,train
brain_figshare/png/images/427.png,427,98241,0,brain_figshare/png/masks/427_mask.png,pixel,train
brain_figshare/png/images/428.png,428,98241,0,brain_figshare/png/masks/428_mask.png,pixel,train
brain_figshare/png/images/429.png,429,98241,0,brain_figshare/png/masks/429_mask.png,pixel,train
brain_figshare/png/images/43.png,43,103925,0,brain_figshare/png/masks/43_mask.png,pixel,train
brain_figshare/png/images/430.png,430,99017,0,brain_figshare/png/masks/430_mask.png,pixel,val
brain_figshare/png/images/431.png,431,99017,0,brain_figshare/png/masks/431_mask.png,pixel,val
brain_figshare/png/images/432.png,432,99089,0,brain_figshare/png/masks/432_mask.png,pixel,test
brain_figshare/png/images/433.png,433,99089,0,brain_figshare/png/masks/433_mask.png,pixel,test
brain_figshare/png/images/434.png,434,99089,0,brain_figshare/png/masks/434_mask.png,pixel,test
brain_figshare/png/images/435.png,435,99089,0,brain_figshare/png/masks/435_mask.png,pixel,test
brain_figshare/png/images/436.png,436,99089,0,brain_figshare/png/masks/436_mask.png,pixel,test
brain_figshare/png/images/437.png,437,99288,0,brain_figshare/png/masks/437_mask.png,pixel,test
brain_figshare/png/images/438.png,438,99308,0,brain_figshare/png/masks/438_mask.png,pixel,test
brain_figshare/png/images/439.png,439,99308,0,brain_figshare/png/masks/439_mask.png,pixel,test
brain_figshare/png/images/44.png,44,103925,0,brain_figshare/png/masks/44_mask.png,pixel,train
brain_figshare/png/images/440.png,440,99308,0,brain_figshare/png/masks/440_mask.png,pixel,test
brain_figshare/png/images/441.png,441,99308,0,brain_figshare/png/masks/441_mask.png,pixel,test
brain_figshare/png/images/442.png,442,100360,0,brain_figshare/png/masks/442_mask.png,pixel,train
brain_figshare/png/images/443.png,443,100360,0,brain_figshare/png/masks/443_mask.png,pixel,train
brain_figshare/png/images/444.png,444,100360,0,brain_figshare/png/masks/444_mask.png,pixel,train
brain_figshare/png/images/445.png,445,100360,0,brain_figshare/png/masks/445_mask.png,pixel,train
brain_figshare/png/images/446.png,446,100360,0,brain_figshare/png/masks/446_mask.png,pixel,train
brain_figshare/png/images/447.png,447,100360,0,brain_figshare/png/masks/447_mask.png,pixel,train
brain_figshare/png/images/448.png,448,100572,0,brain_figshare/png/masks/448_mask.png,pixel,train
brain_figshare/png/images/449.png,449,100572,0,brain_figshare/png/masks/449_mask.png,pixel,train
brain_figshare/png/images/45.png,45,104167,0,brain_figshare/png/masks/45_mask.png,pixel,test
brain_figshare/png/images/450.png,450,100639,0,brain_figshare/png/masks/450_mask.png,pixel,test
brain_figshare/png/images/451.png,451,100639,0,brain_figshare/png/masks/451_mask.png,pixel,test
brain_figshare/png/images/452.png,452,100920,0,brain_figshare/png/masks/452_mask.png,pixel,train
brain_figshare/png/images/453.png,453,100920,0,brain_figshare/png/masks/453_mask.png,pixel,train
brain_figshare/png/images/454.png,454,100920,0,brain_figshare/png/masks/454_mask.png,pixel,train
brain_figshare/png/images/455.png,455,101016,0,brain_figshare/png/masks/455_mask.png,pixel,val
brain_figshare/png/images/456.png,456,101016,0,brain_figshare/png/masks/456_mask.png,pixel,val
brain_figshare/png/images/457.png,457,101016,0,brain_figshare/png/masks/457_mask.png,pixel,val
brain_figshare/png/images/458.png,458,101016,0,brain_figshare/png/masks/458_mask.png,pixel,val
brain_figshare/png/images/459.png,459,101082,0,brain_figshare/png/masks/459_mask.png,pixel,train
brain_figshare/png/images/46.png,46,104167,0,brain_figshare/png/masks/46_mask.png,pixel,test
brain_figshare/png/images/460.png,460,101082,0,brain_figshare/png/masks/460_mask.png,pixel,train
brain_figshare/png/images/461.png,461,101127,0,brain_figshare/png/masks/461_mask.png,pixel,train
brain_figshare/png/images/462.png,462,101127,0,brain_figshare/png/masks/462_mask.png,pixel,train
brain_figshare/png/images/463.png,463,101127,0,brain_figshare/png/masks/463_mask.png,pixel,train
brain_figshare/png/images/464.png,464,101127,0,brain_figshare/png/masks/464_mask.png,pixel,train
brain_figshare/png/images/465.png,465,101797,0,brain_figshare/png/masks/465_mask.png,pixel,train
brain_figshare/png/images/466.png,466,101797,0,brain_figshare/png/masks/466_mask.png,pixel,train
brain_figshare/png/images/467.png,467,101797,0,brain_figshare/png/masks/467_mask.png,pixel,train
brain_figshare/png/images/468.png,468,101797,0,brain_figshare/png/masks/468_mask.png,pixel,train
brain_figshare/png/images/469.png,469,101797,0,brain_figshare/png/masks/469_mask.png,pixel,train
brain_figshare/png/images/47.png,47,104167,0,brain_figshare/png/masks/47_mask.png,pixel,test
brain_figshare/png/images/470.png,470,101797,0,brain_figshare/png/masks/470_mask.png,pixel,train
brain_figshare/png/images/471.png,471,101801,0,brain_figshare/png/masks/471_mask.png,pixel,train
brain_figshare/png/images/472.png,472,101801,0,brain_figshare/png/masks/472_mask.png,pixel,train
brain_figshare/png/images/473.png,473,101801,0,brain_figshare/png/masks/473_mask.png,pixel,train
brain_figshare/png/images/474.png,474,102420,0,brain_figshare/png/masks/474_mask.png,pixel,train
brain_figshare/png/images/475.png,475,102420,0,brain_figshare/png/masks/475_mask.png,pixel,train
brain_figshare/png/images/476.png,476,102446,0,brain_figshare/png/masks/476_mask.png,pixel,train
brain_figshare/png/images/477.png,477,102446,0,brain_figshare/png/masks/477_mask.png,pixel,train
brain_figshare/png/images/478.png,478,102675,0,brain_figshare/png/masks/478_mask.png,pixel,train
brain_figshare/png/images/479.png,479,102675,0,brain_figshare/png/masks/479_mask.png,pixel,train
brain_figshare/png/images/48.png,48,104167,0,brain_figshare/png/masks/48_mask.png,pixel,test
brain_figshare/png/images/480.png,480,102714,0,brain_figshare/png/masks/480_mask.png,pixel,train
brain_figshare/png/images/481.png,481,102714,0,brain_figshare/png/masks/481_mask.png,pixel,train
brain_figshare/png/images/482.png,482,102714,0,brain_figshare/png/masks/482_mask.png,pixel,train
brain_figshare/png/images/483.png,483,102714,0,brain_figshare/png/masks/483_mask.png,pixel,train
brain_figshare/png/images/484.png,484,102714,0,brain_figshare/png/masks/484_mask.png,pixel,train
brain_figshare/png/images/485.png,485,102818,0,brain_figshare/png/masks/485_mask.png,pixel,val
brain_figshare/png/images/486.png,486,102818,0,brain_figshare/png/masks/486_mask.png,pixel,val
brain_figshare/png/images/487.png,487,102818,0,brain_figshare/png/masks/487_mask.png,pixel,val
brain_figshare/png/images/488.png,488,102818,0,brain_figshare/png/masks/488_mask.png,pixel,val
brain_figshare/png/images/489.png,489,102935,0,brain_figshare/png/masks/489_mask.png,pixel,val
brain_figshare/png/images/49.png,49,104281,0,brain_figshare/png/masks/49_mask.png,pixel,train
brain_figshare/png/images/490.png,490,102960,0,brain_figshare/png/masks/490_mask.png,pixel,train
brain_figshare/png/images/491.png,491,102960,0,brain_figshare/png/masks/491_mask.png,pixel,train
brain_figshare/png/images/492.png,492,102960,0,brain_figshare/png/masks/492_mask.png,pixel,train
brain_figshare/png/images/493.png,493,102960,0,brain_figshare/png/masks/493_mask.png,pixel,train
brain_figshare/png/images/494.png,494,102960,0,brain_figshare/png/masks/494_mask.png,pixel,train
brain_figshare/png/images/495.png,495,102985,0,brain_figshare/png/masks/495_mask.png,pixel,train
brain_figshare/png/images/496.png,496,103673,0,brain_figshare/png/masks/496_mask.png,pixel,train
brain_figshare/png/images/497.png,497,103673,0,brain_figshare/png/masks/497_mask.png,pixel,train
brain_figshare/png/images/498.png,498,103673,0,brain_figshare/png/masks/498_mask.png,pixel,train
brain_figshare/png/images/499.png,499,103673,0,brain_figshare/png/masks/499_mask.png,pixel,train
brain_figshare/png/images/5.png,5,100360,0,brain_figshare/png/masks/5_mask.png,pixel,train
brain_figshare/png/images/50.png,50,104281,0,brain_figshare/png/masks/50_mask.png,pixel,train
brain_figshare/png/images/500.png,500,103673,0,brain_figshare/png/masks/500_mask.png,pixel,train
brain_figshare/png/images/501.png,501,103925,0,brain_figshare/png/masks/501_mask.png,pixel,train
brain_figshare/png/images/502.png,502,103925,0,brain_figshare/png/masks/502_mask.png,pixel,train
brain_figshare/png/images/503.png,503,103925,0,brain_figshare/png/masks/503_mask.png,pixel,train
brain_figshare/png/images/504.png,504,103925,0,brain_figshare/png/masks/504_mask.png,pixel,train
brain_figshare/png/images/505.png,505,104167,0,brain_figshare/png/masks/505_mask.png,pixel,test
brain_figshare/png/images/506.png,506,104167,0,brain_figshare/png/masks/506_mask.png,pixel,test
brain_figshare/png/images/507.png,507,104167,0,brain_figshare/png/masks/507_mask.png,pixel,test
brain_figshare/png/images/508.png,508,104167,0,brain_figshare/png/masks/508_mask.png,pixel,test
brain_figshare/png/images/509.png,509,104167,0,brain_figshare/png/masks/509_mask.png,pixel,test
brain_figshare/png/images/51.png,51,104281,0,brain_figshare/png/masks/51_mask.png,pixel,train
brain_figshare/png/images/510.png,510,104281,0,brain_figshare/png/masks/510_mask.png,pixel,train
brain_figshare/png/images/511.png,511,104281,0,brain_figshare/png/masks/511_mask.png,pixel,train
brain_figshare/png/images/512.png,512,104281,0,brain_figshare/png/masks/512_mask.png,pixel,train
brain_figshare/png/images/513.png,513,104281,0,brain_figshare/png/masks/513_mask.png,pixel,train
brain_figshare/png/images/514.png,514,104695,0,brain_figshare/png/masks/514_mask.png,pixel,train
brain_figshare/png/images/515.png,515,104695,0,brain_figshare/png/masks/515_mask.png,pixel,train
brain_figshare/png/images/516.png,516,104695,0,brain_figshare/png/masks/516_mask.png,pixel,train
brain_figshare/png/images/517.png,517,105374,0,brain_figshare/png/masks/517_mask.png,pixel,train
brain_figshare/png/images/518.png,518,105555,0,brain_figshare/png/masks/518_mask.png,pixel,train
brain_figshare/png/images/519.png,519,105555,0,brain_figshare/png/masks/519_mask.png,pixel,train
brain_figshare/png/images/52.png,52,104281,0,brain_figshare/png/masks/52_mask.png,pixel,train
brain_figshare/png/images/520.png,520,105937,0,brain_figshare/png/masks/520_mask.png,pixel,test
brain_figshare/png/images/521.png,521,105937,0,brain_figshare/png/masks/521_mask.png,pixel,test
brain_figshare/png/images/522.png,522,105937,0,brain_figshare/png/masks/522_mask.png,pixel,test
brain_figshare/png/images/523.png,523,106284,0,brain_figshare/png/masks/523_mask.png,pixel,train
brain_figshare/png/images/524.png,524,106284,0,brain_figshare/png/masks/524_mask.png,pixel,train
brain_figshare/png/images/525.png,525,106284,0,brain_figshare/png/masks/525_mask.png,pixel,train
brain_figshare/png/images/526.png,526,106284,0,brain_figshare/png/masks/526_mask.png,pixel,train
brain_figshare/png/images/527.png,527,106442,0,brain_figshare/png/masks/527_mask.png,pixel,train
brain_figshare/png/images/528.png,528,106442,0,brain_figshare/png/masks/528_mask.png,pixel,train
brain_figshare/png/images/529.png,529,106442,0,brain_figshare/png/masks/529_mask.png,pixel,train
brain_figshare/png/images/53.png,53,104281,0,brain_figshare/png/masks/53_mask.png,pixel,train
brain_figshare/png/images/530.png,530,106534,0,brain_figshare/png/masks/530_mask.png,pixel,test
brain_figshare/png/images/531.png,531,106534,0,brain_figshare/png/masks/531_mask.png,pixel,test
brain_figshare/png/images/532.png,532,106592,0,brain_figshare/png/masks/532_mask.png,pixel,val
brain_figshare/png/images/533.png,533,106665,0,brain_figshare/png/masks/533_mask.png,pixel,train
brain_figshare/png/images/534.png,534,106665,0,brain_figshare/png/masks/534_mask.png,pixel,train
brain_figshare/png/images/535.png,535,106665,0,brain_figshare/png/masks/535_mask.png,pixel,train
brain_figshare/png/images/536.png,536,106665,0,brain_figshare/png/masks/536_mask.png,pixel,train
brain_figshare/png/images/537.png,537,106665,0,brain_figshare/png/masks/537_mask.png,pixel,train
brain_figshare/png/images/538.png,538,106665,0,brain_figshare/png/masks/538_mask.png,pixel,train
brain_figshare/png/images/539.png,539,106665,0,brain_figshare/png/masks/539_mask.png,pixel,train
brain_figshare/png/images/54.png,54,104281,0,brain_figshare/png/masks/54_mask.png,pixel,train
brain_figshare/png/images/540.png,540,106720,0,brain_figshare/png/masks/540_mask.png,pixel,test
brain_figshare/png/images/541.png,541,106720,0,brain_figshare/png/masks/541_mask.png,pixel,test
brain_figshare/png/images/542.png,542,106720,0,brain_figshare/png/masks/542_mask.png,pixel,test
brain_figshare/png/images/543.png,543,106914,0,brain_figshare/png/masks/543_mask.png,pixel,train
brain_figshare/png/images/544.png,544,106914,0,brain_figshare/png/masks/544_mask.png,pixel,train
brain_figshare/png/images/545.png,545,106914,0,brain_figshare/png/masks/545_mask.png,pixel,train
brain_figshare/png/images/546.png,546,106914,0,brain_figshare/png/masks/546_mask.png,pixel,train
brain_figshare/png/images/547.png,547,106914,0,brain_figshare/png/masks/547_mask.png,pixel,train
brain_figshare/png/images/548.png,548,106914,0,brain_figshare/png/masks/548_mask.png,pixel,train
brain_figshare/png/images/549.png,549,106914,0,brain_figshare/png/masks/549_mask.png,pixel,train
brain_figshare/png/images/55.png,55,104281,0,brain_figshare/png/masks/55_mask.png,pixel,train
brain_figshare/png/images/550.png,550,107190,0,brain_figshare/png/masks/550_mask.png,pixel,test
brain_figshare/png/images/551.png,551,107248,0,brain_figshare/png/masks/551_mask.png,pixel,train
brain_figshare/png/images/552.png,552,107248,0,brain_figshare/png/masks/552_mask.png,pixel,train
brain_figshare/png/images/553.png,553,107248,0,brain_figshare/png/masks/553_mask.png,pixel,train
brain_figshare/png/images/554.png,554,107248,0,brain_figshare/png/masks/554_mask.png,pixel,train
brain_figshare/png/images/555.png,555,107248,0,brain_figshare/png/masks/555_mask.png,pixel,train
brain_figshare/png/images/556.png,556,107494,0,brain_figshare/png/masks/556_mask.png,pixel,test
brain_figshare/png/images/557.png,557,107494,0,brain_figshare/png/masks/557_mask.png,pixel,test
brain_figshare/png/images/558.png,558,107494,0,brain_figshare/png/masks/558_mask.png,pixel,test
brain_figshare/png/images/559.png,559,107494,0,brain_figshare/png/masks/559_mask.png,pixel,test
brain_figshare/png/images/56.png,56,105374,0,brain_figshare/png/masks/56_mask.png,pixel,train
brain_figshare/png/images/560.png,560,107946,0,brain_figshare/png/masks/560_mask.png,pixel,val
brain_figshare/png/images/561.png,561,107946,0,brain_figshare/png/masks/561_mask.png,pixel,val
brain_figshare/png/images/562.png,562,107946,0,brain_figshare/png/masks/562_mask.png,pixel,val
brain_figshare/png/images/563.png,563,107946,0,brain_figshare/png/masks/563_mask.png,pixel,val
brain_figshare/png/images/564.png,564,108514,0,brain_figshare/png/masks/564_mask.png,pixel,val
brain_figshare/png/images/565.png,565,108514,0,brain_figshare/png/masks/565_mask.png,pixel,val
brain_figshare/png/images/566.png,566,108514,0,brain_figshare/png/masks/566_mask.png,pixel,val
brain_figshare/png/images/567.png,567,108514,0,brain_figshare/png/masks/567_mask.png,pixel,val
brain_figshare/png/images/568.png,568,108514,0,brain_figshare/png/masks/568_mask.png,pixel,val
brain_figshare/png/images/569.png,569,108550,0,brain_figshare/png/masks/569_mask.png,pixel,train
brain_figshare/png/images/57.png,57,105374,0,brain_figshare/png/masks/57_mask.png,pixel,train
brain_figshare/png/images/570.png,570,108550,0,brain_figshare/png/masks/570_mask.png,pixel,train
brain_figshare/png/images/571.png,571,108590,0,brain_figshare/png/masks/571_mask.png,pixel,train
brain_figshare/png/images/572.png,572,108590,0,brain_figshare/png/masks/572_mask.png,pixel,train
brain_figshare/png/images/573.png,573,108945,0,brain_figshare/png/masks/573_mask.png,pixel,train
brain_figshare/png/images/574.png,574,108945,0,brain_figshare/png/masks/574_mask.png,pixel,train
brain_figshare/png/images/575.png,575,108945,0,brain_figshare/png/masks/575_mask.png,pixel,train
brain_figshare/png/images/576.png,576,108945,0,brain_figshare/png/masks/576_mask.png,pixel,train
brain_figshare/png/images/577.png,577,109350,0,brain_figshare/png/masks/577_mask.png,pixel,val
brain_figshare/png/images/578.png,578,109350,0,brain_figshare/png/masks/578_mask.png,pixel,val
brain_figshare/png/images/579.png,579,109411,0,brain_figshare/png/masks/579_mask.png,pixel,train
brain_figshare/png/images/58.png,58,105555,0,brain_figshare/png/masks/58_mask.png,pixel,train
brain_figshare/png/images/580.png,580,109968,0,brain_figshare/png/masks/580_mask.png,pixel,val
brain_figshare/png/images/581.png,581,109968,0,brain_figshare/png/masks/581_mask.png,pixel,val
brain_figshare/png/images/582.png,582,109968,0,brain_figshare/png/masks/582_mask.png,pixel,val
brain_figshare/png/images/583.png,583,109968,0,brain_figshare/png/masks/583_mask.png,pixel,val
brain_figshare/png/images/584.png,584,110808,0,brain_figshare/png/masks/584_mask.png,pixel,train
brain_figshare/png/images/585.png,585,110808,0,brain_figshare/png/masks/585_mask.png,pixel,train
brain_figshare/png/images/586.png,586,111077,0,brain_figshare/png/masks/586_mask.png,pixel,test
brain_figshare/png/images/587.png,587,111077,0,brain_figshare/png/masks/587_mask.png,pixel,test
brain_figshare/png/images/588.png,588,111077,0,brain_figshare/png/masks/588_mask.png,pixel,test
brain_figshare/png/images/589.png,589,111366,0,brain_figshare/png/masks/589_mask.png,pixel,train
brain_figshare/png/images/59.png,59,58392,2,brain_figshare/png/masks/59_mask.png,pixel,train
brain_figshare/png/images/590.png,590,111366,0,brain_figshare/png/masks/590_mask.png,pixel,train
brain_figshare/png/images/591.png,591,111366,0,brain_figshare/png/masks/591_mask.png,pixel,train
brain_figshare/png/images/592.png,592,111366,0,brain_figshare/png/masks/592_mask.png,pixel,train
brain_figshare/png/images/593.png,593,111532,0,brain_figshare/png/masks/593_mask.png,pixel,train
brain_figshare/png/images/594.png,594,111532,0,brain_figshare/png/masks/594_mask.png,pixel,train
brain_figshare/png/images/595.png,595,111532,0,brain_figshare/png/masks/595_mask.png,pixel,train
brain_figshare/png/images/596.png,596,111696,0,brain_figshare/png/masks/596_mask.png,pixel,train
brain_figshare/png/images/597.png,597,111710,0,brain_figshare/png/masks/597_mask.png,pixel,train
brain_figshare/png/images/598.png,598,111710,0,brain_figshare/png/masks/598_mask.png,pixel,train
brain_figshare/png/images/599.png,599,112002,0,brain_figshare/png/masks/599_mask.png,pixel,train
brain_figshare/png/images/6.png,6,100572,0,brain_figshare/png/masks/6_mask.png,pixel,train
brain_figshare/png/images/60.png,60,105937,0,brain_figshare/png/masks/60_mask.png,pixel,test
brain_figshare/png/images/600.png,600,112002,0,brain_figshare/png/masks/600_mask.png,pixel,train
brain_figshare/png/images/601.png,601,112002,0,brain_figshare/png/masks/601_mask.png,pixel,train
brain_figshare/png/images/602.png,602,112002,0,brain_figshare/png/masks/602_mask.png,pixel,train
brain_figshare/png/images/603.png,603,112062,0,brain_figshare/png/masks/603_mask.png,pixel,train
brain_figshare/png/images/604.png,604,112062,0,brain_figshare/png/masks/604_mask.png,pixel,train
brain_figshare/png/images/605.png,605,112062,0,brain_figshare/png/masks/605_mask.png,pixel,train
brain_figshare/png/images/606.png,606,112252,0,brain_figshare/png/masks/606_mask.png,pixel,train
brain_figshare/png/images/607.png,607,112252,0,brain_figshare/png/masks/607_mask.png,pixel,train
brain_figshare/png/images/608.png,608,112552,0,brain_figshare/png/masks/608_mask.png,pixel,train
brain_figshare/png/images/609.png,609,112552,0,brain_figshare/png/masks/609_mask.png,pixel,train
brain_figshare/png/images/61.png,61,105937,0,brain_figshare/png/masks/61_mask.png,pixel,test
brain_figshare/png/images/610.png,610,112552,0,brain_figshare/png/masks/610_mask.png,pixel,train
brain_figshare/png/images/611.png,611,112552,0,brain_figshare/png/masks/611_mask.png,pixel,train
brain_figshare/png/images/612.png,612,112552,0,brain_figshare/png/masks/612_mask.png,pixel,train
brain_figshare/png/images/613.png,613,112552,0,brain_figshare/png/masks/613_mask.png,pixel,train
brain_figshare/png/images/614.png,614,112552,0,brain_figshare/png/masks/614_mask.png,pixel,train
brain_figshare/png/images/615.png,615,112648,0,brain_figshare/png/masks/615_mask.png,pixel,test
brain_figshare/png/images/616.png,616,112648,0,brain_figshare/png/masks/616_mask.png,pixel,test
brain_figshare/png/images/617.png,617,112648,0,brain_figshare/png/masks/617_mask.png,pixel,test
brain_figshare/png/images/618.png,618,112648,0,brain_figshare/png/masks/618_mask.png,pixel,test
brain_figshare/png/images/619.png,619,112650,0,brain_figshare/png/masks/619_mask.png,pixel,val
brain_figshare/png/images/62.png,62,106284,0,brain_figshare/png/masks/62_mask.png,pixel,train
brain_figshare/png/images/620.png,620,112650,0,brain_figshare/png/masks/620_mask.png,pixel,val
brain_figshare/png/images/621.png,621,113098,0,brain_figshare/png/masks/621_mask.png,pixel,train
brain_figshare/png/images/622.png,622,113098,0,brain_figshare/png/masks/622_mask.png,pixel,train
brain_figshare/png/images/623.png,623,113098,0,brain_figshare/png/masks/623_mask.png,pixel,train
brain_figshare/png/images/624.png,624,113098,0,brain_figshare/png/masks/624_mask.png,pixel,train
brain_figshare/png/images/625.png,625,113435,0,brain_figshare/png/masks/625_mask.png,pixel,test
brain_figshare/png/images/626.png,626,113435,0,brain_figshare/png/masks/626_mask.png,pixel,test
brain_figshare/png/images/627.png,627,113435,0,brain_figshare/png/masks/627_mask.png,pixel,test
brain_figshare/png/images/628.png,628,113435,0,brain_figshare/png/masks/628_mask.png,pixel,test
brain_figshare/png/images/629.png,629,113435,0,brain_figshare/png/masks/629_mask.png,pixel,test
brain_figshare/png/images/63.png,63,106284,0,brain_figshare/png/masks/63_mask.png,pixel,train
brain_figshare/png/images/630.png,630,113435,0,brain_figshare/png/masks/630_mask.png,pixel,test
brain_figshare/png/images/631.png,631,113554,0,brain_figshare/png/masks/631_mask.png,pixel,train
brain_figshare/png/images/632.png,632,113554,0,brain_figshare/png/masks/632_mask.png,pixel,train
brain_figshare/png/images/633.png,633,113554,0,brain_figshare/png/masks/633_mask.png,pixel,train
brain_figshare/png/images/634.png,634,113554,0,brain_figshare/png/masks/634_mask.png,pixel,train
brain_figshare/png/images/635.png,635,113614,0,brain_figshare/png/masks/635_mask.png,pixel,test
brain_figshare/png/images/636.png,636,113614,0,brain_figshare/png/masks/636_mask.png,pixel,test
brain_figshare/png/images/637.png,637,113614,0,brain_figshare/png/masks/637_mask.png,pixel,test
brain_figshare/png/images/638.png,638,113614,0,brain_figshare/png/masks/638_mask.png,pixel,test
brain_figshare/png/images/639.png,639,113805,0,brain_figshare/png/masks/639_mask.png,pixel,test
brain_figshare/png/images/64.png,64,106284,0,brain_figshare/png/masks/64_mask.png,pixel,train
brain_figshare/png/images/640.png,640,113971,0,brain_figshare/png/masks/640_mask.png,pixel,train
brain_figshare/png/images/641.png,641,113971,0,brain_figshare/png/masks/641_mask.png,pixel,train
brain_figshare/png/images/642.png,642,114018,0,brain_figshare/png/masks/642_mask.png,pixel,train
brain_figshare/png/images/643.png,643,114018,0,brain_figshare/png/masks/643_mask.png,pixel,train
brain_figshare/png/images/644.png,644,114018,0,brain_figshare/png/masks/644_mask.png,pixel,train
brain_figshare/png/images/645.png,645,114018,0,brain_figshare/png/masks/645_mask.png,pixel,train
brain_figshare/png/images/646.png,646,114018,0,brain_figshare/png/masks/646_mask.png,pixel,train
brain_figshare/png/images/647.png,647,114018,0,brain_figshare/png/masks/647_mask.png,pixel,train
brain_figshare/png/images/648.png,648,114359,0,brain_figshare/png/masks/648_mask.png,pixel,val
brain_figshare/png/images/649.png,649,114359,0,brain_figshare/png/masks/649_mask.png,pixel,val
brain_figshare/png/images/65.png,65,106284,0,brain_figshare/png/masks/65_mask.png,pixel,train
brain_figshare/png/images/650.png,650,114359,0,brain_figshare/png/masks/650_mask.png,pixel,val
brain_figshare/png/images/651.png,651,114359,0,brain_figshare/png/masks/651_mask.png,pixel,val
brain_figshare/png/images/652.png,652,114359,0,brain_figshare/png/masks/652_mask.png,pixel,val
brain_figshare/png/images/653.png,653,114359,0,brain_figshare/png/masks/653_mask.png,pixel,val
brain_figshare/png/images/654.png,654,114359,0,brain_figshare/png/masks/654_mask.png,pixel,val
brain_figshare/png/images/655.png,655,114417,0,brain_figshare/png/masks/655_mask.png,pixel,val
brain_figshare/png/images/656.png,656,114417,0,brain_figshare/png/masks/656_mask.png,pixel,val
brain_figshare/png/images/657.png,657,114417,0,brain_figshare/png/masks/657_mask.png,pixel,val
brain_figshare/png/images/658.png,658,114417,0,brain_figshare/png/masks/658_mask.png,pixel,val
brain_figshare/png/images/659.png,659,97374,0,brain_figshare/png/masks/659_mask.png,pixel,train
brain_figshare/png/images/66.png,66,106284,0,brain_figshare/png/masks/66_mask.png,pixel,train
brain_figshare/png/images/660.png,660,97374,0,brain_figshare/png/masks/660_mask.png,pixel,train
brain_figshare/png/images/661.png,661,97374,0,brain_figshare/png/masks/661_mask.png,pixel,train
brain_figshare/png/images/662.png,662,97374,0,brain_figshare/png/masks/662_mask.png,pixel,train
brain_figshare/png/images/663.png,663,97374,0,brain_figshare/png/masks/663_mask.png,pixel,train
brain_figshare/png/images/664.png,664,97607,0,brain_figshare/png/masks/664_mask.png,pixel,train
brain_figshare/png/images/665.png,665,97607,0,brain_figshare/png/masks/665_mask.png,pixel,train
brain_figshare/png/images/666.png,666,97607,0,brain_figshare/png/masks/666_mask.png,pixel,train
brain_figshare/png/images/667.png,667,97607,0,brain_figshare/png/masks/667_mask.png,pixel,train
brain_figshare/png/images/668.png,668,97737,0,brain_figshare/png/masks/668_mask.png,pixel,train
brain_figshare/png/images/669.png,669,97737,0,brain_figshare/png/masks/669_mask.png,pixel,train
brain_figshare/png/images/67.png,67,106442,0,brain_figshare/png/masks/67_mask.png,pixel,train
brain_figshare/png/images/670.png,670,97737,0,brain_figshare/png/masks/670_mask.png,pixel,train
brain_figshare/png/images/671.png,671,97737,0,brain_figshare/png/masks/671_mask.png,pixel,train
brain_figshare/png/images/672.png,672,97737,0,brain_figshare/png/masks/672_mask.png,pixel,train
brain_figshare/png/images/673.png,673,97793,0,brain_figshare/png/masks/673_mask.png,pixel,train
brain_figshare/png/images/674.png,674,97875,0,brain_figshare/png/masks/674_mask.png,pixel,train
brain_figshare/png/images/675.png,675,97943,0,brain_figshare/png/masks/675_mask.png,pixel,train
brain_figshare/png/images/676.png,676,97943,0,brain_figshare/png/masks/676_mask.png,pixel,train
brain_figshare/png/images/677.png,677,97943,0,brain_figshare/png/masks/677_mask.png,pixel,train
brain_figshare/png/images/678.png,678,97943,0,brain_figshare/png/masks/678_mask.png,pixel,train
brain_figshare/png/images/679.png,679,97943,0,brain_figshare/png/masks/679_mask.png,pixel,train
brain_figshare/png/images/68.png,68,106442,0,brain_figshare/png/masks/68_mask.png,pixel,train
brain_figshare/png/images/680.png,680,98241,0,brain_figshare/png/masks/680_mask.png,pixel,train
brain_figshare/png/images/681.png,681,98241,0,brain_figshare/png/masks/681_mask.png,pixel,train
brain_figshare/png/images/682.png,682,98241,0,brain_figshare/png/masks/682_mask.png,pixel,train
brain_figshare/png/images/683.png,683,98241,0,brain_figshare/png/masks/683_mask.png,pixel,train
brain_figshare/png/images/684.png,684,98241,0,brain_figshare/png/masks/684_mask.png,pixel,train
brain_figshare/png/images/685.png,685,98241,0,brain_figshare/png/masks/685_mask.png,pixel,train
brain_figshare/png/images/686.png,686,99017,0,brain_figshare/png/masks/686_mask.png,pixel,val
brain_figshare/png/images/687.png,687,99017,0,brain_figshare/png/masks/687_mask.png,pixel,val
brain_figshare/png/images/688.png,688,99089,0,brain_figshare/png/masks/688_mask.png,pixel,test
brain_figshare/png/images/689.png,689,99089,0,brain_figshare/png/masks/689_mask.png,pixel,test
brain_figshare/png/images/69.png,69,106442,0,brain_figshare/png/masks/69_mask.png,pixel,train
brain_figshare/png/images/690.png,690,99089,0,brain_figshare/png/masks/690_mask.png,pixel,test
brain_figshare/png/images/691.png,691,99089,0,brain_figshare/png/masks/691_mask.png,pixel,test
brain_figshare/png/images/692.png,692,99089,0,brain_figshare/png/masks/692_mask.png,pixel,test
brain_figshare/png/images/693.png,693,99162,0,brain_figshare/png/masks/693_mask.png,pixel,train
brain_figshare/png/images/694.png,694,99162,0,brain_figshare/png/masks/694_mask.png,pixel,train
brain_figshare/png/images/695.png,695,99162,0,brain_figshare/png/masks/695_mask.png,pixel,train
brain_figshare/png/images/696.png,696,99288,0,brain_figshare/png/masks/696_mask.png,pixel,test
brain_figshare/png/images/697.png,697,99308,0,brain_figshare/png/masks/697_mask.png,pixel,test
brain_figshare/png/images/698.png,698,99308,0,brain_figshare/png/masks/698_mask.png,pixel,test
brain_figshare/png/images/699.png,699,99308,0,brain_figshare/png/masks/699_mask.png,pixel,test
brain_figshare/png/images/7.png,7,100572,0,brain_figshare/png/masks/7_mask.png,pixel,train
brain_figshare/png/images/70.png,70,106442,0,brain_figshare/png/masks/70_mask.png,pixel,train
brain_figshare/png/images/700.png,700,99308,0,brain_figshare/png/masks/700_mask.png,pixel,test
brain_figshare/png/images/701.png,701,99308,0,brain_figshare/png/masks/701_mask.png,pixel,test
brain_figshare/png/images/702.png,702,99308,0,brain_figshare/png/masks/702_mask.png,pixel,test
brain_figshare/png/images/703.png,703,99815,0,brain_figshare/png/masks/703_mask.png,pixel,train
brain_figshare/png/images/704.png,704,99815,0,brain_figshare/png/masks/704_mask.png,pixel,train
brain_figshare/png/images/705.png,705,99815,0,brain_figshare/png/masks/705_mask.png,pixel,train
brain_figshare/png/images/706.png,706,99815,0,brain_figshare/png/masks/706_mask.png,pixel,train
brain_figshare/png/images/707.png,707,99815,0,brain_figshare/png/masks/707_mask.png,pixel,train
brain_figshare/png/images/708.png,708,99815,0,brain_figshare/png/masks/708_mask.png,pixel,train
brain_figshare/png/images/709.png,709,105936,2,brain_figshare/png/masks/709_mask.png,pixel,test
brain_figshare/png/images/71.png,71,106534,0,brain_figshare/png/masks/71_mask.png,pixel,test
brain_figshare/png/images/710.png,710,105936,2,brain_figshare/png/masks/710_mask.png,pixel,test
brain_figshare/png/images/711.png,711,105936,2,brain_figshare/png/masks/711_mask.png,pixel,test
brain_figshare/png/images/712.png,712,106062,2,brain_figshare/png/masks/712_mask.png,pixel,val
brain_figshare/png/images/713.png,713,106062,2,brain_figshare/png/masks/713_mask.png,pixel,val
brain_figshare/png/images/714.png,714,106062,2,brain_figshare/png/masks/714_mask.png,pixel,val
brain_figshare/png/images/715.png,715,100820,1,brain_figshare/png/masks/715_mask.png,pixel,train
brain_figshare/png/images/716.png,716,100820,1,brain_figshare/png/masks/716_mask.png,pixel,train
brain_figshare/png/images/717.png,717,100820,1,brain_figshare/png/masks/717_mask.png,pixel,train
brain_figshare/png/images/718.png,718,101020,1,brain_figshare/png/masks/718_mask.png,pixel,train
brain_figshare/png/images/719.png,719,101020,1,brain_figshare/png/masks/719_mask.png,pixel,train
brain_figshare/png/images/72.png,72,106534,0,brain_figshare/png/masks/72_mask.png,pixel,test
brain_figshare/png/images/720.png,720,101020,1,brain_figshare/png/masks/720_mask.png,pixel,train
brain_figshare/png/images/721.png,721,101020,1,brain_figshare/png/masks/721_mask.png,pixel,train
brain_figshare/png/images/722.png,722,102075,1,brain_figshare/png/masks/722_mask.png,pixel,train
brain_figshare/png/images/723.png,723,102075,1,brain_figshare/png/masks/723_mask.png,pixel,train
brain_figshare/png/images/724.png,724,102075,1,brain_figshare/png/masks/724_mask.png,pixel,train
brain_figshare/png/images/725.png,725,103148,1,brain_figshare/png/masks/725_mask.png,pixel,val
brain_figshare/png/images/726.png,726,103148,1,brain_figshare/png/masks/726_mask.png,pixel,val
brain_figshare/png/images/727.png,727,103148,1,brain_figshare/png/masks/727_mask.png,pixel,val
brain_figshare/png/images/728.png,728,103148,1,brain_figshare/png/masks/728_mask.png,pixel,val
brain_figshare/png/images/729.png,729,106494,1,brain_figshare/png/masks/729_mask.png,pixel,test
brain_figshare/png/images/73.png,73,106665,0,brain_figshare/png/masks/73_mask.png,pixel,train
brain_figshare/png/images/730.png,730,106494,1,brain_figshare/png/masks/730_mask.png,pixel,test
brain_figshare/png/images/731.png,731,106494,1,brain_figshare/png/masks/731_mask.png,pixel,test
brain_figshare/png/images/732.png,732,106494,1,brain_figshare/png/masks/732_mask.png,pixel,test
brain_figshare/png/images/733.png,733,106494,1,brain_figshare/png/masks/733_mask.png,pixel,test
brain_figshare/png/images/734.png,734,106494,1,brain_figshare/png/masks/734_mask.png,pixel,test
brain_figshare/png/images/735.png,735,107747,1,brain_figshare/png/masks/735_mask.png,pixel,test
brain_figshare/png/images/736.png,736,107747,1,brain_figshare/png/masks/736_mask.png,pixel,test
brain_figshare/png/images/737.png,737,107747,1,brain_figshare/png/masks/737_mask.png,pixel,test
brain_figshare/png/images/738.png,738,107747,1,brain_figshare/png/masks/738_mask.png,pixel,test
brain_figshare/png/images/739.png,739,107747,1,brain_figshare/png/masks/739_mask.png,pixel,test
brain_figshare/png/images/74.png,74,106665,0,brain_figshare/png/masks/74_mask.png,pixel,train
brain_figshare/png/images/740.png,740,112105,1,brain_figshare/png/masks/740_mask.png,pixel,test
brain_figshare/png/images/741.png,741,112105,1,brain_figshare/png/masks/741_mask.png,pixel,test
brain_figshare/png/images/742.png,742,112105,1,brain_figshare/png/masks/742_mask.png,pixel,test
brain_figshare/png/images/743.png,743,112105,1,brain_figshare/png/masks/743_mask.png,pixel,test
brain_figshare/png/images/744.png,744,112105,1,brain_figshare/png/masks/744_mask.png,pixel,test
brain_figshare/png/images/745.png,745,112105,1,brain_figshare/png/masks/745_mask.png,pixel,test
brain_figshare/png/images/746.png,746,112105,1,brain_figshare/png/masks/746_mask.png,pixel,test
brain_figshare/png/images/747.png,747,100820,1,brain_figshare/png/masks/747_mask.png,pixel,train
brain_figshare/png/images/748.png,748,100820,1,brain_figshare/png/masks/748_mask.png,pixel,train
brain_figshare/png/images/749.png,749,100820,1,brain_figshare/png/masks/749_mask.png,pixel,train
brain_figshare/png/images/75.png,75,106665,0,brain_figshare/png/masks/75_mask.png,pixel,train
brain_figshare/png/images/750.png,750,100820,1,brain_figshare/png/masks/750_mask.png,pixel,train
brain_figshare/png/images/751.png,751,100820,1,brain_figshare/png/masks/751_mask.png,pixel,train
brain_figshare/png/images/752.png,752,100820,1,brain_figshare/png/masks/752_mask.png,pixel,train
brain_figshare/png/images/753.png,753,101020,1,brain_figshare/png/masks/753_mask.png,pixel,train
brain_figshare/png/images/754.png,754,101020,1,brain_figshare/png/masks/754_mask.png,pixel,train
brain_figshare/png/images/755.png,755,101020,1,brain_figshare/png/masks/755_mask.png,pixel,train
brain_figshare/png/images/756.png,756,101020,1,brain_figshare/png/masks/756_mask.png,pixel,train
brain_figshare/png/images/757.png,757,101020,1,brain_figshare/png/masks/757_mask.png,pixel,train
brain_figshare/png/images/758.png,758,101020,1,brain_figshare/png/masks/758_mask.png,pixel,train
brain_figshare/png/images/759.png,759,101020,1,brain_figshare/png/masks/759_mask.png,pixel,train
brain_figshare/png/images/76.png,76,106665,0,brain_figshare/png/masks/76_mask.png,pixel,train
brain_figshare/png/images/760.png,760,101020,1,brain_figshare/png/masks/760_mask.png,pixel,train
brain_figshare/png/images/761.png,761,102075,1,brain_figshare/png/masks/761_mask.png,pixel,train
brain_figshare/png/images/762.png,762,102075,1,brain_figshare/png/masks/762_mask.png,pixel,train
brain_figshare/png/images/763.png,763,102075,1,brain_figshare/png/masks/763_mask.png,pixel,train
brain_figshare/png/images/764.png,764,103148,1,brain_figshare/png/masks/764_mask.png,pixel,val
brain_figshare/png/images/765.png,765,103148,1,brain_figshare/png/masks/765_mask.png,pixel,val
brain_figshare/png/images/766.png,766,103148,1,brain_figshare/png/masks/766_mask.png,pixel,val
brain_figshare/png/images/767.png,767,103148,1,brain_figshare/png/masks/767_mask.png,pixel,val
brain_figshare/png/images/768.png,768,106494,1,brain_figshare/png/masks/768_mask.png,pixel,test
brain_figshare/png/images/769.png,769,106494,1,brain_figshare/png/masks/769_mask.png,pixel,test
brain_figshare/png/images/77.png,77,106665,0,brain_figshare/png/masks/77_mask.png,pixel,train
brain_figshare/png/images/770.png,770,106494,1,brain_figshare/png/masks/770_mask.png,pixel,test
brain_figshare/png/images/771.png,771,106494,1,brain_figshare/png/masks/771_mask.png,pixel,test
brain_figshare/png/images/772.png,772,106494,1,brain_figshare/png/masks/772_mask.png,pixel,test
brain_figshare/png/images/773.png,773,107747,1,brain_figshare/png/masks/773_mask.png,pixel,test
brain_figshare/png/images/774.png,774,107747,1,brain_figshare/png/masks/774_mask.png,pixel,test
brain_figshare/png/images/775.png,775,107747,1,brain_figshare/png/masks/775_mask.png,pixel,test
brain_figshare/png/images/776.png,776,107747,1,brain_figshare/png/masks/776_mask.png,pixel,test
brain_figshare/png/images/777.png,777,107747,1,brain_figshare/png/masks/777_mask.png,pixel,test
brain_figshare/png/images/778.png,778,107747,1,brain_figshare/png/masks/778_mask.png,pixel,test
brain_figshare/png/images/779.png,779,112027,1,brain_figshare/png/masks/779_mask.png,pixel,train
brain_figshare/png/images/78.png,78,106665,0,brain_figshare/png/masks/78_mask.png,pixel,train
brain_figshare/png/images/780.png,780,112027,1,brain_figshare/png/masks/780_mask.png,pixel,train
brain_figshare/png/images/781.png,781,112105,1,brain_figshare/png/masks/781_mask.png,pixel,test
brain_figshare/png/images/782.png,782,112105,1,brain_figshare/png/masks/782_mask.png,pixel,test
brain_figshare/png/images/783.png,783,112105,1,brain_figshare/png/masks/783_mask.png,pixel,test
brain_figshare/png/images/784.png,784,112105,1,brain_figshare/png/masks/784_mask.png,pixel,test
brain_figshare/png/images/785.png,785,112105,1,brain_figshare/png/masks/785_mask.png,pixel,test
brain_figshare/png/images/786.png,786,112105,1,brain_figshare/png/masks/786_mask.png,pixel,test
brain_figshare/png/images/787.png,787,112105,1,brain_figshare/png/masks/787_mask.png,pixel,test
brain_figshare/png/images/788.png,788,112105,1,brain_figshare/png/masks/788_mask.png,pixel,test
brain_figshare/png/images/789.png,789,112105,1,brain_figshare/png/masks/789_mask.png,pixel,test
brain_figshare/png/images/79.png,79,106665,0,brain_figshare/png/masks/79_mask.png,pixel,train
brain_figshare/png/images/790.png,790,112105,1,brain_figshare/png/masks/790_mask.png,pixel,test
brain_figshare/png/images/791.png,791,112105,1,brain_figshare/png/masks/791_mask.png,pixel,test
brain_figshare/png/images/792.png,792,88670,1,brain_figshare/png/masks/792_mask.png,pixel,train
brain_figshare/png/images/793.png,793,88670,1,brain_figshare/png/masks/793_mask.png,pixel,train
brain_figshare/png/images/794.png,794,88670,1,brain_figshare/png/masks/794_mask.png,pixel,train
brain_figshare/png/images/795.png,795,88670,1,brain_figshare/png/masks/795_mask.png,pixel,train
brain_figshare/png/images/796.png,796,88670,1,brain_figshare/png/masks/796_mask.png,pixel,train
brain_figshare/png/images/797.png,797,88670,1,brain_figshare/png/masks/797_mask.png,pixel,train
brain_figshare/png/images/798.png,798,88670,1,brain_figshare/png/masks/798_mask.png,pixel,train
brain_figshare/png/images/799.png,799,90284,1,brain_figshare/png/masks/799_mask.png,pixel,val
brain_figshare/png/images/8.png,8,100572,0,brain_figshare/png/masks/8_mask.png,pixel,train
brain_figshare/png/images/80.png,80,106720,0,brain_figshare/png/masks/80_mask.png,pixel,test
brain_figshare/png/images/800.png,800,90284,1,brain_figshare/png/masks/800_mask.png,pixel,val
brain_figshare/png/images/801.png,801,90284,1,brain_figshare/png/masks/801_mask.png,pixel,val
brain_figshare/png/images/802.png,802,90284,1,brain_figshare/png/masks/802_mask.png,pixel,val
brain_figshare/png/images/803.png,803,90284,1,brain_figshare/png/masks/803_mask.png,pixel,val
brain_figshare/png/images/804.png,804,90284,1,brain_figshare/png/masks/804_mask.png,pixel,val
brain_figshare/png/images/805.png,805,90284,1,brain_figshare/png/masks/805_mask.png,pixel,val
brain_figshare/png/images/806.png,806,90284,1,brain_figshare/png/masks/806_mask.png,pixel,val
brain_figshare/png/images/807.png,807,92897,1,brain_figshare/png/masks/807_mask.png,pixel,train
brain_figshare/png/images/808.png,808,92897,1,brain_figshare/png/masks/808_mask.png,pixel,train
brain_figshare/png/images/809.png,809,93825,1,brain_figshare/png/masks/809_mask.png,pixel,train
brain_figshare/png/images/81.png,81,106720,0,brain_figshare/png/masks/81_mask.png,pixel,test
brain_figshare/png/images/810.png,810,93825,1,brain_figshare/png/masks/810_mask.png,pixel,train
brain_figshare/png/images/811.png,811,93825,1,brain_figshare/png/masks/811_mask.png,pixel,train
brain_figshare/png/images/812.png,812,97609,1,brain_figshare/png/masks/812_mask.png,pixel,val
brain_figshare/png/images/813.png,813,97609,1,brain_figshare/png/masks/813_mask.png,pixel,val
brain_figshare/png/images/814.png,814,97609,1,brain_figshare/png/masks/814_mask.png,pixel,val
brain_figshare/png/images/815.png,815,97609,1,brain_figshare/png/masks/815_mask.png,pixel,val
brain_figshare/png/images/816.png,816,97609,1,brain_figshare/png/masks/816_mask.png,pixel,val
brain_figshare/png/images/817.png,817,97609,1,brain_figshare/png/masks/817_mask.png,pixel,val
brain_figshare/png/images/818.png,818,100416,1,brain_figshare/png/masks/818_mask.png,pixel,train
brain_figshare/png/images/819.png,819,100416,1,brain_figshare/png/masks/819_mask.png,pixel,train
brain_figshare/png/images/82.png,82,106720,0,brain_figshare/png/masks/82_mask.png,pixel,test
brain_figshare/png/images/820.png,820,100416,1,brain_figshare/png/masks/820_mask.png,pixel,train
brain_figshare/png/images/821.png,821,100416,1,brain_figshare/png/masks/821_mask.png,pixel,train
brain_figshare/png/images/822.png,822,100820,1,brain_figshare/png/masks/822_mask.png,pixel,train
brain_figshare/png/images/823.png,823,100820,1,brain_figshare/png/masks/823_mask.png,pixel,train
brain_figshare/png/images/824.png,824,100820,1,brain_figshare/png/masks/824_mask.png,pixel,train
brain_figshare/png/images/825.png,825,100820,1,brain_figshare/png/masks/825_mask.png,pixel,train
brain_figshare/png/images/826.png,826,100820,1,brain_figshare/png/masks/826_mask.png,pixel,train
brain_figshare/png/images/827.png,827,100820,1,brain_figshare/png/masks/827_mask.png,pixel,train
brain_figshare/png/images/828.png,828,101020,1,brain_figshare/png/masks/828_mask.png,pixel,train
brain_figshare/png/images/829.png,829,101020,1,brain_figshare/png/masks/829_mask.png,pixel,train
brain_figshare/png/images/83.png,83,106720,0,brain_figshare/png/masks/83_mask.png,pixel,test
brain_figshare/png/images/830.png,830,101020,1,brain_figshare/png/masks/830_mask.png,pixel,train
brain_figshare/png/images/831.png,831,101020,1,brain_figshare/png/masks/831_mask.png,pixel,train
brain_figshare/png/images/832.png,832,101020,1,brain_figshare/png/masks/832_mask.png,pixel,train
brain_figshare/png/images/833.png,833,101020,1,brain_figshare/png/masks/833_mask.png,pixel,train
brain_figshare/png/images/834.png,834,101384,1,brain_figshare/png/masks/834_mask.png,pixel,train
brain_figshare/png/images/835.png,835,101384,1,brain_figshare/png/masks/835_mask.png,pixel,train
brain_figshare/png/images/836.png,836,101384,1,brain_figshare/png/masks/836_mask.png,pixel,train
brain_figshare/png/images/837.png,837,102075,1,brain_figshare/png/masks/837_mask.png,pixel,train
brain_figshare/png/images/838.png,838,102075,1,brain_figshare/png/masks/838_mask.png,pixel,train
brain_figshare/png/images/839.png,839,102075,1,brain_figshare/png/masks/839_mask.png,pixel,train
brain_figshare/png/images/84.png,84,106720,0,brain_figshare/png/masks/84_mask.png,pixel,test
brain_figshare/png/images/840.png,840,103148,1,brain_figshare/png/masks/840_mask.png,pixel,val
brain_figshare/png/images/841.png,841,103148,1,brain_figshare/png/masks/841_mask.png,pixel,val
brain_figshare/png/images/842.png,842,103148,1,brain_figshare/png/masks/842_mask.png,pixel,val
brain_figshare/png/images/843.png,843,103148,1,brain_figshare/png/masks/843_mask.png,pixel,val
brain_figshare/png/images/844.png,844,105653,1,brain_figshare/png/masks/844_mask.png,pixel,train
brain_figshare/png/images/845.png,845,105653,1,brain_figshare/png/masks/845_mask.png,pixel,train
brain_figshare/png/images/846.png,846,106494,1,brain_figshare/png/masks/846_mask.png,pixel,test
brain_figshare/png/images/847.png,847,106494,1,brain_figshare/png/masks/847_mask.png,pixel,test
brain_figshare/png/images/848.png,848,106494,1,brain_figshare/png/masks/848_mask.png,pixel,test
brain_figshare/png/images/849.png,849,106494,1,brain_figshare/png/masks/849_mask.png,pixel,test
brain_figshare/png/images/85.png,85,106720,0,brain_figshare/png/masks/85_mask.png,pixel,test
brain_figshare/png/images/850.png,850,106494,1,brain_figshare/png/masks/850_mask.png,pixel,test
brain_figshare/png/images/851.png,851,106494,1,brain_figshare/png/masks/851_mask.png,pixel,test
brain_figshare/png/images/852.png,852,106494,1,brain_figshare/png/masks/852_mask.png,pixel,test
brain_figshare/png/images/853.png,853,107747,1,brain_figshare/png/masks/853_mask.png,pixel,test
brain_figshare/png/images/854.png,854,107747,1,brain_figshare/png/masks/854_mask.png,pixel,test
brain_figshare/png/images/855.png,855,107747,1,brain_figshare/png/masks/855_mask.png,pixel,test
brain_figshare/png/images/856.png,856,107747,1,brain_figshare/png/masks/856_mask.png,pixel,test
brain_figshare/png/images/857.png,857,108479,1,brain_figshare/png/masks/857_mask.png,pixel,train
brain_figshare/png/images/858.png,858,108479,1,brain_figshare/png/masks/858_mask.png,pixel,train
brain_figshare/png/images/859.png,859,112105,1,brain_figshare/png/masks/859_mask.png,pixel,test
brain_figshare/png/images/86.png,86,106720,0,brain_figshare/png/masks/86_mask.png,pixel,test
brain_figshare/png/images/860.png,860,112105,1,brain_figshare/png/masks/860_mask.png,pixel,test
brain_figshare/png/images/861.png,861,112105,1,brain_figshare/png/masks/861_mask.png,pixel,test
brain_figshare/png/images/862.png,862,112105,1,brain_figshare/png/masks/862_mask.png,pixel,test
brain_figshare/png/images/863.png,863,112105,1,brain_figshare/png/masks/863_mask.png,pixel,test
brain_figshare/png/images/864.png,864,112105,1,brain_figshare/png/masks/864_mask.png,pixel,test
brain_figshare/png/images/865.png,865,88670,1,brain_figshare/png/masks/865_mask.png,pixel,train
brain_figshare/png/images/866.png,866,88670,1,brain_figshare/png/masks/866_mask.png,pixel,train
brain_figshare/png/images/867.png,867,88670,1,brain_figshare/png/masks/867_mask.png,pixel,train
brain_figshare/png/images/868.png,868,88670,1,brain_figshare/png/masks/868_mask.png,pixel,train
brain_figshare/png/images/869.png,869,88670,1,brain_figshare/png/masks/869_mask.png,pixel,train
brain_figshare/png/images/87.png,87,106914,0,brain_figshare/png/masks/87_mask.png,pixel,train
brain_figshare/png/images/870.png,870,90284,1,brain_figshare/png/masks/870_mask.png,pixel,val
brain_figshare/png/images/871.png,871,90284,1,brain_figshare/png/masks/871_mask.png,pixel,val
brain_figshare/png/images/872.png,872,90284,1,brain_figshare/png/masks/872_mask.png,pixel,val
brain_figshare/png/images/873.png,873,90284,1,brain_figshare/png/masks/873_mask.png,pixel,val
brain_figshare/png/images/874.png,874,90284,1,brain_figshare/png/masks/874_mask.png,pixel,val
brain_figshare/png/images/875.png,875,90284,1,brain_figshare/png/masks/875_mask.png,pixel,val
brain_figshare/png/images/876.png,876,90284,1,brain_figshare/png/masks/876_mask.png,pixel,val
brain_figshare/png/images/877.png,877,90284,1,brain_figshare/png/masks/877_mask.png,pixel,val
brain_figshare/png/images/878.png,878,90284,1,brain_figshare/png/masks/878_mask.png,pixel,val
brain_figshare/png/images/879.png,879,90284,1,brain_figshare/png/masks/879_mask.png,pixel,val
brain_figshare/png/images/88.png,88,106914,0,brain_figshare/png/masks/88_mask.png,pixel,train
brain_figshare/png/images/880.png,880,90284,1,brain_figshare/png/masks/880_mask.png,pixel,val
brain_figshare/png/images/881.png,881,92897,1,brain_figshare/png/masks/881_mask.png,pixel,train
brain_figshare/png/images/882.png,882,92897,1,brain_figshare/png/masks/882_mask.png,pixel,train
brain_figshare/png/images/883.png,883,93329,1,brain_figshare/png/masks/883_mask.png,pixel,test
brain_figshare/png/images/884.png,884,93329,1,brain_figshare/png/masks/884_mask.png,pixel,test
brain_figshare/png/images/885.png,885,93329,1,brain_figshare/png/masks/885_mask.png,pixel,test
brain_figshare/png/images/886.png,886,93329,1,brain_figshare/png/masks/886_mask.png,pixel,test
brain_figshare/png/images/887.png,887,93329,1,brain_figshare/png/masks/887_mask.png,pixel,test
brain_figshare/png/images/888.png,888,93825,1,brain_figshare/png/masks/888_mask.png,pixel,train
brain_figshare/png/images/889.png,889,93825,1,brain_figshare/png/masks/889_mask.png,pixel,train
brain_figshare/png/images/89.png,89,106914,0,brain_figshare/png/masks/89_mask.png,pixel,train
brain_figshare/png/images/890.png,890,93825,1,brain_figshare/png/masks/890_mask.png,pixel,train
brain_figshare/png/images/891.png,891,93825,1,brain_figshare/png/masks/891_mask.png,pixel,train
brain_figshare/png/images/892.png,892,94731,1,brain_figshare/png/masks/892_mask.png,pixel,train
brain_figshare/png/images/893.png,893,94731,1,brain_figshare/png/masks/893_mask.png,pixel,train
brain_figshare/png/images/894.png,894,94731,1,brain_figshare/png/masks/894_mask.png,pixel,train
brain_figshare/png/images/895.png,895,95142,1,brain_figshare/png/masks/895_mask.png,pixel,test
brain_figshare/png/images/896.png,896,95142,1,brain_figshare/png/masks/896_mask.png,pixel,test
brain_figshare/png/images/897.png,897,95142,1,brain_figshare/png/masks/897_mask.png,pixel,test
brain_figshare/png/images/898.png,898,95142,1,brain_figshare/png/masks/898_mask.png,pixel,test
brain_figshare/png/images/899.png,899,95142,1,brain_figshare/png/masks/899_mask.png,pixel,test
brain_figshare/png/images/9.png,9,101016,0,brain_figshare/png/masks/9_mask.png,pixel,val
brain_figshare/png/images/90.png,90,106914,0,brain_figshare/png/masks/90_mask.png,pixel,train
brain_figshare/png/images/900.png,900,95142,1,brain_figshare/png/masks/900_mask.png,pixel,test
brain_figshare/png/images/901.png,901,95142,1,brain_figshare/png/masks/901_mask.png,pixel,test
brain_figshare/png/images/902.png,902,95142,1,brain_figshare/png/masks/902_mask.png,pixel,test
brain_figshare/png/images/903.png,903,95142,1,brain_figshare/png/masks/903_mask.png,pixel,test
brain_figshare/png/images/904.png,904,96587,1,brain_figshare/png/masks/904_mask.png,pixel,val
brain_figshare/png/images/905.png,905,96587,1,brain_figshare/png/masks/905_mask.png,pixel,val
brain_figshare/png/images/906.png,906,96587,1,brain_figshare/png/masks/906_mask.png,pixel,val
brain_figshare/png/images/907.png,907,96587,1,brain_figshare/png/masks/907_mask.png,pixel,val
brain_figshare/png/images/908.png,908,97609,1,brain_figshare/png/masks/908_mask.png,pixel,val
brain_figshare/png/images/909.png,909,97609,1,brain_figshare/png/masks/909_mask.png,pixel,val
brain_figshare/png/images/91.png,91,107190,0,brain_figshare/png/masks/91_mask.png,pixel,test
brain_figshare/png/images/910.png,910,97609,1,brain_figshare/png/masks/910_mask.png,pixel,val
brain_figshare/png/images/911.png,911,97609,1,brain_figshare/png/masks/911_mask.png,pixel,val
brain_figshare/png/images/912.png,912,98889,1,brain_figshare/png/masks/912_mask.png,pixel,train
brain_figshare/png/images/913.png,913,98889,1,brain_figshare/png/masks/913_mask.png,pixel,train
brain_figshare/png/images/914.png,914,98889,1,brain_figshare/png/masks/914_mask.png,pixel,train
brain_figshare/png/images/915.png,915,98889,1,brain_figshare/png/masks/915_mask.png,pixel,train
brain_figshare/png/images/916.png,916,98889,1,brain_figshare/png/masks/916_mask.png,pixel,train
brain_figshare/png/images/917.png,917,98889,1,brain_figshare/png/masks/917_mask.png,pixel,train
brain_figshare/png/images/918.png,918,105936,2,brain_figshare/png/masks/918_mask.png,pixel,test
brain_figshare/png/images/919.png,919,105936,2,brain_figshare/png/masks/919_mask.png,pixel,test
brain_figshare/png/images/92.png,92,107190,0,brain_figshare/png/masks/92_mask.png,pixel,test
brain_figshare/png/images/920.png,920,105936,2,brain_figshare/png/masks/920_mask.png,pixel,test
brain_figshare/png/images/921.png,921,105936,2,brain_figshare/png/masks/921_mask.png,pixel,test
brain_figshare/png/images/922.png,922,106062,2,brain_figshare/png/masks/922_mask.png,pixel,val
brain_figshare/png/images/923.png,923,106062,2,brain_figshare/png/masks/923_mask.png,pixel,val
brain_figshare/png/images/924.png,924,106062,2,brain_figshare/png/masks/924_mask.png,pixel,val
brain_figshare/png/images/925.png,925,106062,2,brain_figshare/png/masks/925_mask.png,pixel,val
brain_figshare/png/images/926.png,926,107495,2,brain_figshare/png/masks/926_mask.png,pixel,test
brain_figshare/png/images/927.png,927,107495,2,brain_figshare/png/masks/927_mask.png,pixel,test
brain_figshare/png/images/928.png,928,107495,2,brain_figshare/png/masks/928_mask.png,pixel,test
brain_figshare/png/images/929.png,929,107495,2,brain_figshare/png/masks/929_mask.png,pixel,test
brain_figshare/png/images/93.png,93,107248,0,brain_figshare/png/masks/93_mask.png,pixel,train
brain_figshare/png/images/930.png,930,107495,2,brain_figshare/png/masks/930_mask.png,pixel,test
brain_figshare/png/images/931.png,931,107495,2,brain_figshare/png/masks/931_mask.png,pixel,test
brain_figshare/png/images/932.png,932,107495,2,brain_figshare/png/masks/932_mask.png,pixel,test
brain_figshare/png/images/933.png,933,107429,2,brain_figshare/png/masks/933_mask.png,pixel,val
brain_figshare/png/images/934.png,934,107429,2,brain_figshare/png/masks/934_mask.png,pixel,val
brain_figshare/png/images/935.png,935,107429,2,brain_figshare/png/masks/935_mask.png,pixel,val
brain_figshare/png/images/936.png,936,107429,2,brain_figshare/png/masks/936_mask.png,pixel,val
brain_figshare/png/images/937.png,937,107429,2,brain_figshare/png/masks/937_mask.png,pixel,val
brain_figshare/png/images/938.png,938,107429,2,brain_figshare/png/masks/938_mask.png,pixel,val
brain_figshare/png/images/939.png,939,107505,2,brain_figshare/png/masks/939_mask.png,pixel,train
brain_figshare/png/images/94.png,94,107248,0,brain_figshare/png/masks/94_mask.png,pixel,train
brain_figshare/png/images/940.png,940,107505,2,brain_figshare/png/masks/940_mask.png,pixel,train
brain_figshare/png/images/941.png,941,107505,2,brain_figshare/png/masks/941_mask.png,pixel,train
brain_figshare/png/images/942.png,942,107505,2,brain_figshare/png/masks/942_mask.png,pixel,train
brain_figshare/png/images/943.png,943,107505,2,brain_figshare/png/masks/943_mask.png,pixel,train
brain_figshare/png/images/944.png,944,107505,2,brain_figshare/png/masks/944_mask.png,pixel,train
brain_figshare/png/images/945.png,945,107505,2,brain_figshare/png/masks/945_mask.png,pixel,train
brain_figshare/png/images/946.png,946,107743,2,brain_figshare/png/masks/946_mask.png,pixel,train
brain_figshare/png/images/947.png,947,107743,2,brain_figshare/png/masks/947_mask.png,pixel,train
brain_figshare/png/images/948.png,948,107743,2,brain_figshare/png/masks/948_mask.png,pixel,train
brain_figshare/png/images/949.png,949,107743,2,brain_figshare/png/masks/949_mask.png,pixel,train
brain_figshare/png/images/95.png,95,107248,0,brain_figshare/png/masks/95_mask.png,pixel,train
brain_figshare/png/images/950.png,950,108858,2,brain_figshare/png/masks/950_mask.png,pixel,train
brain_figshare/png/images/951.png,951,108858,2,brain_figshare/png/masks/951_mask.png,pixel,train
brain_figshare/png/images/952.png,952,108858,2,brain_figshare/png/masks/952_mask.png,pixel,train
brain_figshare/png/images/953.png,953,108858,2,brain_figshare/png/masks/953_mask.png,pixel,train
brain_figshare/png/images/954.png,954,108858,2,brain_figshare/png/masks/954_mask.png,pixel,train
brain_figshare/png/images/955.png,955,108931,2,brain_figshare/png/masks/955_mask.png,pixel,train
brain_figshare/png/images/956.png,956,108931,2,brain_figshare/png/masks/956_mask.png,pixel,train
brain_figshare/png/images/957.png,957,108931,2,brain_figshare/png/masks/957_mask.png,pixel,train
brain_figshare/png/images/958.png,958,109471,2,brain_figshare/png/masks/958_mask.png,pixel,train
brain_figshare/png/images/959.png,959,109471,2,brain_figshare/png/masks/959_mask.png,pixel,train
brain_figshare/png/images/96.png,96,107248,0,brain_figshare/png/masks/96_mask.png,pixel,train
brain_figshare/png/images/960.png,960,109471,2,brain_figshare/png/masks/960_mask.png,pixel,train
brain_figshare/png/images/961.png,961,109471,2,brain_figshare/png/masks/961_mask.png,pixel,train
brain_figshare/png/images/962.png,962,109769,2,brain_figshare/png/masks/962_mask.png,pixel,train
brain_figshare/png/images/963.png,963,109769,2,brain_figshare/png/masks/963_mask.png,pixel,train
brain_figshare/png/images/964.png,964,109769,2,brain_figshare/png/masks/964_mask.png,pixel,train
brain_figshare/png/images/965.png,965,109769,2,brain_figshare/png/masks/965_mask.png,pixel,train
brain_figshare/png/images/966.png,966,109898,2,brain_figshare/png/masks/966_mask.png,pixel,train
brain_figshare/png/images/967.png,967,109898,2,brain_figshare/png/masks/967_mask.png,pixel,train
brain_figshare/png/images/968.png,968,109898,2,brain_figshare/png/masks/968_mask.png,pixel,train
brain_figshare/png/images/969.png,969,109898,2,brain_figshare/png/masks/969_mask.png,pixel,train
brain_figshare/png/images/97.png,97,107248,0,brain_figshare/png/masks/97_mask.png,pixel,train
brain_figshare/png/images/970.png,970,109898,2,brain_figshare/png/masks/970_mask.png,pixel,train
brain_figshare/png/images/971.png,971,109898,2,brain_figshare/png/masks/971_mask.png,pixel,train
brain_figshare/png/images/972.png,972,110518,2,brain_figshare/png/masks/972_mask.png,pixel,train
brain_figshare/png/images/973.png,973,110518,2,brain_figshare/png/masks/973_mask.png,pixel,train
brain_figshare/png/images/974.png,974,110537,2,brain_figshare/png/masks/974_mask.png,pixel,val
brain_figshare/png/images/975.png,975,110537,2,brain_figshare/png/masks/975_mask.png,pixel,val
brain_figshare/png/images/976.png,976,110993,2,brain_figshare/png/masks/976_mask.png,pixel,test
brain_figshare/png/images/977.png,977,110993,2,brain_figshare/png/masks/977_mask.png,pixel,test
brain_figshare/png/images/978.png,978,110993,2,brain_figshare/png/masks/978_mask.png,pixel,test
brain_figshare/png/images/979.png,979,110993,2,brain_figshare/png/masks/979_mask.png,pixel,test
brain_figshare/png/images/98.png,98,107248,0,brain_figshare/png/masks/98_mask.png,pixel,train
brain_figshare/png/images/980.png,980,111075,2,brain_figshare/png/masks/980_mask.png,pixel,val
brain_figshare/png/images/981.png,981,111075,2,brain_figshare/png/masks/981_mask.png,pixel,val
brain_figshare/png/images/982.png,982,111075,2,brain_figshare/png/masks/982_mask.png,pixel,val
brain_figshare/png/images/983.png,983,111075,2,brain_figshare/png/masks/983_mask.png,pixel,val
brain_figshare/png/images/984.png,984,111075,2,brain_figshare/png/masks/984_mask.png,pixel,val
brain_figshare/png/images/985.png,985,111075,2,brain_figshare/png/masks/985_mask.png,pixel,val
brain_figshare/png/images/986.png,986,111125,2,brain_figshare/png/masks/986_mask.png,pixel,train
brain_figshare/png/images/987.png,987,111125,2,brain_figshare/png/masks/987_mask.png,pixel,train
brain_figshare/png/images/988.png,988,111125,2,brain_figshare/png/masks/988_mask.png,pixel,train
brain_figshare/png/images/989.png,989,111125,2,brain_figshare/png/masks/989_mask.png,pixel,train
brain_figshare/png/images/99.png,99,107494,0,brain_figshare/png/masks/99_mask.png,pixel,test
brain_figshare/png/images/990.png,990,111785,2,brain_figshare/png/masks/990_mask.png,pixel,test
brain_figshare/png/images/991.png,991,111785,2,brain_figshare/png/masks/991_mask.png,pixel,test
brain_figshare/png/images/992.png,992,111785,2,brain_figshare/png/masks/992_mask.png,pixel,test
brain_figshare/png/images/993.png,993,111785,2,brain_figshare/png/masks/993_mask.png,pixel,test
brain_figshare/png/images/994.png,994,112074,2,brain_figshare/png/masks/994_mask.png,pixel,train
brain_figshare/png/images/995.png,995,112074,2,brain_figshare/png/masks/995_mask.png,pixel,train
brain_figshare/png/images/996.png,996,112074,2,brain_figshare/png/masks/996_mask.png,pixel,train
brain_figshare/png/images/997.png,997,112074,2,brain_figshare/png/masks/997_mask.png,pixel,train
brain_figshare/png/images/998.png,998,112649,2,brain_figshare/png/masks/998_mask.png,pixel,train
brain_figshare/png/images/999.png,999,112649,2,brain_figshare/png/masks/999_mask.png,pixel,train
