image_id,label,path,gt_ref,gt_type,official,group,split
ISIC_0000000,0,skin/Train/ISBI2016_ISIC_Part3B_Training_Data/ISIC_0000000.jpg,skin/Train/ISBI2016_ISIC_Part1_Training_GroundTruth/ISIC_0000000_Segmentation.png,pixel,train,ISIC_0000000,train
ISIC_0000001,0,skin/Train/ISBI2016_ISIC_Part3B_Training_Data/ISIC_0000001.jpg,skin/Train/ISBI2016_ISIC_Part1_Training_GroundTruth/ISIC_0000001_Segmentation.png,pixel,train,ISIC_0000001,val
ISIC_0000002,1,skin/Train/ISBI2016_ISIC_Part3B_Training_Data/ISIC_0000002.jpg,skin/Train/ISBI2016_ISIC_Part1_Training_GroundTruth/ISIC_0000002_Segmentation.png,pixel,train,ISIC_0000002,val
ISIC_0000004,1,skin/Train/ISBI2016_ISIC_Part3B_Training_Data/ISIC_0000004.jpg,skin/Train/ISBI2016_ISIC_Part1_Training_GroundTruth/ISIC_0000004_Segmentation.png,pixel,train,ISIC_0000004,train
ISIC_0000006,0,skin/Train/ISBI2016_ISIC_Part3B_Training_Data/ISIC_0000006.jpg,skin/Train/ISBI2016_ISIC_Part1_Training_GroundTruth/ISIC_0000006_Segmentation.png,pixel,train,ISIC_0000006,train
ISIC_0000007,0,skin/Train/ISBI2016_ISIC_Part3B_Training_Data/ISIC_0000007.jpg,skin/Train/ISBI2016_ISIC_Part1_Training_GroundTruth/ISIC_0000007_Segmentation.png,pixel,train,ISIC_0000007,train
ISIC_0000008,0,skin/Train/ISBI2016_ISIC_Part3B_Training_Data/ISIC_0000008.jpg,skin/Train/ISBI2016_ISIC_Part1_Training_GroundTruth/ISIC_0000008_Segmentation.png,pixel,train,ISIC_0000008,val
ISIC_0000009,0,skin/Train/ISBI2016_ISIC_Part3B_Training_Data/ISIC_0000009.jpg,skin/Train/ISBI2016_ISIC_Part1_Training_GroundTruth/ISIC_0000009_Segmentation.png,pixel,train,ISIC_0000009,train
ISIC_0000010,0,skin/Train/ISBI2016_ISIC_Part3B_Training_Data/ISIC_0000010.jpg,skin/Train/ISBI2016_ISIC_Part1_Training_GroundTruth/ISIC_0000010_Segmentation.png,pixel,train,ISIC_0000010,train
ISIC_0000011,0,skin/Train/ISBI2016_ISIC_Part3B_Training_Data/ISIC_0000011.jpg,skin/Train/ISBI2016_ISIC_Part1_Training_GroundTruth/ISIC_0000011_Segmentation.png,pixel,train,ISIC_0000011,train
ISIC_0000016,0,skin/Train/ISBI2016_ISIC_Part3B_Training_Data/ISIC_0000016.jpg,skin/Train/ISBI2016_ISIC_Part1_Training_GroundTruth/ISIC_0000016_Segmentation.png,pixel,train,ISIC_0000016,train
ISIC_0000017,0,skin/Train/ISBI2016_ISIC_Part3B_Training_Data/ISIC_0000017.jpg,skin/Train/ISBI2016_ISIC_Part1_Training_GroundTruth/ISIC_0000017_Segmentation.png,pixel,train,ISIC_0000017,train
ISIC_0000018,0,skin/Train/ISBI2016_ISIC_Part3B_Training_Data/ISIC_0000018.jpg,skin/Train/ISBI2016_ISIC_Part1_Training_GroundTruth/ISIC_0000018_Segmentation.png,pixel,train,ISIC_0000018,train
ISIC_0000019,0,skin/Train/ISBI2016_ISIC_Part3B_Training_Data/ISIC_0000019.jpg,skin/Train/ISBI2016_ISIC_Part1_Training_GroundTruth/ISIC_0000019_Segmentation.png,pixel,train,ISIC_0000019,train
ISIC_0000021,0,skin/Train/ISBI2016_ISIC_Part3B_Training_Data/ISIC_0000021.jpg,skin/Train/ISBI2016_ISIC_Part1_Training_GroundTruth/ISIC_0000021_Segmentation.png,pixel,train,ISIC_0000021,train
ISIC_0000024,0,skin/Train/ISBI2016_ISIC_Part3B_Training_Data/ISIC_0000024.jpg,skin/Train/ISBI2016_ISIC_Part1_Training_GroundTruth/ISIC_0000024_Segmentation.png,pixel,train,ISIC_0000024,val
ISIC_0000025,0,skin/Train/ISBI2016_ISIC_Part3B_Training_Data/ISIC_0000025.jpg,skin/Train/ISBI2016_ISIC_Part1_Training_GroundTruth/ISIC_0000025_Segmentation.png,pixel,train,ISIC_0000025,val
ISIC_0000026,1,skin/Train/ISBI2016_ISIC_Part3B_Training_Data/ISIC_0000026.jpg,skin/Train/ISBI2016_ISIC_Part1_Training_GroundTruth/ISIC_0000026_Segmentation.png,pixel,train,ISIC_0000026,val
ISIC_0000028,0,skin/Train/ISBI2016_ISIC_Part3B_Training_Data/ISIC_0000028.jpg,skin/Train/ISBI2016_ISIC_Part1_Training_GroundTruth/ISIC_0000028_Segmentation.png,pixel,train,ISIC_0000028,train
ISIC_0000029,1,skin/Train/ISBI2016_ISIC_Part3B_Training_Data/ISIC_0000029.jpg,skin/Train/ISBI2016_ISIC_Part1_Training_GroundTruth/ISIC_0000029_Segmentation.png,pixel,train,ISIC_0000029,val
ISIC_0000030,1,skin/Train/ISBI2016_ISIC_Part3B_Training_Data/ISIC_0000030.jpg,skin/Train/ISBI2016_ISIC_Part1_Training_GroundTruth/ISIC_0000030_Segmentation.png,pixel,train,ISIC_0000030,train
ISIC_0000031,1,skin/Train/ISBI2016_ISIC_Part3B_Training_Data/ISIC_0000031.jpg,skin/Train/ISBI2016_ISIC_Part1_Training_GroundTruth/ISIC_0000031_Segmentation.png,pixel,train,ISIC_0000031,train
ISIC_0000032,0,skin/Train/ISBI2016_ISIC_Part3B_Training_Data/ISIC_0000032.jpg,skin/Train/ISBI2016_ISIC_Part1_Training_GroundTruth/ISIC_0000032_Segmentation.png,pixel,train,ISIC_0000032,train
ISIC_0000034,0,skin/Train/ISBI2016_ISIC_Part3B_Training_Data/ISIC_0000034.jpg,skin/Train/ISBI2016_ISIC_Part1_Training_GroundTruth/ISIC_0000034_Segmentation.png,pixel,train,ISIC_0000034,train
ISIC_0000035,1,skin/Train/ISBI2016_ISIC_Part3B_Training_Data/ISIC_0000035.jpg,skin/Train/ISBI2016_ISIC_Part1_Training_GroundTruth/ISIC_0000035_Segmentation.png,pixel,train,ISIC_0000035,train
ISIC_0000038,0,skin/Train/ISBI2016_ISIC_Part3B_Training_Data/ISIC_0000038.jpg,skin/Train/ISBI2016_ISIC_Part1_Training_GroundTruth/ISIC_0000038_Segmentation.png,pixel,train,ISIC_0000038,train
ISIC_0000039,0,skin/Train/ISBI2016_ISIC_Part3B_Training_Data/ISIC_0000039.jpg,skin/Train/ISBI2016_ISIC_Part1_Training_GroundTruth/ISIC_0000039_Segmentation.png,pixel,train,ISIC_0000039,train
ISIC_0000041,0,skin/Train/ISBI2016_ISIC_Part3B_Training_Data/ISIC_0000041.jpg,skin/Train/ISBI2016_ISIC_Part1_Training_GroundTruth/ISIC_0000041_Segmentation.png,pixel,train,ISIC_0000041,val
ISIC_0000042,0,skin/Train/ISBI2016_ISIC_Part3B_Training_Data/ISIC_0000042.jpg,skin/Train/ISBI2016_ISIC_Part1_Training_GroundTruth/ISIC_0000042_Segmentation.png,pixel,train,ISIC_0000042,val
ISIC_0000044,0,skin/Train/ISBI2016_ISIC_Part3B_Training_Data/ISIC_0000044.jpg,skin/Train/ISBI2016_ISIC_Part1_Training_GroundTruth/ISIC_0000044_Segmentation.png,pixel,train,ISIC_0000044,train
ISIC_0000045,0,skin/Train/ISBI2016_ISIC_Part3B_Training_Data/ISIC_0000045.jpg,skin/Train/ISBI2016_ISIC_Part1_Training_GroundTruth/ISIC_0000045_Segmentation.png,pixel,train,ISIC_0000045,train
ISIC_0000046,1,skin/Train/ISBI2016_ISIC_Part3B_Training_Data/ISIC_0000046.jpg,skin/Train/ISBI2016_ISIC_Part1_Training_GroundTruth/ISIC_0000046_Segmentation.png,pixel,train,ISIC_0000046,train
ISIC_0000047,0,skin/Train/ISBI2016_ISIC_Part3B_Training_Data/ISIC_0000047.jpg,skin/Train/ISBI2016_ISIC_Part1_Training_GroundTruth/ISIC_0000047_Segmentation.png,pixel,train,ISIC_0000047,train
ISIC_0000048,0,skin/Train/ISBI2016_ISIC_Part3B_Training_Data/ISIC_0000048.jpg,skin/Train/ISBI2016_ISIC_Part1_Training_GroundTruth/ISIC_0000048_Segmentation.png,pixel,train,ISIC_0000048,train
ISIC_0000049,1,skin/Train/ISBI2016_ISIC_Part3B_Training_Data/ISIC_0000049.jpg,skin/Train/ISBI2016_ISIC_Part1_Training_GroundTruth/ISIC_0000049_Segmentation.png,pixel,train,ISIC_0000049,train
ISIC_0000050,0,skin/Train/ISBI2016_ISIC_Part3B_Training_Data/ISIC_0000050.jpg,skin/Train/ISBI2016_ISIC_Part1_Training_GroundTruth/ISIC_0000050_Segmentation.png,pixel,train,ISIC_0000050,train
ISIC_0000051,0,skin/Train/ISBI2016_ISIC_Part3B_Training_Data/ISIC_0000051.jpg,skin/Train/ISBI2016_ISIC_Part1_Training_GroundTruth/ISIC_0000051_Segmentation.png,pixel,train,ISIC_0000051,val
ISIC_0000054,1,skin/Train/ISBI2016_ISIC_Part3B_Training_Data/ISIC_0000054.jpg,skin/Train/ISBI2016_ISIC_Part1_Training_GroundTruth/ISIC_0000054_Segmentation.png,pixel,train,ISIC_0000054,train
ISIC_0000055,0,skin/Train/ISBI2016_ISIC_Part3B_Training_Data/ISIC_0000055.jpg,skin/Train/ISBI2016_ISIC_Part1_Training_GroundTruth/ISIC_0000055_Segmentation.png,pixel,train,ISIC_0000055,train
ISIC_0000058,0,skin/Train/ISBI2016_ISIC_Part3B_Training_Data/ISIC_0000058.jpg,skin/Train/ISBI2016_ISIC_Part1_Training_GroundTruth/ISIC_0000058_Segmentation.png,pixel,train,ISIC_0000058,train
ISIC_0000059,0,skin/Train/ISBI2016_ISIC_Part3B_Training_Data/ISIC_0000059.jpg,skin/Train/ISBI2016_ISIC_Part1_Training_GroundTruth/ISIC_0000059_Segmentation.png,pixel,train,ISIC_0000059,train
ISIC_0000060,0,skin/Train/ISBI2016_ISIC_Part3B_Training_Data/ISIC_0000060.jpg,skin/Train/ISBI2016_ISIC_Part1_Training_GroundTruth/ISIC_0000060_Segmentation.png,pixel,train,ISIC_0000060,train
ISIC_0000061,0,skin/Train/ISBI2016_ISIC_Part3B_Training_Data/ISIC_0000061.jpg,skin/Train/ISBI2016_ISIC_Part1_Training_GroundTruth/ISIC_0000061_Segmentation.png,pixel,train,ISIC_0000061,val
ISIC_0000062,0,skin/Train/ISBI2016_ISIC_Part3B_Training_Data/ISIC_0000062.jpg,skin/Train/ISBI2016_ISIC_Part1_Training_GroundTruth/ISIC_0000062_Segmentation.png,pixel,train,ISIC_0000062,train
ISIC_0000063,0,skin/Train/ISBI2016_ISIC_Part3B_Training_Data/ISIC_0000063.jpg,skin/Train/ISBI2016_ISIC_Part1_Training_GroundTruth/ISIC_0000063_Segmentation.png,pixel,train,ISIC_0000063,val
ISIC_0000065,0,skin/Train/ISBI2016_ISIC_Part3B_Training_Data/ISIC_0000065.jpg,skin/Train/ISBI2016_ISIC_Part1_Training_GroundTruth/ISIC_0000065_Segmentation.png,pixel,train,ISIC_0000065,val
ISIC_0000067,0,skin/Train/ISBI2016_ISIC_Part3B_Training_Data/ISIC_0000067.jpg,skin/Train/ISBI2016_ISIC_Part1_Training_GroundTruth/ISIC_0000067_Segmentation.png,pixel,train,ISIC_0000067,train
ISIC_0000068,0,skin/Train/ISBI2016_ISIC_Part3B_Training_Data/ISIC_0000068.jpg,skin/Train/ISBI2016_ISIC_Part1_Training_GroundTruth/ISIC_0000068_Segmentation.png,pixel,train,ISIC_0000068,train
ISIC_0000073,0,skin/Train/ISBI2016_ISIC_Part3B_Training_Data/ISIC_0000073.jpg,skin/Train/ISBI2016_ISIC_Part1_Training_GroundTruth/ISIC_0000073_Segmentation.png,pixel,train,ISIC_0000073,train
ISIC_0000074,1,skin/Train/ISBI2016_ISIC_Part3B_Training_Data/ISIC_0000074.jpg,skin/Train/ISBI2016_ISIC_Part1_Training_GroundTruth/ISIC_0000074_Segmentation.png,pixel,train,ISIC_0000074,train
ISIC_0000075,0,skin/Train/ISBI2016_ISIC_Part3B_Training_Data/ISIC_0000075.jpg,skin/Train/ISBI2016_ISIC_Part1_Training_GroundTruth/ISIC_0000075_Segmentation.png,pixel,train,ISIC_0000075,train
ISIC_0000077,0,skin/Train/ISBI2016_ISIC_Part3B_Training_Data/ISIC_0000077.jpg,skin/Train/ISBI2016_ISIC_Part1_Training_GroundTruth/ISIC_0000077_Segmentation.png,pixel,train,ISIC_0000077,val
ISIC_0000078,1,skin/Train/ISBI2016_ISIC_Part3B_Training_Data/ISIC_0000078.jpg,skin/Train/ISBI2016_ISIC_Part1_Training_GroundTruth/ISIC_0000078_Segmentation.png,pixel,train,ISIC_0000078,val
ISIC_0000079,0,skin/Train/ISBI2016_ISIC_Part3B_Training_Data/ISIC_0000079.jpg,skin/Train/ISBI2016_ISIC_Part1_Training_GroundTruth/ISIC_0000079_Segmentation.png,pixel,train,ISIC_0000079,train
ISIC_0000080,0,skin/Train/ISBI2016_ISIC_Part3B_Training_Data/ISIC_0000080.jpg,skin/Train/ISBI2016_ISIC_Part1_Training_GroundTruth/ISIC_0000080_Segmentation.png,pixel,train,ISIC_0000080,train
ISIC_0000081,0,skin/Train/ISBI2016_ISIC_Part3B_Training_Data/ISIC_0000081.jpg,skin/Train/ISBI2016_ISIC_Part1_Training_GroundTruth/ISIC_0000081_Segmentation.png,pixel,train,ISIC_0000081,train
ISIC_0000082,0,skin/Train/ISBI2016_ISIC_Part3B_Training_Data/ISIC_0000082.jpg,skin/Train/ISBI2016_ISIC_Part1_Training_GroundTruth/ISIC_0000082_Segmentation.png,pixel,train,ISIC_0000082,train
ISIC_0000085,0,skin/Train/ISBI2016_ISIC_Part3B_Training_Data/ISIC_0000085.jpg,skin/Train/ISBI2016_ISIC_Part1_Training_GroundTruth/ISIC_0000085_Segmentation.png,pixel,train,ISIC_0000085,train
ISIC_0000086,0,skin/Train/ISBI2016_ISIC_Part3B_Training_Data/ISIC_0000086.jpg,skin/Train/ISBI2016_ISIC_Part1_Training_GroundTruth/ISIC_0000086_Segmentation.png,pixel,train,ISIC_0000086,train
ISIC_0000087,0,skin/Train/ISBI2016_ISIC_Part3B_Training_Data/ISIC_0000087.jpg,skin/Train/ISBI2016_ISIC_Part1_Training_GroundTruth/ISIC_0000087_Segmentation.png,pixel,train,ISIC_0000087,val
ISIC_0000089,0,skin/Train/ISBI2016_ISIC_Part3B_Training_Data/ISIC_0000089.jpg,skin/Train/ISBI2016_ISIC_Part1_Training_GroundTruth/ISIC_0000089_Segmentation.png,pixel,train,ISIC_0000089,train
ISIC_0000091,0,skin/Train/ISBI2016_ISIC_Part3B_Training_Data/ISIC_0000091.jpg,skin/Train/ISBI2016_ISIC_Part1_Training_GroundTruth/ISIC_0000091_Segmentation.png,pixel,train,ISIC_0000091,train
ISIC_0000093,0,skin/Train/ISBI2016_ISIC_Part3B_Training_Data/ISIC_0000093.jpg,skin/Train/ISBI2016_ISIC_Part1_Training_GroundTruth/ISIC_0000093_Segmentation.png,pixel,train,ISIC_0000093,train
ISIC_0000094,0,skin/Train/ISBI2016_ISIC_Part3B_Training_Data/ISIC_0000094.jpg,skin/Train/ISBI2016_ISIC_Part1_Training_GroundTruth/ISIC_0000094_Segmentation.png,pixel,train,ISIC_0000094,train
ISIC_0000095,0,skin/Train/ISBI2016_ISIC_Part3B_Training_Data/ISIC_0000095.jpg,skin/Train/ISBI2016_ISIC_Part1_Training_GroundTruth/ISIC_0000095_Segmentation.png,pixel,train,ISIC_0000095,val
ISIC_0000096,0,skin/Train/ISBI2016_ISIC_Part3B_Training_Data/ISIC_0000096.jpg,skin/Train/ISBI2016_ISIC_Part1_Training_GroundTruth/ISIC_0000096_Segmentation.png,pixel,train,ISIC_0000096,train
ISIC_0000097,0,skin/Train/ISBI2016_ISIC_Part3B_Training_Data/ISIC_0000097.jpg,skin/Train/ISBI2016_ISIC_Part1_Training_GroundTruth/ISIC_0000097_Segmentation.png,pixel,train,ISIC_0000097,train
ISIC_0000100,0,skin/Train/ISBI2016_ISIC_Part3B_Training_Data/ISIC_0000100.jpg,skin/Train/ISBI2016_ISIC_Part1_Training_GroundTruth/ISIC_0000100_Segmentation.png,pixel,train,ISIC_0000100,train
ISIC_0000102,0,skin/Train/ISBI2016_ISIC_Part3B_Training_Data/ISIC_0000102.jpg,skin/Train/ISBI2016_ISIC_Part1_Training_GroundTruth/ISIC_0000102_Segmentation.png,pixel,train,ISIC_0000102,train
ISIC_0000103,0,skin/Train/ISBI2016_ISIC_Part3B_Training_Data/ISIC_0000103.jpg,skin/Train/ISBI2016_ISIC_Part1_Training_GroundTruth/ISIC_0000103_Segmentation.png,pixel,train,ISIC_0000103,train
ISIC_0000104,0,skin/Train/ISBI2016_ISIC_Part3B_Training_Data/ISIC_0000104.jpg,skin/Train/ISBI2016_ISIC_Part1_Training_GroundTruth/ISIC_0000104_Segmentation.png,pixel,train,ISIC_0000104,val
ISIC_0000105,0,skin/Train/ISBI2016_ISIC_Part3B_Training_Data/ISIC_0000105.jpg,skin/Train/ISBI2016_ISIC_Part1_Training_GroundTruth/ISIC_0000105_Segmentation.png,pixel,train,ISIC_0000105,train
ISIC_0000108,0,skin/Train/ISBI2016_ISIC_Part3B_Training_Data/ISIC_0000108.jpg,skin/Train/ISBI2016_ISIC_Part1_Training_GroundTruth/ISIC_0000108_Segmentation.png,pixel,train,ISIC_0000108,train
ISIC_0000109,0,skin/Train/ISBI2016_ISIC_Part3B_Training_Data/ISIC_0000109.jpg,skin/Train/ISBI2016_ISIC_Part1_Training_GroundTruth/ISIC_0000109_Segmentation.png,pixel,train,ISIC_0000109,train
ISIC_0000110,0,skin/Train/ISBI2016_ISIC_Part3B_Training_Data/ISIC_0000110.jpg,skin/Train/ISBI2016_ISIC_Part1_Training_GroundTruth/ISIC_0000110_Segmentation.png,pixel,train,ISIC_0000110,val
ISIC_0000112,0,skin/Train/ISBI2016_ISIC_Part3B_Training_Data/ISIC_0000112.jpg,skin/Train/ISBI2016_ISIC_Part1_Training_GroundTruth/ISIC_0000112_Segmentation.png,pixel,train,ISIC_0000112,train
ISIC_0000114,0,skin/Train/ISBI2016_ISIC_Part3B_Training_Data/ISIC_0000114.jpg,skin/Train/ISBI2016_ISIC_Part1_Training_GroundTruth/ISIC_0000114_Segmentation.png,pixel,train,ISIC_0000114,val
ISIC_0000116,0,skin/Train/ISBI2016_ISIC_Part3B_Training_Data/ISIC_0000116.jpg,skin/Train/ISBI2016_ISIC_Part1_Training_GroundTruth/ISIC_0000116_Segmentation.png,pixel,train,ISIC_0000116,train
ISIC_0000118,0,skin/Train/ISBI2016_ISIC_Part3B_Training_Data/ISIC_0000118.jpg,skin/Train/ISBI2016_ISIC_Part1_Training_GroundTruth/ISIC_0000118_Segmentation.png,pixel,train,ISIC_0000118,train
ISIC_0000119,0,skin/Train/ISBI2016_ISIC_Part3B_Training_Data/ISIC_0000119.jpg,skin/Train/ISBI2016_ISIC_Part1_Training_GroundTruth/ISIC_0000119_Segmentation.png,pixel,train,ISIC_0000119,train
ISIC_0000120,0,skin/Train/ISBI2016_ISIC_Part3B_Training_Data/ISIC_0000120.jpg,skin/Train/ISBI2016_ISIC_Part1_Training_GroundTruth/ISIC_0000120_Segmentation.png,pixel,train,ISIC_0000120,train
ISIC_0000121,0,skin/Train/ISBI2016_ISIC_Part3B_Training_Data/ISIC_0000121.jpg,skin/Train/ISBI2016_ISIC_Part1_Training_GroundTruth/ISIC_0000121_Segmentation.png,pixel,train,ISIC_0000121,train
ISIC_0000122,0,skin/Train/ISBI2016_ISIC_Part3B_Training_Data/ISIC_0000122.jpg,skin/Train/ISBI2016_ISIC_Part1_Training_GroundTruth/ISIC_0000122_Segmentation.png,pixel,train,ISIC_0000122,train
ISIC_0000123,0,skin/Train/ISBI2016_ISIC_Part3B_Training_Data/ISIC_0000123.jpg,skin/Train/ISBI2016_ISIC_Part1_Training_GroundTruth/ISIC_0000123_Segmentation.png,pixel,train,ISIC_0000123,val
ISIC_0000124,0,skin/Train/ISBI2016_ISIC_Part3B_Training_Data/ISIC_0000124.jpg,skin/Train/ISBI2016_ISIC_Part1_Training_GroundTruth/ISIC_0000124_Segmentation.png,pixel,train,ISIC_0000124,train
ISIC_0000127,0,skin/Train/ISBI2016_ISIC_Part3B_Training_Data/ISIC_0000127.jpg,skin/Train/ISBI2016_ISIC_Part1_Training_GroundTruth/ISIC_0000127_Segmentation.png,pixel,train,ISIC_0000127,train
ISIC_0000128,0,skin/Train/ISBI2016_ISIC_Part3B_Training_Data/ISIC_0000128.jpg,skin/Train/ISBI2016_ISIC_Part1_Training_GroundTruth/ISIC_0000128_Segmentation.png,pixel,train,ISIC_0000128,train
ISIC_0000130,0,skin/Train/ISBI2016_ISIC_Part3B_Training_Data/ISIC_0000130.jpg,skin/Train/ISBI2016_ISIC_Part1_Training_GroundTruth/ISIC_0000130_Segmentation.png,pixel,train,ISIC_0000130,train
ISIC_0000131,0,skin/Train/ISBI2016_ISIC_Part3B_Training_Data/ISIC_0000131.jpg,skin/Train/ISBI2016_ISIC_Part1_Training_GroundTruth/ISIC_0000131_Segmentation.png,pixel,train,ISIC_0000131,train
ISIC_0000133,0,skin/Train/ISBI2016_ISIC_Part3B_Training_Data/ISIC_0000133.jpg,skin/Train/ISBI2016_ISIC_Part1_Training_GroundTruth/ISIC_0000133_Segmentation.png,pixel,train,ISIC_0000133,train
ISIC_0000134,0,skin/Train/ISBI2016_ISIC_Part3B_Training_Data/ISIC_0000134.jpg,skin/Train/ISBI2016_ISIC_Part1_Training_GroundTruth/ISIC_0000134_Segmentation.png,pixel,train,ISIC_0000134,train
ISIC_0000135,0,skin/Train/ISBI2016_ISIC_Part3B_Training_Data/ISIC_0000135.jpg,skin/Train/ISBI2016_ISIC_Part1_Training_GroundTruth/ISIC_0000135_Segmentation.png,pixel,train,ISIC_0000135,train
ISIC_0000137,0,skin/Train/ISBI2016_ISIC_Part3B_Training_Data/ISIC_0000137.jpg,skin/Train/ISBI2016_ISIC_Part1_Training_GroundTruth/ISIC_0000137_Segmentation.png,pixel,train,ISIC_0000137,val
ISIC_0000139,1,skin/Train/ISBI2016_ISIC_Part3B_Training_Data/ISIC_0000139.jpg,skin/Train/ISBI2016_ISIC_Part1_Training_GroundTruth/ISIC_0000139_Segmentation.png,pixel,train,ISIC_0000139,train
ISIC_0000140,1,skin/Train/ISBI2016_ISIC_Part3B_Training_Data/ISIC_0000140.jpg,skin/Train/ISBI2016_ISIC_Part1_Training_GroundTruth/ISIC_0000140_Segmentation.png,pixel,train,ISIC_0000140,train
ISIC_0000142,1,skin/Train/ISBI2016_ISIC_Part3B_Training_Data/ISIC_0000142.jpg,skin/Train/ISBI2016_ISIC_Part1_Training_GroundTruth/ISIC_0000142_Segmentation.png,pixel,train,ISIC_0000142,train
ISIC_0000143,1,skin/Train/ISBI2016_ISIC_Part3B_Training_Data/ISIC_0000143.jpg,skin/Train/ISBI2016_ISIC_Part1_Training_GroundTruth/ISIC_0000143_Segmentation.png,pixel,train,ISIC_0000143,train
ISIC_0000145,1,skin/Train/ISBI2016_ISIC_Part3B_Training_Data/ISIC_0000145.jpg,skin/Train/ISBI2016_ISIC_Part1_Training_GroundTruth/ISIC_0000145_Segmentation.png,pixel,train,ISIC_0000145,train
ISIC_0000146,1,skin/Train/ISBI2016_ISIC_Part3B_Training_Data/ISIC_0000146.jpg,skin/Train/ISBI2016_ISIC_Part1_Training_GroundTruth/ISIC_0000146_Segmentation.png,pixel,train,ISIC_0000146,train
ISIC_0000147,1,skin/Train/ISBI2016_ISIC_Part3B_Training_Data/ISIC_0000147.jpg,skin/Train/ISBI2016_ISIC_Part1_Training_GroundTruth/ISIC_0000147_Segmentation.png,pixel,train,ISIC_0000147,train
ISIC_0000148,1,skin/Train/ISBI2016_ISIC_Part3B_Training_Data/ISIC_0000148.jpg,skin/Train/ISBI2016_ISIC_Part1_Training_GroundTruth/ISIC_0000148_Segmentation.png,pixel,train,ISIC_0000148,train
ISIC_0000150,1,skin/Train/ISBI2016_ISIC_Part3B_Training_Data/ISIC_0000150.jpg,skin/Train/ISBI2016_ISIC_Part1_Training_GroundTruth/ISIC_0000150_Segmentation.png,pixel,train,ISIC_0000150,train
ISIC_0000151,1,skin/Train/ISBI2016_ISIC_Part3B_Training_Data/ISIC_0000151.jpg,skin/Train/ISBI2016_ISIC_Part1_Training_GroundTruth/ISIC_0000151_Segmentation.png,pixel,train,ISIC_0000151,train
ISIC_0000152,1,skin/Train/ISBI2016_ISIC_Part3B_Training_Data/ISIC_0000152.jpg,skin/Train/ISBI2016_ISIC_Part1_Training_GroundTruth/ISIC_0000152_Segmentation.png,pixel,train,ISIC_0000152,train
ISIC_0000153,1,skin/Train/ISBI2016_ISIC_Part3B_Training_Data/ISIC_0000153.jpg,skin/Train/ISBI2016_ISIC_Part1_Training_GroundTruth/ISIC_0000153_Segmentation.png,pixel,train,ISIC_0000153,train
ISIC_0000154,1,skin/Train/ISBI2016_ISIC_Part3B_Training_Data/ISIC_0000154.jpg,skin/Train/ISBI2016_ISIC_Part1_Training_GroundTruth/ISIC_0000154_Segmentation.png,pixel,train,ISIC_0000154,train
ISIC_0000155,1,skin/Train/ISBI2016_ISIC_Part3B_Training_Data/ISIC_0000155.jpg,skin/Train/ISBI2016_ISIC_Part1_Training_GroundTruth/ISIC_0000155_Segmentation.png,pixel,train,ISIC_0000155,train
ISIC_0000156,1,skin/Train/ISBI2016_ISIC_Part3B_Training_Data/ISIC_0000156.jpg,skin/Train/ISBI2016_ISIC_Part1_Training_GroundTruth/ISIC_0000156_Segmentation.png,pixel,train,ISIC_0000156,train
ISIC_0000157,1,skin/Train/ISBI2016_ISIC_Part3B_Training_Data/ISIC_0000157.jpg,skin/Train/ISBI2016_ISIC_Part1_Training_GroundTruth/ISIC_0000157_Segmentation.png,pixel,train,ISIC_0000157,train
ISIC_0000159,1,skin/Train/ISBI2016_ISIC_Part3B_Training_Data/ISIC_0000159.jpg,skin/Train/ISBI2016_ISIC_Part1_Training_GroundTruth/ISIC_0000159_Segmentation.png,pixel,train,ISIC_0000159,train
ISIC_0000162,1,skin/Train/ISBI2016_ISIC_Part3B_Training_Data/ISIC_0000162.jpg,skin/Train/ISBI2016_ISIC_Part1_Training_GroundTruth/ISIC_0000162_Segmentation.png,pixel,train,ISIC_0000162,val
ISIC_0000163,1,skin/Train/ISBI2016_ISIC_Part3B_Training_Data/ISIC_0000163.jpg,skin/Train/ISBI2016_ISIC_Part1_Training_GroundTruth/ISIC_0000163_Segmentation.png,pixel,train,ISIC_0000163,train
ISIC_0000166,1,skin/Train/ISBI2016_ISIC_Part3B_Training_Data/ISIC_0000166.jpg,skin/Train/ISBI2016_ISIC_Part1_Training_GroundTruth/ISIC_0000166_Segmentation.png,pixel,train,ISIC_0000166,val
ISIC_0000167,1,skin/Train/ISBI2016_ISIC_Part3B_Training_Data/ISIC_0000167.jpg,skin/Train/ISBI2016_ISIC_Part1_Training_GroundTruth/ISIC_0000167_Segmentation.png,pixel,train,ISIC_0000167,train
ISIC_0000170,1,skin/Train/ISBI2016_ISIC_Part3B_Training_Data/ISIC_0000170.jpg,skin/Train/ISBI2016_ISIC_Part1_Training_GroundTruth/ISIC_0000170_Segmentation.png,pixel,train,ISIC_0000170,val
ISIC_0000171,1,skin/Train/ISBI2016_ISIC_Part3B_Training_Data/ISIC_0000171.jpg,skin/Train/ISBI2016_ISIC_Part1_Training_GroundTruth/ISIC_0000171_Segmentation.png,pixel,train,ISIC_0000171,train
ISIC_0000173,1,skin/Train/ISBI2016_ISIC_Part3B_Training_Data/ISIC_0000173.jpg,skin/Train/ISBI2016_ISIC_Part1_Training_GroundTruth/ISIC_0000173_Segmentation.png,pixel,train,ISIC_0000173,train
ISIC_0000175,1,skin/Train/ISBI2016_ISIC_Part3B_Training_Data/ISIC_0000175.jpg,skin/Train/ISBI2016_ISIC_Part1_Training_GroundTruth/ISIC_0000175_Segmentation.png,pixel,train,ISIC_0000175,train
ISIC_0000176,1,skin/Train/ISBI2016_ISIC_Part3B_Training_Data/ISIC_0000176.jpg,skin/Train/ISBI2016_ISIC_Part1_Training_GroundTruth/ISIC_0000176_Segmentation.png,pixel,train,ISIC_0000176,val
ISIC_0000179,0,skin/Train/ISBI2016_ISIC_Part3B_Training_Data/ISIC_0000179.jpg,skin/Train/ISBI2016_ISIC_Part1_Training_GroundTruth/ISIC_0000179_Segmentation.png,pixel,train,ISIC_0000179,train
ISIC_0000181,0,skin/Train/ISBI2016_ISIC_Part3B_Training_Data/ISIC_0000181.jpg,skin/Train/ISBI2016_ISIC_Part1_Training_GroundTruth/ISIC_0000181_Segmentation.png,pixel,train,ISIC_0000181,train
ISIC_0000182,0,skin/Train/ISBI2016_ISIC_Part3B_Training_Data/ISIC_0000182.jpg,skin/Train/ISBI2016_ISIC_Part1_Training_GroundTruth/ISIC_0000182_Segmentation.png,pixel,train,ISIC_0000182,train
ISIC_0000183,0,skin/Train/ISBI2016_ISIC_Part3B_Training_Data/ISIC_0000183.jpg,skin/Train/ISBI2016_ISIC_Part1_Training_GroundTruth/ISIC_0000183_Segmentation.png,pixel,train,ISIC_0000183,train
ISIC_0000184,0,skin/Train/ISBI2016_ISIC_Part3B_Training_Data/ISIC_0000184.jpg,skin/Train/ISBI2016_ISIC_Part1_Training_GroundTruth/ISIC_0000184_Segmentation.png,pixel,train,ISIC_0000184,val
ISIC_0000185,0,skin/Train/ISBI2016_ISIC_Part3B_Training_Data/ISIC_0000185.jpg,skin/Train/ISBI2016_ISIC_Part1_Training_GroundTruth/ISIC_0000185_Segmentation.png,pixel,train,ISIC_0000185,train
ISIC_0000186,0,skin/Train/ISBI2016_ISIC_Part3B_Training_Data/ISIC_0000186.jpg,skin/Train/ISBI2016_ISIC_Part1_Training_GroundTruth/ISIC_0000186_Segmentation.png,pixel,train,ISIC_0000186,val
ISIC_0000187,0,skin/Train/ISBI2016_ISIC_Part3B_Training_Data/ISIC_0000187.jpg,skin/Train/ISBI2016_ISIC_Part1_Training_GroundTruth/ISIC_0000187_Segmentation.png,pixel,train,ISIC_0000187,train
ISIC_0000189,0,skin/Train/ISBI2016_ISIC_Part3B_Training_Data/ISIC_0000189.jpg,skin/Train/ISBI2016_ISIC_Part1_Training_GroundTruth/ISIC_0000189_Segmentation.png,pixel,train,ISIC_0000189,train
ISIC_0000190,0,skin/Train/ISBI2016_ISIC_Part3B_Training_Data/ISIC_0000190.jpg,skin/Train/ISBI2016_ISIC_Part1_Training_GroundTruth/ISIC_0000190_Segmentation.png,pixel,train,ISIC_0000190,train
ISIC_0000191,0,skin/Train/ISBI2016_ISIC_Part3B_Training_Data/ISIC_0000191.jpg,skin/Train/ISBI2016_ISIC_Part1_Training_GroundTruth/ISIC_0000191_Segmentation.png,pixel,train,ISIC_0000191,val
ISIC_0000192,0,skin/Train/ISBI2016_ISIC_Part3B_Training_Data/ISIC_0000192.jpg,skin/Train/ISBI2016_ISIC_Part1_Training_GroundTruth/ISIC_0000192_Segmentation.png,pixel,train,ISIC_0000192,train
ISIC_0000193,0,skin/Train/ISBI2016_ISIC_Part3B_Training_Data/ISIC_0000193.jpg,skin/Train/ISBI2016_ISIC_Part1_Training_GroundTruth/ISIC_0000193_Segmentation.png,pixel,train,ISIC_0000193,train
ISIC_0000199,0,skin/Train/ISBI2016_ISIC_Part3B_Training_Data/ISIC_0000199.jpg,skin/Train/ISBI2016_ISIC_Part1_Training_GroundTruth/ISIC_0000199_Segmentation.png,pixel,train,ISIC_0000199,train
ISIC_0000203,0,skin/Train/ISBI2016_ISIC_Part3B_Training_Data/ISIC_0000203.jpg,skin/Train/ISBI2016_ISIC_Part1_Training_GroundTruth/ISIC_0000203_Segmentation.png,pixel,train,ISIC_0000203,val
ISIC_0000204,0,skin/Train/ISBI2016_ISIC_Part3B_Training_Data/ISIC_0000204.jpg,skin/Train/ISBI2016_ISIC_Part1_Training_GroundTruth/ISIC_0000204_Segmentation.png,pixel,train,ISIC_0000204,train
ISIC_0000205,0,skin/Train/ISBI2016_ISIC_Part3B_Training_Data/ISIC_0000205.jpg,skin/Train/ISBI2016_ISIC_Part1_Training_GroundTruth/ISIC_0000205_Segmentation.png,pixel,train,ISIC_0000205,train
ISIC_0000206,0,skin/Train/ISBI2016_ISIC_Part3B_Training_Data/ISIC_0000206.jpg,skin/Train/ISBI2016_ISIC_Part1_Training_GroundTruth/ISIC_0000206_Segmentation.png,pixel,train,ISIC_0000206,val
ISIC_0000207,0,skin/Train/ISBI2016_ISIC_Part3B_Training_Data/ISIC_0000207.jpg,skin/Train/ISBI2016_ISIC_Part1_Training_GroundTruth/ISIC_0000207_Segmentation.png,pixel,train,ISIC_0000207,val
ISIC_0000208,0,skin/Train/ISBI2016_ISIC_Part3B_Training_Data/ISIC_0000208.jpg,skin/Train/ISBI2016_ISIC_Part1_Training_GroundTruth/ISIC_0000208_Segmentation.png,pixel,train,ISIC_0000208,train
ISIC_0000209,0,skin/Train/ISBI2016_ISIC_Part3B_Training_Data/ISIC_0000209.jpg,skin/Train/ISBI2016_ISIC_Part1_Training_GroundTruth/ISIC_0000209_Segmentation.png,pixel,train,ISIC_0000209,train
ISIC_0000210,0,skin/Train/ISBI2016_ISIC_Part3B_Training_Data/ISIC_0000210.jpg,skin/Train/ISBI2016_ISIC_Part1_Training_GroundTruth/ISIC_0000210_Segmentation.png,pixel,train,ISIC_0000210,val
ISIC_0000211,0,skin/Train/ISBI2016_ISIC_Part3B_Training_Data/ISIC_0000211.jpg,skin/Train/ISBI2016_ISIC_Part1_Training_GroundTruth/ISIC_0000211_Segmentation.png,pixel,train,ISIC_0000211,train
ISIC_0000214,0,skin/Train/ISBI2016_ISIC_Part3B_Training_Data/ISIC_0000214.jpg,skin/Train/ISBI2016_ISIC_Part1_Training_GroundTruth/ISIC_0000214_Segmentation.png,pixel,train,ISIC_0000214,train
ISIC_0000215,0,skin/Train/ISBI2016_ISIC_Part3B_Training_Data/ISIC_0000215.jpg,skin/Train/ISBI2016_ISIC_Part1_Training_GroundTruth/ISIC_0000215_Segmentation.png,pixel,train,ISIC_0000215,val
ISIC_0000216,0,skin/Train/ISBI2016_ISIC_Part3B_Training_Data/ISIC_0000216.jpg,skin/Train/ISBI2016_ISIC_Part1_Training_GroundTruth/ISIC_0000216_Segmentation.png,pixel,train,ISIC_0000216,val
ISIC_0000217,0,skin/Train/ISBI2016_ISIC_Part3B_Training_Data/ISIC_0000217.jpg,skin/Train/ISBI2016_ISIC_Part1_Training_GroundTruth/ISIC_0000217_Segmentation.png,pixel,train,ISIC_0000217,train
ISIC_0000218,0,skin/Train/ISBI2016_ISIC_Part3B_Training_Data/ISIC_0000218.jpg,skin/Train/ISBI2016_ISIC_Part1_Training_GroundTruth/ISIC_0000218_Segmentation.png,pixel,train,ISIC_0000218,train
ISIC_0000219,0,skin/Train/ISBI2016_ISIC_Part3B_Training_Data/ISIC_0000219.jpg,skin/Train/ISBI2016_ISIC_Part1_Training_GroundTruth/ISIC_0000219_Segmentation.png,pixel,train,ISIC_0000219,train
ISIC_0000220,0,skin/Train/ISBI2016_ISIC_Part3B_Training_Data/ISIC_0000220.jpg,skin/Train/ISBI2016_ISIC_Part1_Training_GroundTruth/ISIC_0000220_Segmentation.png,pixel,train,ISIC_0000220,train
ISIC_0000221,0,skin/Train/ISBI2016_ISIC_Part3B_Training_Data/ISIC_0000221.jpg,skin/Train/ISBI2016_ISIC_Part1_Training_GroundTruth/ISIC_0000221_Segmentation.png,pixel,train,ISIC_0000221,train
ISIC_0000223,0,skin/Train/ISBI2016_ISIC_Part3B_Training_Data/ISIC_0000223.jpg,skin/Train/ISBI2016_ISIC_Part1_Training_GroundTruth/ISIC_0000223_Segmentation.png,pixel,train,ISIC_0000223,train
ISIC_0000224,0,skin/Train/ISBI2016_ISIC_Part3B_Training_Data/ISIC_0000224.jpg,skin/Train/ISBI2016_ISIC_Part1_Training_GroundTruth/ISIC_0000224_Segmentation.png,pixel,train,ISIC_0000224,train
ISIC_0000225,0,skin/Train/ISBI2016_ISIC_Part3B_Training_Data/ISIC_0000225.jpg,skin/Train/ISBI2016_ISIC_Part1_Training_GroundTruth/ISIC_0000225_Segmentation.png,pixel,train,ISIC_0000225,train
ISIC_0000229,0,skin/Train/ISBI2016_ISIC_Part3B_Training_Data/ISIC_0000229.jpg,skin/Train/ISBI2016_ISIC_Part1_Training_GroundTruth/ISIC_0000229_Segmentation.png,pixel,train,ISIC_0000229,train
ISIC_0000232,0,skin/Train/ISBI2016_ISIC_Part3B_Training_Data/ISIC_0000232.jpg,skin/Train/ISBI2016_ISIC_Part1_Training_GroundTruth/ISIC_0000232_Segmentation.png,pixel,train,ISIC_0000232,train
ISIC_0000235,0,skin/Train/ISBI2016_ISIC_Part3B_Training_Data/ISIC_0000235.jpg,skin/Train/ISBI2016_ISIC_Part1_Training_GroundTruth/ISIC_0000235_Segmentation.png,pixel,train,ISIC_0000235,train
ISIC_0000236,0,skin/Train/ISBI2016_ISIC_Part3B_Training_Data/ISIC_0000236.jpg,skin/Train/ISBI2016_ISIC_Part1_Training_GroundTruth/ISIC_0000236_Segmentation.png,pixel,train,ISIC_0000236,train
ISIC_0000237,0,skin/Train/ISBI2016_ISIC_Part3B_Training_Data/ISIC_0000237.jpg,skin/Train/ISBI2016_ISIC_Part1_Training_GroundTruth/ISIC_0000237_Segmentation.png,pixel,train,ISIC_0000237,train
ISIC_0000239,0,skin/Train/ISBI2016_ISIC_Part3B_Training_Data/ISIC_0000239.jpg,skin/Train/ISBI2016_ISIC_Part1_Training_GroundTruth/ISIC_0000239_Segmentation.png,pixel,train,ISIC_0000239,train
ISIC_0000240,0,skin/Train/ISBI2016_ISIC_Part3B_Training_Data/ISIC_0000240.jpg,skin/Train/ISBI2016_ISIC_Part1_Training_GroundTruth/ISIC_0000240_Segmentation.png,pixel,train,ISIC_0000240,val
ISIC_0000242,0,skin/Train/ISBI2016_ISIC_Part3B_Training_Data/ISIC_0000242.jpg,skin/Train/ISBI2016_ISIC_Part1_Training_GroundTruth/ISIC_0000242_Segmentation.png,pixel,train,ISIC_0000242,train
ISIC_0000243,0,skin/Train/ISBI2016_ISIC_Part3B_Training_Data/ISIC_0000243.jpg,skin/Train/ISBI2016_ISIC_Part1_Training_GroundTruth/ISIC_0000243_Segmentation.png,pixel,train,ISIC_0000243,train
ISIC_0000244,0,skin/Train/ISBI2016_ISIC_Part3B_Training_Data/ISIC_0000244.jpg,skin/Train/ISBI2016_ISIC_Part1_Training_GroundTruth/ISIC_0000244_Segmentation.png,pixel,train,ISIC_0000244,train
ISIC_0000245,0,skin/Train/ISBI2016_ISIC_Part3B_Training_Data/ISIC_0000245.jpg,skin/Train/ISBI2016_ISIC_Part1_Training_GroundTruth/ISIC_0000245_Segmentation.png,pixel,train,ISIC_0000245,train
ISIC_0000247,0,skin/Train/ISBI2016_ISIC_Part3B_Training_Data/ISIC_0000247.jpg,skin/Train/ISBI2016_ISIC_Part1_Training_GroundTruth/ISIC_0000247_Segmentation.png,pixel,train,ISIC_0000247,train
ISIC_0000249,0,skin/Train/ISBI2016_ISIC_Part3B_Training_Data/ISIC_0000249.jpg,skin/Train/ISBI2016_ISIC_Part1_Training_GroundTruth/ISIC_0000249_Segmentation.png,pixel,train,ISIC_0000249,train
ISIC_0000250,0,skin/Train/ISBI2016_ISIC_Part3B_Training_Data/ISIC_0000250.jpg,skin/Train/ISBI2016_ISIC_Part1_Training_GroundTruth/ISIC_0000250_Segmentation.png,pixel,train,ISIC_0000250,val
ISIC_0000251,0,skin/Train/ISBI2016_ISIC_Part3B_Training_Data/ISIC_0000251.jpg,skin/Train/ISBI2016_ISIC_Part1_Training_GroundTruth/ISIC_0000251_Segmentation.png,pixel,train,ISIC_0000251,train
ISIC_0000252,0,skin/Train/ISBI2016_ISIC_Part3B_Training_Data/ISIC_0000252.jpg,skin/Train/ISBI2016_ISIC_Part1_Training_GroundTruth/ISIC_0000252_Segmentation.png,pixel,train,ISIC_0000252,val
ISIC_0000255,0,skin/Train/ISBI2016_ISIC_Part3B_Training_Data/ISIC_0000255.jpg,skin/Train/ISBI2016_ISIC_Part1_Training_GroundTruth/ISIC_0000255_Segmentation.png,pixel,train,ISIC_0000255,train
ISIC_0000256,0,skin/Train/ISBI2016_ISIC_Part3B_Training_Data/ISIC_0000256.jpg,skin/Train/ISBI2016_ISIC_Part1_Training_GroundTruth/ISIC_0000256_Segmentation.png,pixel,train,ISIC_0000256,train
ISIC_0000259,0,skin/Train/ISBI2016_ISIC_Part3B_Training_Data/ISIC_0000259.jpg,skin/Train/ISBI2016_ISIC_Part1_Training_GroundTruth/ISIC_0000259_Segmentation.png,pixel,train,ISIC_0000259,train
ISIC_0000260,0,skin/Train/ISBI2016_ISIC_Part3B_Training_Data/ISIC_0000260.jpg,skin/Train/ISBI2016_ISIC_Part1_Training_GroundTruth/ISIC_0000260_Segmentation.png,pixel,train,ISIC_0000260,val
ISIC_0000261,0,skin/Train/ISBI2016_ISIC_Part3B_Training_Data/ISIC_0000261.jpg,skin/Train/ISBI2016_ISIC_Part1_Training_GroundTruth/ISIC_0000261_Segmentation.png,pixel,train,ISIC_0000261,train
ISIC_0000262,0,skin/Train/ISBI2016_ISIC_Part3B_Training_Data/ISIC_0000262.jpg,skin/Train/ISBI2016_ISIC_Part1_Training_GroundTruth/ISIC_0000262_Segmentation.png,pixel,train,ISIC_0000262,train
ISIC_0000263,0,skin/Train/ISBI2016_ISIC_Part3B_Training_Data/ISIC_0000263.jpg,skin/Train/ISBI2016_ISIC_Part1_Training_GroundTruth/ISIC_0000263_Segmentation.png,pixel,train,ISIC_0000263,train
ISIC_0000264,0,skin/Train/ISBI2016_ISIC_Part3B_Training_Data/ISIC_0000264.jpg,skin/Train/ISBI2016_ISIC_Part1_Training_GroundTruth/ISIC_0000264_Segmentation.png,pixel,train,ISIC_0000264,val
ISIC_0000265,0,skin/Train/ISBI2016_ISIC_Part3B_Training_Data/ISIC_0000265.jpg,skin/Train/ISBI2016_ISIC_Part1_Training_GroundTruth/ISIC_0000265_Segmentation.png,pixel,train,ISIC_0000265,train
ISIC_0000268,0,skin/Train/ISBI2016_ISIC_Part3B_Training_Data/ISIC_0000268.jpg,skin/Train/ISBI2016_ISIC_Part1_Training_GroundTruth/ISIC_0000268_Segmentation.png,pixel,train,ISIC_0000268,train
ISIC_0000269,0,skin/Train/ISBI2016_ISIC_Part3B_Training_Data/ISIC_0000269.jpg,skin/Train/ISBI2016_ISIC_Part1_Training_GroundTruth/ISIC_0000269_Segmentation.png,pixel,train,ISIC_0000269,train
ISIC_0000274,0,skin/Train/ISBI2016_ISIC_Part3B_Training_Data/ISIC_0000274.jpg,skin/Train/ISBI2016_ISIC_Part1_Training_GroundTruth/ISIC_0000274_Segmentation.png,pixel,train,ISIC_0000274,train
ISIC_0000275,0,skin/Train/ISBI2016_ISIC_Part3B_Training_Data/ISIC_0000275.jpg,skin/Train/ISBI2016_ISIC_Part1_Training_GroundTruth/ISIC_0000275_Segmentation.png,pixel,train,ISIC_0000275,train
ISIC_0000276,1,skin/Train/ISBI2016_ISIC_Part3B_Training_Data/ISIC_0000276.jpg,skin/Train/ISBI2016_ISIC_Part1_Training_GroundTruth/ISIC_0000276_Segmentation.png,pixel,train,ISIC_0000276,val
ISIC_0000277,1,skin/Train/ISBI2016_ISIC_Part3B_Training_Data/ISIC_0000277.jpg,skin/Train/ISBI2016_ISIC_Part1_Training_GroundTruth/ISIC_0000277_Segmentation.png,pixel,train,ISIC_0000277,train
ISIC_0000278,1,skin/Train/ISBI2016_ISIC_Part3B_Training_Data/ISIC_0000278.jpg,skin/Train/ISBI2016_ISIC_Part1_Training_GroundTruth/ISIC_0000278_Segmentation.png,pixel,train,ISIC_0000278,train
ISIC_0000280,1,skin/Train/ISBI2016_ISIC_Part3B_Training_Data/ISIC_0000280.jpg,skin/Train/ISBI2016_ISIC_Part1_Training_GroundTruth/ISIC_0000280_Segmentation.png,pixel,train,ISIC_0000280,train
ISIC_0000281,1,skin/Train/ISBI2016_ISIC_Part3B_Training_Data/ISIC_0000281.jpg,skin/Train/ISBI2016_ISIC_Part1_Training_GroundTruth/ISIC_0000281_Segmentation.png,pixel,train,ISIC_0000281,train
ISIC_0000282,1,skin/Train/ISBI2016_ISIC_Part3B_Training_Data/ISIC_0000282.jpg,skin/Train/ISBI2016_ISIC_Part1_Training_GroundTruth/ISIC_0000282_Segmentation.png,pixel,train,ISIC_0000282,train
ISIC_0000283,1,skin/Train/ISBI2016_ISIC_Part3B_Training_Data/ISIC_0000283.jpg,skin/Train/ISBI2016_ISIC_Part1_Training_GroundTruth/ISIC_0000283_Segmentation.png,pixel,train,ISIC_0000283,train
ISIC_0000285,1,skin/Train/ISBI2016_ISIC_Part3B_Training_Data/ISIC_0000285.jpg,skin/Train/ISBI2016_ISIC_Part1_Training_GroundTruth/ISIC_0000285_Segmentation.png,pixel,train,ISIC_0000285,train
ISIC_0000288,1,skin/Train/ISBI2016_ISIC_Part3B_Training_Data/ISIC_0000288.jpg,skin/Train/ISBI2016_ISIC_Part1_Training_GroundTruth/ISIC_0000288_Segmentation.png,pixel,train,ISIC_0000288,val
ISIC_0000290,1,skin/Train/ISBI2016_ISIC_Part3B_Training_Data/ISIC_0000290.jpg,skin/Train/ISBI2016_ISIC_Part1_Training_GroundTruth/ISIC_0000290_Segmentation.png,pixel,train,ISIC_0000290,train
ISIC_0000292,1,skin/Train/ISBI2016_ISIC_Part3B_Training_Data/ISIC_0000292.jpg,skin/Train/ISBI2016_ISIC_Part1_Training_GroundTruth/ISIC_0000292_Segmentation.png,pixel,train,ISIC_0000292,train
ISIC_0000293,1,skin/Train/ISBI2016_ISIC_Part3B_Training_Data/ISIC_0000293.jpg,skin/Train/ISBI2016_ISIC_Part1_Training_GroundTruth/ISIC_0000293_Segmentation.png,pixel,train,ISIC_0000293,val
ISIC_0000294,1,skin/Train/ISBI2016_ISIC_Part3B_Training_Data/ISIC_0000294.jpg,skin/Train/ISBI2016_ISIC_Part1_Training_GroundTruth/ISIC_0000294_Segmentation.png,pixel,train,ISIC_0000294,val
ISIC_0000295,1,skin/Train/ISBI2016_ISIC_Part3B_Training_Data/ISIC_0000295.jpg,skin/Train/ISBI2016_ISIC_Part1_Training_GroundTruth/ISIC_0000295_Segmentation.png,pixel,train,ISIC_0000295,train
ISIC_0000297,1,skin/Train/ISBI2016_ISIC_Part3B_Training_Data/ISIC_0000297.jpg,skin/Train/ISBI2016_ISIC_Part1_Training_GroundTruth/ISIC_0000297_Segmentation.png,pixel,train,ISIC_0000297,train
ISIC_0000300,1,skin/Train/ISBI2016_ISIC_Part3B_Training_Data/ISIC_0000300.jpg,skin/Train/ISBI2016_ISIC_Part1_Training_GroundTruth/ISIC_0000300_Segmentation.png,pixel,train,ISIC_0000300,val
ISIC_0000301,1,skin/Train/ISBI2016_ISIC_Part3B_Training_Data/ISIC_0000301.jpg,skin/Train/ISBI2016_ISIC_Part1_Training_GroundTruth/ISIC_0000301_Segmentation.png,pixel,train,ISIC_0000301,train
ISIC_0000303,1,skin/Train/ISBI2016_ISIC_Part3B_Training_Data/ISIC_0000303.jpg,skin/Train/ISBI2016_ISIC_Part1_Training_GroundTruth/ISIC_0000303_Segmentation.png,pixel,train,ISIC_0000303,train
ISIC_0000307,1,skin/Train/ISBI2016_ISIC_Part3B_Training_Data/ISIC_0000307.jpg,skin/Train/ISBI2016_ISIC_Part1_Training_GroundTruth/ISIC_0000307_Segmentation.png,pixel,train,ISIC_0000307,val
ISIC_0000313,1,skin/Train/ISBI2016_ISIC_Part3B_Training_Data/ISIC_0000313.jpg,skin/Train/ISBI2016_ISIC_Part1_Training_GroundTruth/ISIC_0000313_Segmentation.png,pixel,train,ISIC_0000313,train
ISIC_0000314,1,skin/Train/ISBI2016_ISIC_Part3B_Training_Data/ISIC_0000314.jpg,skin/Train/ISBI2016_ISIC_Part1_Training_GroundTruth/ISIC_0000314_Segmentation.png,pixel,train,ISIC_0000314,train
ISIC_0000315,0,skin/Train/ISBI2016_ISIC_Part3B_Training_Data/ISIC_0000315.jpg,skin/Train/ISBI2016_ISIC_Part1_Training_GroundTruth/ISIC_0000315_Segmentation.png,pixel,train,ISIC_0000315,train
ISIC_0000316,0,skin/Train/ISBI2016_ISIC_Part3B_Training_Data/ISIC_0000316.jpg,skin/Train/ISBI2016_ISIC_Part1_Training_GroundTruth/ISIC_0000316_Segmentation.png,pixel,train,ISIC_0000316,train
ISIC_0000317,0,skin/Train/ISBI2016_ISIC_Part3B_Training_Data/ISIC_0000317.jpg,skin/Train/ISBI2016_ISIC_Part1_Training_GroundTruth/ISIC_0000317_Segmentation.png,pixel,train,ISIC_0000317,train
ISIC_0000321,0,skin/Train/ISBI2016_ISIC_Part3B_Training_Data/ISIC_0000321.jpg,skin/Train/ISBI2016_ISIC_Part1_Training_GroundTruth/ISIC_0000321_Segmentation.png,pixel,train,ISIC_0000321,train
ISIC_0000322,0,skin/Train/ISBI2016_ISIC_Part3B_Training_Data/ISIC_0000322.jpg,skin/Train/ISBI2016_ISIC_Part1_Training_GroundTruth/ISIC_0000322_Segmentation.png,pixel,train,ISIC_0000322,train
ISIC_0000323,0,skin/Train/ISBI2016_ISIC_Part3B_Training_Data/ISIC_0000323.jpg,skin/Train/ISBI2016_ISIC_Part1_Training_GroundTruth/ISIC_0000323_Segmentation.png,pixel,train,ISIC_0000323,train
ISIC_0000324,0,skin/Train/ISBI2016_ISIC_Part3B_Training_Data/ISIC_0000324.jpg,skin/Train/ISBI2016_ISIC_Part1_Training_GroundTruth/ISIC_0000324_Segmentation.png,pixel,train,ISIC_0000324,train
ISIC_0000326,0,skin/Train/ISBI2016_ISIC_Part3B_Training_Data/ISIC_0000326.jpg,skin/Train/ISBI2016_ISIC_Part1_Training_GroundTruth/ISIC_0000326_Segmentation.png,pixel,train,ISIC_0000326,train
ISIC_0000329,0,skin/Train/ISBI2016_ISIC_Part3B_Training_Data/ISIC_0000329.jpg,skin/Train/ISBI2016_ISIC_Part1_Training_GroundTruth/ISIC_0000329_Segmentation.png,pixel,train,ISIC_0000329,train
ISIC_0000330,0,skin/Train/ISBI2016_ISIC_Part3B_Training_Data/ISIC_0000330.jpg,skin/Train/ISBI2016_ISIC_Part1_Training_GroundTruth/ISIC_0000330_Segmentation.png,pixel,train,ISIC_0000330,train
ISIC_0000331,0,skin/Train/ISBI2016_ISIC_Part3B_Training_Data/ISIC_0000331.jpg,skin/Train/ISBI2016_ISIC_Part1_Training_GroundTruth/ISIC_0000331_Segmentation.png,pixel,train,ISIC_0000331,train
ISIC_0000332,0,skin/Train/ISBI2016_ISIC_Part3B_Training_Data/ISIC_0000332.jpg,skin/Train/ISBI2016_ISIC_Part1_Training_GroundTruth/ISIC_0000332_Segmentation.png,pixel,train,ISIC_0000332,train
ISIC_0000333,0,skin/Train/ISBI2016_ISIC_Part3B_Training_Data/ISIC_0000333.jpg,skin/Train/ISBI2016_ISIC_Part1_Training_GroundTruth/ISIC_0000333_Segmentation.png,pixel,train,ISIC_0000333,val
ISIC_0000336,0,skin/Train/ISBI2016_ISIC_Part3B_Training_Data/ISIC_0000336.jpg,skin/Train/ISBI2016_ISIC_Part1_Training_GroundTruth/ISIC_0000336_Segmentation.png,pixel,train,ISIC_0000336,train
ISIC_0000337,0,skin/Train/ISBI2016_ISIC_Part3B_Training_Data/ISIC_0000337.jpg,skin/Train/ISBI2016_ISIC_Part1_Training_GroundTruth/ISIC_0000337_Segmentation.png,pixel,train,ISIC_0000337,train
ISIC_0000338,0,skin/Train/ISBI2016_ISIC_Part3B_Training_Data/ISIC_0000338.jpg,skin/Train/ISBI2016_ISIC_Part1_Training_GroundTruth/ISIC_0000338_Segmentation.png,pixel,train,ISIC_0000338,val
ISIC_0000339,0,skin/Train/ISBI2016_ISIC_Part3B_Training_Data/ISIC_0000339.jpg,skin/Train/ISBI2016_ISIC_Part1_Training_GroundTruth/ISIC_0000339_Segmentation.png,pixel,train,ISIC_0000339,val
ISIC_0000341,0,skin/Train/ISBI2016_ISIC_Part3B_Training_Data/ISIC_0000341.jpg,skin/Train/ISBI2016_ISIC_Part1_Training_GroundTruth/ISIC_0000341_Segmentation.png,pixel,train,ISIC_0000341,val
ISIC_0000342,0,skin/Train/ISBI2016_ISIC_Part3B_Training_Data/ISIC_0000342.jpg,skin/Train/ISBI2016_ISIC_Part1_Training_GroundTruth/ISIC_0000342_Segmentation.png,pixel,train,ISIC_0000342,train
ISIC_0000344,0,skin/Train/ISBI2016_ISIC_Part3B_Training_Data/ISIC_0000344.jpg,skin/Train/ISBI2016_ISIC_Part1_Training_GroundTruth/ISIC_0000344_Segmentation.png,pixel,train,ISIC_0000344,train
ISIC_0000345,0,skin/Train/ISBI2016_ISIC_Part3B_Training_Data/ISIC_0000345.jpg,skin/Train/ISBI2016_ISIC_Part1_Training_GroundTruth/ISIC_0000345_Segmentation.png,pixel,train,ISIC_0000345,train
ISIC_0000346,0,skin/Train/ISBI2016_ISIC_Part3B_Training_Data/ISIC_0000346.jpg,skin/Train/ISBI2016_ISIC_Part1_Training_GroundTruth/ISIC_0000346_Segmentation.png,pixel,train,ISIC_0000346,train
ISIC_0000347,0,skin/Train/ISBI2016_ISIC_Part3B_Training_Data/ISIC_0000347.jpg,skin/Train/ISBI2016_ISIC_Part1_Training_GroundTruth/ISIC_0000347_Segmentation.png,pixel,train,ISIC_0000347,val
ISIC_0000348,0,skin/Train/ISBI2016_ISIC_Part3B_Training_Data/ISIC_0000348.jpg,skin/Train/ISBI2016_ISIC_Part1_Training_GroundTruth/ISIC_0000348_Segmentation.png,pixel,train,ISIC_0000348,train
ISIC_0000349,0,skin/Train/ISBI2016_ISIC_Part3B_Training_Data/ISIC_0000349.jpg,skin/Train/ISBI2016_ISIC_Part1_Training_GroundTruth/ISIC_0000349_Segmentation.png,pixel,train,ISIC_0000349,train
ISIC_0000350,0,skin/Train/ISBI2016_ISIC_Part3B_Training_Data/ISIC_0000350.jpg,skin/Train/ISBI2016_ISIC_Part1_Training_GroundTruth/ISIC_0000350_Segmentation.png,pixel,train,ISIC_0000350,train
ISIC_0000351,0,skin/Train/ISBI2016_ISIC_Part3B_Training_Data/ISIC_0000351.jpg,skin/Train/ISBI2016_ISIC_Part1_Training_GroundTruth/ISIC_0000351_Segmentation.png,pixel,train,ISIC_0000351,val
ISIC_0000352,0,skin/Train/ISBI2016_ISIC_Part3B_Training_Data/ISIC_0000352.jpg,skin/Train/ISBI2016_ISIC_Part1_Training_GroundTruth/ISIC_0000352_Segmentation.png,pixel,train,ISIC_0000352,train
ISIC_0000353,0,skin/Train/ISBI2016_ISIC_Part3B_Training_Data/ISIC_0000353.jpg,skin/Train/ISBI2016_ISIC_Part1_Training_GroundTruth/ISIC_0000353_Segmentation.png,pixel,train,ISIC_0000353,train
ISIC_0000355,0,skin/Train/ISBI2016_ISIC_Part3B_Training_Data/ISIC_0000355.jpg,skin/Train/ISBI2016_ISIC_Part1_Training_GroundTruth/ISIC_0000355_Segmentation.png,pixel,train,ISIC_0000355,train
ISIC_0000358,0,skin/Train/ISBI2016_ISIC_Part3B_Training_Data/ISIC_0000358.jpg,skin/Train/ISBI2016_ISIC_Part1_Training_GroundTruth/ISIC_0000358_Segmentation.png,pixel,train,ISIC_0000358,train
ISIC_0000359,0,skin/Train/ISBI2016_ISIC_Part3B_Training_Data/ISIC_0000359.jpg,skin/Train/ISBI2016_ISIC_Part1_Training_GroundTruth/ISIC_0000359_Segmentation.png,pixel,train,ISIC_0000359,train
ISIC_0000360,0,skin/Train/ISBI2016_ISIC_Part3B_Training_Data/ISIC_0000360.jpg,skin/Train/ISBI2016_ISIC_Part1_Training_GroundTruth/ISIC_0000360_Segmentation.png,pixel,train,ISIC_0000360,train
ISIC_0000361,0,skin/Train/ISBI2016_ISIC_Part3B_Training_Data/ISIC_0000361.jpg,skin/Train/ISBI2016_ISIC_Part1_Training_GroundTruth/ISIC_0000361_Segmentation.png,pixel,train,ISIC_0000361,train
ISIC_0000363,0,skin/Train/ISBI2016_ISIC_Part3B_Training_Data/ISIC_0000363.jpg,skin/Train/ISBI2016_ISIC_Part1_Training_GroundTruth/ISIC_0000363_Segmentation.png,pixel,train,ISIC_0000363,train
ISIC_0000364,0,skin/Train/ISBI2016_ISIC_Part3B_Training_Data/ISIC_0000364.jpg,skin/Train/ISBI2016_ISIC_Part1_Training_GroundTruth/ISIC_0000364_Segmentation.png,pixel,train,ISIC_0000364,train
ISIC_0000365,0,skin/Train/ISBI2016_ISIC_Part3B_Training_Data/ISIC_0000365.jpg,skin/Train/ISBI2016_ISIC_Part1_Training_GroundTruth/ISIC_0000365_Segmentation.png,pixel,train,ISIC_0000365,train
ISIC_0000366,0,skin/Train/ISBI2016_ISIC_Part3B_Training_Data/ISIC_0000366.jpg,skin/Train/ISBI2016_ISIC_Part1_Training_GroundTruth/ISIC_0000366_Segmentation.png,pixel,train,ISIC_0000366,train
ISIC_0000367,0,skin/Train/ISBI2016_ISIC_Part3B_Training_Data/ISIC_0000367.jpg,skin/Train/ISBI2016_ISIC_Part1_Training_GroundTruth/ISIC_0000367_Segmentation.png,pixel,train,ISIC_0000367,train
ISIC_0000369,0,skin/Train/ISBI2016_ISIC_Part3B_Training_Data/ISIC_0000369.jpg,skin/Train/ISBI2016_ISIC_Part1_Training_GroundTruth/ISIC_0000369_Segmentation.png,pixel,train,ISIC_0000369,train
ISIC_0000370,0,skin/Train/ISBI2016_ISIC_Part3B_Training_Data/ISIC_0000370.jpg,skin/Train/ISBI2016_ISIC_Part1_Training_GroundTruth/ISIC_0000370_Segmentation.png,pixel,train,ISIC_0000370,train
ISIC_0000372,0,skin/Train/ISBI2016_ISIC_Part3B_Training_Data/ISIC_0000372.jpg,skin/Train/ISBI2016_ISIC_Part1_Training_GroundTruth/ISIC_0000372_Segmentation.png,pixel,train,ISIC_0000372,train
ISIC_0000374,0,skin/Train/ISBI2016_ISIC_Part3B_Training_Data/ISIC_0000374.jpg,skin/Train/ISBI2016_ISIC_Part1_Training_GroundTruth/ISIC_0000374_Segmentation.png,pixel,train,ISIC_0000374,train
ISIC_0000376,0,skin/Train/ISBI2016_ISIC_Part3B_Training_Data/ISIC_0000376.jpg,skin/Train/ISBI2016_ISIC_Part1_Training_GroundTruth/ISIC_0000376_Segmentation.png,pixel,train,ISIC_0000376,val
ISIC_0000379,0,skin/Train/ISBI2016_ISIC_Part3B_Training_Data/ISIC_0000379.jpg,skin/Train/ISBI2016_ISIC_Part1_Training_GroundTruth/ISIC_0000379_Segmentation.png,pixel,train,ISIC_0000379,train
ISIC_0000381,0,skin/Train/ISBI2016_ISIC_Part3B_Training_Data/ISIC_0000381.jpg,skin/Train/ISBI2016_ISIC_Part1_Training_GroundTruth/ISIC_0000381_Segmentation.png,pixel,train,ISIC_0000381,val
ISIC_0000382,0,skin/Train/ISBI2016_ISIC_Part3B_Training_Data/ISIC_0000382.jpg,skin/Train/ISBI2016_ISIC_Part1_Training_GroundTruth/ISIC_0000382_Segmentation.png,pixel,train,ISIC_0000382,train
ISIC_0000383,0,skin/Train/ISBI2016_ISIC_Part3B_Training_Data/ISIC_0000383.jpg,skin/Train/ISBI2016_ISIC_Part1_Training_GroundTruth/ISIC_0000383_Segmentation.png,pixel,train,ISIC_0000383,val
ISIC_0000384,0,skin/Train/ISBI2016_ISIC_Part3B_Training_Data/ISIC_0000384.jpg,skin/Train/ISBI2016_ISIC_Part1_Training_GroundTruth/ISIC_0000384_Segmentation.png,pixel,train,ISIC_0000384,train
ISIC_0000385,0,skin/Train/ISBI2016_ISIC_Part3B_Training_Data/ISIC_0000385.jpg,skin/Train/ISBI2016_ISIC_Part1_Training_GroundTruth/ISIC_0000385_Segmentation.png,pixel,train,ISIC_0000385,train
ISIC_0000386,0,skin/Train/ISBI2016_ISIC_Part3B_Training_Data/ISIC_0000386.jpg,skin/Train/ISBI2016_ISIC_Part1_Training_GroundTruth/ISIC_0000386_Segmentation.png,pixel,train,ISIC_0000386,train
ISIC_0000387,0,skin/Train/ISBI2016_ISIC_Part3B_Training_Data/ISIC_0000387.jpg,skin/Train/ISBI2016_ISIC_Part1_Training_GroundTruth/ISIC_0000387_Segmentation.png,pixel,train,ISIC_0000387,train
ISIC_0000390,1,skin/Train/ISBI2016_ISIC_Part3B_Training_Data/ISIC_0000390.jpg,skin/Train/ISBI2016_ISIC_Part1_Training_GroundTruth/ISIC_0000390_Segmentation.png,pixel,train,ISIC_0000390,train
ISIC_0000391,0,skin/Train/ISBI2016_ISIC_Part3B_Training_Data/ISIC_0000391.jpg,skin/Train/ISBI2016_ISIC_Part1_Training_GroundTruth/ISIC_0000391_Segmentation.png,pixel,train,ISIC_0000391,train
ISIC_0000395,1,skin/Train/ISBI2016_ISIC_Part3B_Training_Data/ISIC_0000395.jpg,skin/Train/ISBI2016_ISIC_Part1_Training_GroundTruth/ISIC_0000395_Segmentation.png,pixel,train,ISIC_0000395,train
ISIC_0000396,0,skin/Train/ISBI2016_ISIC_Part3B_Training_Data/ISIC_0000396.jpg,skin/Train/ISBI2016_ISIC_Part1_Training_GroundTruth/ISIC_0000396_Segmentation.png,pixel,train,ISIC_0000396,train
ISIC_0000397,0,skin/Train/ISBI2016_ISIC_Part3B_Training_Data/ISIC_0000397.jpg,skin/Train/ISBI2016_ISIC_Part1_Training_GroundTruth/ISIC_0000397_Segmentation.png,pixel,train,ISIC_0000397,train
ISIC_0000403,0,skin/Train/ISBI2016_ISIC_Part3B_Training_Data/ISIC_0000403.jpg,skin/Train/ISBI2016_ISIC_Part1_Training_GroundTruth/ISIC_0000403_Segmentation.png,pixel,train,ISIC_0000403,train
ISIC_0000408,0,skin/Train/ISBI2016_ISIC_Part3B_Training_Data/ISIC_0000408.jpg,skin/Train/ISBI2016_ISIC_Part1_Training_GroundTruth/ISIC_0000408_Segmentation.png,pixel,train,ISIC_0000408,val
ISIC_0000409,0,skin/Train/ISBI2016_ISIC_Part3B_Training_Data/ISIC_0000409.jpg,skin/Train/ISBI2016_ISIC_Part1_Training_GroundTruth/ISIC_0000409_Segmentation.png,pixel,train,ISIC_0000409,val
ISIC_0000410,1,skin/Train/ISBI2016_ISIC_Part3B_Training_Data/ISIC_0000410.jpg,skin/Train/ISBI2016_ISIC_Part1_Training_GroundTruth/ISIC_0000410_Segmentation.png,pixel,train,ISIC_0000410,train
ISIC_0000412,1,skin/Train/ISBI2016_ISIC_Part3B_Training_Data/ISIC_0000412.jpg,skin/Train/ISBI2016_ISIC_Part1_Training_GroundTruth/ISIC_0000412_Segmentation.png,pixel,train,ISIC_0000412,train
ISIC_0000413,1,skin/Train/ISBI2016_ISIC_Part3B_Training_Data/ISIC_0000413.jpg,skin/Train/ISBI2016_ISIC_Part1_Training_GroundTruth/ISIC_0000413_Segmentation.png,pixel,train,ISIC_0000413,train
ISIC_0000415,1,skin/Train/ISBI2016_ISIC_Part3B_Training_Data/ISIC_0000415.jpg,skin/Train/ISBI2016_ISIC_Part1_Training_GroundTruth/ISIC_0000415_Segmentation.png,pixel,train,ISIC_0000415,train
ISIC_0000416,0,skin/Train/ISBI2016_ISIC_Part3B_Training_Data/ISIC_0000416.jpg,skin/Train/ISBI2016_ISIC_Part1_Training_GroundTruth/ISIC_0000416_Segmentation.png,pixel,train,ISIC_0000416,train
ISIC_0000419,0,skin/Train/ISBI2016_ISIC_Part3B_Training_Data/ISIC_0000419.jpg,skin/Train/ISBI2016_ISIC_Part1_Training_GroundTruth/ISIC_0000419_Segmentation.png,pixel,train,ISIC_0000419,train
ISIC_0000421,0,skin/Train/ISBI2016_ISIC_Part3B_Training_Data/ISIC_0000421.jpg,skin/Train/ISBI2016_ISIC_Part1_Training_GroundTruth/ISIC_0000421_Segmentation.png,pixel,train,ISIC_0000421,train
ISIC_0000423,0,skin/Train/ISBI2016_ISIC_Part3B_Training_Data/ISIC_0000423.jpg,skin/Train/ISBI2016_ISIC_Part1_Training_GroundTruth/ISIC_0000423_Segmentation.png,pixel,train,ISIC_0000423,val
ISIC_0000425,0,skin/Train/ISBI2016_ISIC_Part3B_Training_Data/ISIC_0000425.jpg,skin/Train/ISBI2016_ISIC_Part1_Training_GroundTruth/ISIC_0000425_Segmentation.png,pixel,train,ISIC_0000425,val
ISIC_0000426,0,skin/Train/ISBI2016_ISIC_Part3B_Training_Data/ISIC_0000426.jpg,skin/Train/ISBI2016_ISIC_Part1_Training_GroundTruth/ISIC_0000426_Segmentation.png,pixel,train,ISIC_0000426,train
ISIC_0000427,0,skin/Train/ISBI2016_ISIC_Part3B_Training_Data/ISIC_0000427.jpg,skin/Train/ISBI2016_ISIC_Part1_Training_GroundTruth/ISIC_0000427_Segmentation.png,pixel,train,ISIC_0000427,train
ISIC_0000431,0,skin/Train/ISBI2016_ISIC_Part3B_Training_Data/ISIC_0000431.jpg,skin/Train/ISBI2016_ISIC_Part1_Training_GroundTruth/ISIC_0000431_Segmentation.png,pixel,train,ISIC_0000431,train
ISIC_0000434,1,skin/Train/ISBI2016_ISIC_Part3B_Training_Data/ISIC_0000434.jpg,skin/Train/ISBI2016_ISIC_Part1_Training_GroundTruth/ISIC_0000434_Segmentation.png,pixel,train,ISIC_0000434,val
ISIC_0000436,0,skin/Train/ISBI2016_ISIC_Part3B_Training_Data/ISIC_0000436.jpg,skin/Train/ISBI2016_ISIC_Part1_Training_GroundTruth/ISIC_0000436_Segmentation.png,pixel,train,ISIC_0000436,train
ISIC_0000439,0,skin/Train/ISBI2016_ISIC_Part3B_Training_Data/ISIC_0000439.jpg,skin/Train/ISBI2016_ISIC_Part1_Training_GroundTruth/ISIC_0000439_Segmentation.png,pixel,train,ISIC_0000439,train
ISIC_0000442,0,skin/Train/ISBI2016_ISIC_Part3B_Training_Data/ISIC_0000442.jpg,skin/Train/ISBI2016_ISIC_Part1_Training_GroundTruth/ISIC_0000442_Segmentation.png,pixel,train,ISIC_0000442,train
ISIC_0000443,0,skin/Train/ISBI2016_ISIC_Part3B_Training_Data/ISIC_0000443.jpg,skin/Train/ISBI2016_ISIC_Part1_Training_GroundTruth/ISIC_0000443_Segmentation.png,pixel,train,ISIC_0000443,train
ISIC_0000444,1,skin/Train/ISBI2016_ISIC_Part3B_Training_Data/ISIC_0000444.jpg,skin/Train/ISBI2016_ISIC_Part1_Training_GroundTruth/ISIC_0000444_Segmentation.png,pixel,train,ISIC_0000444,train
ISIC_0000445,1,skin/Train/ISBI2016_ISIC_Part3B_Training_Data/ISIC_0000445.jpg,skin/Train/ISBI2016_ISIC_Part1_Training_GroundTruth/ISIC_0000445_Segmentation.png,pixel,train,ISIC_0000445,train
ISIC_0000447,0,skin/Train/ISBI2016_ISIC_Part3B_Training_Data/ISIC_0000447.jpg,skin/Train/ISBI2016_ISIC_Part1_Training_GroundTruth/ISIC_0000447_Segmentation.png,pixel,train,ISIC_0000447,val
ISIC_0000451,0,skin/Train/ISBI2016_ISIC_Part3B_Training_Data/ISIC_0000451.jpg,skin/Train/ISBI2016_ISIC_Part1_Training_GroundTruth/ISIC_0000451_Segmentation.png,pixel,train,ISIC_0000451,train
ISIC_0000452,0,skin/Train/ISBI2016_ISIC_Part3B_Training_Data/ISIC_0000452.jpg,skin/Train/ISBI2016_ISIC_Part1_Training_GroundTruth/ISIC_0000452_Segmentation.png,pixel,train,ISIC_0000452,val
ISIC_0000453,0,skin/Train/ISBI2016_ISIC_Part3B_Training_Data/ISIC_0000453.jpg,skin/Train/ISBI2016_ISIC_Part1_Training_GroundTruth/ISIC_0000453_Segmentation.png,pixel,train,ISIC_0000453,val
ISIC_0000454,0,skin/Train/ISBI2016_ISIC_Part3B_Training_Data/ISIC_0000454.jpg,skin/Train/ISBI2016_ISIC_Part1_Training_GroundTruth/ISIC_0000454_Segmentation.png,pixel,train,ISIC_0000454,train
ISIC_0000455,0,skin/Train/ISBI2016_ISIC_Part3B_Training_Data/ISIC_0000455.jpg,skin/Train/ISBI2016_ISIC_Part1_Training_GroundTruth/ISIC_0000455_Segmentation.png,pixel,train,ISIC_0000455,train
ISIC_0000457,0,skin/Train/ISBI2016_ISIC_Part3B_Training_Data/ISIC_0000457.jpg,skin/Train/ISBI2016_ISIC_Part1_Training_GroundTruth/ISIC_0000457_Segmentation.png,pixel,train,ISIC_0000457,train
ISIC_0000458,0,skin/Train/ISBI2016_ISIC_Part3B_Training_Data/ISIC_0000458.jpg,skin/Train/ISBI2016_ISIC_Part1_Training_GroundTruth/ISIC_0000458_Segmentation.png,pixel,train,ISIC_0000458,train
ISIC_0000460,0,skin/Train/ISBI2016_ISIC_Part3B_Training_Data/ISIC_0000460.jpg,skin/Train/ISBI2016_ISIC_Part1_Training_GroundTruth/ISIC_0000460_Segmentation.png,pixel,train,ISIC_0000460,train
ISIC_0000461,0,skin/Train/ISBI2016_ISIC_Part3B_Training_Data/ISIC_0000461.jpg,skin/Train/ISBI2016_ISIC_Part1_Training_GroundTruth/ISIC_0000461_Segmentation.png,pixel,train,ISIC_0000461,train
ISIC_0000463,1,skin/Train/ISBI2016_ISIC_Part3B_Training_Data/ISIC_0000463.jpg,skin/Train/ISBI2016_ISIC_Part1_Training_GroundTruth/ISIC_0000463_Segmentation.png,pixel,train,ISIC_0000463,train
ISIC_0000465,0,skin/Train/ISBI2016_ISIC_Part3B_Training_Data/ISIC_0000465.jpg,skin/Train/ISBI2016_ISIC_Part1_Training_GroundTruth/ISIC_0000465_Segmentation.png,pixel,train,ISIC_0000465,train
ISIC_0000467,0,skin/Train/ISBI2016_ISIC_Part3B_Training_Data/ISIC_0000467.jpg,skin/Train/ISBI2016_ISIC_Part1_Training_GroundTruth/ISIC_0000467_Segmentation.png,pixel,train,ISIC_0000467,train
ISIC_0000468,0,skin/Train/ISBI2016_ISIC_Part3B_Training_Data/ISIC_0000468.jpg,skin/Train/ISBI2016_ISIC_Part1_Training_GroundTruth/ISIC_0000468_Segmentation.png,pixel,train,ISIC_0000468,train
ISIC_0000469,1,skin/Train/ISBI2016_ISIC_Part3B_Training_Data/ISIC_0000469.jpg,skin/Train/ISBI2016_ISIC_Part1_Training_GroundTruth/ISIC_0000469_Segmentation.png,pixel,train,ISIC_0000469,train
ISIC_0000471,0,skin/Train/ISBI2016_ISIC_Part3B_Training_Data/ISIC_0000471.jpg,skin/Train/ISBI2016_ISIC_Part1_Training_GroundTruth/ISIC_0000471_Segmentation.png,pixel,train,ISIC_0000471,train
ISIC_0000473,0,skin/Train/ISBI2016_ISIC_Part3B_Training_Data/ISIC_0000473.jpg,skin/Train/ISBI2016_ISIC_Part1_Training_GroundTruth/ISIC_0000473_Segmentation.png,pixel,train,ISIC_0000473,train
ISIC_0000474,0,skin/Train/ISBI2016_ISIC_Part3B_Training_Data/ISIC_0000474.jpg,skin/Train/ISBI2016_ISIC_Part1_Training_GroundTruth/ISIC_0000474_Segmentation.png,pixel,train,ISIC_0000474,train
ISIC_0000475,0,skin/Train/ISBI2016_ISIC_Part3B_Training_Data/ISIC_0000475.jpg,skin/Train/ISBI2016_ISIC_Part1_Training_GroundTruth/ISIC_0000475_Segmentation.png,pixel,train,ISIC_0000475,val
ISIC_0000477,0,skin/Train/ISBI2016_ISIC_Part3B_Training_Data/ISIC_0000477.jpg,skin/Train/ISBI2016_ISIC_Part1_Training_GroundTruth/ISIC_0000477_Segmentation.png,pixel,train,ISIC_0000477,train
ISIC_0000478,0,skin/Train/ISBI2016_ISIC_Part3B_Training_Data/ISIC_0000478.jpg,skin/Train/ISBI2016_ISIC_Part1_Training_GroundTruth/ISIC_0000478_Segmentation.png,pixel,train,ISIC_0000478,train
ISIC_0000480,0,skin/Train/ISBI2016_ISIC_Part3B_Training_Data/ISIC_0000480.jpg,skin/Train/ISBI2016_ISIC_Part1_Training_GroundTruth/ISIC_0000480_Segmentation.png,pixel,train,ISIC_0000480,train
ISIC_0000481,0,skin/Train/ISBI2016_ISIC_Part3B_Training_Data/ISIC_0000481.jpg,skin/Train/ISBI2016_ISIC_Part1_Training_GroundTruth/ISIC_0000481_Segmentation.png,pixel,train,ISIC_0000481,train
ISIC_0000483,0,skin/Train/ISBI2016_ISIC_Part3B_Training_Data/ISIC_0000483.jpg,skin/Train/ISBI2016_ISIC_Part1_Training_GroundTruth/ISIC_0000483_Segmentation.png,pixel,train,ISIC_0000483,train
ISIC_0000485,0,skin/Train/ISBI2016_ISIC_Part3B_Training_Data/ISIC_0000485.jpg,skin/Train/ISBI2016_ISIC_Part1_Training_GroundTruth/ISIC_0000485_Segmentation.png,pixel,train,ISIC_0000485,train
ISIC_0000486,0,skin/Train/ISBI2016_ISIC_Part3B_Training_Data/ISIC_0000486.jpg,skin/Train/ISBI2016_ISIC_Part1_Training_GroundTruth/ISIC_0000486_Segmentation.png,pixel,train,ISIC_0000486,train
ISIC_0000488,0,skin/Train/ISBI2016_ISIC_Part3B_Training_Data/ISIC_0000488.jpg,skin/Train/ISBI2016_ISIC_Part1_Training_GroundTruth/ISIC_0000488_Segmentation.png,pixel,train,ISIC_0000488,train
ISIC_0000489,0,skin/Train/ISBI2016_ISIC_Part3B_Training_Data/ISIC_0000489.jpg,skin/Train/ISBI2016_ISIC_Part1_Training_GroundTruth/ISIC_0000489_Segmentation.png,pixel,train,ISIC_0000489,train
ISIC_0000491,0,skin/Train/ISBI2016_ISIC_Part3B_Training_Data/ISIC_0000491.jpg,skin/Train/ISBI2016_ISIC_Part1_Training_GroundTruth/ISIC_0000491_Segmentation.png,pixel,train,ISIC_0000491,val
ISIC_0000492,0,skin/Train/ISBI2016_ISIC_Part3B_Training_Data/ISIC_0000492.jpg,skin/Train/ISBI2016_ISIC_Part1_Training_GroundTruth/ISIC_0000492_Segmentation.png,pixel,train,ISIC_0000492,val
ISIC_0000493,0,skin/Train/ISBI2016_ISIC_Part3B_Training_Data/ISIC_0000493.jpg,skin/Train/ISBI2016_ISIC_Part1_Training_GroundTruth/ISIC_0000493_Segmentation.png,pixel,train,ISIC_0000493,val
ISIC_0000495,0,skin/Train/ISBI2016_ISIC_Part3B_Training_Data/ISIC_0000495.jpg,skin/Train/ISBI2016_ISIC_Part1_Training_GroundTruth/ISIC_0000495_Segmentation.png,pixel,train,ISIC_0000495,val
ISIC_0000496,0,skin/Train/ISBI2016_ISIC_Part3B_Training_Data/ISIC_0000496.jpg,skin/Train/ISBI2016_ISIC_Part1_Training_GroundTruth/ISIC_0000496_Segmentation.png,pixel,train,ISIC_0000496,train
ISIC_0000498,0,skin/Train/ISBI2016_ISIC_Part3B_Training_Data/ISIC_0000498.jpg,skin/Train/ISBI2016_ISIC_Part1_Training_GroundTruth/ISIC_0000498_Segmentation.png,pixel,train,ISIC_0000498,train
ISIC_0000500,0,skin/Train/ISBI2016_ISIC_Part3B_Training_Data/ISIC_0000500.jpg,skin/Train/ISBI2016_ISIC_Part1_Training_GroundTruth/ISIC_0000500_Segmentation.png,pixel,train,ISIC_0000500,train
ISIC_0000503,0,skin/Train/ISBI2016_ISIC_Part3B_Training_Data/ISIC_0000503.jpg,skin/Train/ISBI2016_ISIC_Part1_Training_GroundTruth/ISIC_0000503_Segmentation.png,pixel,train,ISIC_0000503,train
ISIC_0000504,0,skin/Train/ISBI2016_ISIC_Part3B_Training_Data/ISIC_0000504.jpg,skin/Train/ISBI2016_ISIC_Part1_Training_GroundTruth/ISIC_0000504_Segmentation.png,pixel,train,ISIC_0000504,train
ISIC_0000505,0,skin/Train/ISBI2016_ISIC_Part3B_Training_Data/ISIC_0000505.jpg,skin/Train/ISBI2016_ISIC_Part1_Training_GroundTruth/ISIC_0000505_Segmentation.png,pixel,train,ISIC_0000505,train
ISIC_0000506,0,skin/Train/ISBI2016_ISIC_Part3B_Training_Data/ISIC_0000506.jpg,skin/Train/ISBI2016_ISIC_Part1_Training_GroundTruth/ISIC_0000506_Segmentation.png,pixel,train,ISIC_0000506,train
ISIC_0000507,0,skin/Train/ISBI2016_ISIC_Part3B_Training_Data/ISIC_0000507.jpg,skin/Train/ISBI2016_ISIC_Part1_Training_GroundTruth/ISIC_0000507_Segmentation.png,pixel,train,ISIC_0000507,val
ISIC_0000511,0,skin/Train/ISBI2016_ISIC_Part3B_Training_Data/ISIC_0000511.jpg,skin/Train/ISBI2016_ISIC_Part1_Training_GroundTruth/ISIC_0000511_Segmentation.png,pixel,train,ISIC_0000511,val
ISIC_0000513,1,skin/Train/ISBI2016_ISIC_Part3B_Training_Data/ISIC_0000513.jpg,skin/Train/ISBI2016_ISIC_Part1_Training_GroundTruth/ISIC_0000513_Segmentation.png,pixel,train,ISIC_0000513,train
ISIC_0000514,0,skin/Train/ISBI2016_ISIC_Part3B_Training_Data/ISIC_0000514.jpg,skin/Train/ISBI2016_ISIC_Part1_Training_GroundTruth/ISIC_0000514_Segmentation.png,pixel,train,ISIC_0000514,train
ISIC_0000516,1,skin/Train/ISBI2016_ISIC_Part3B_Training_Data/ISIC_0000516.jpg,skin/Train/ISBI2016_ISIC_Part1_Training_GroundTruth/ISIC_0000516_Segmentation.png,pixel,train,ISIC_0000516,val
ISIC_0000517,1,skin/Train/ISBI2016_ISIC_Part3B_Training_Data/ISIC_0000517.jpg,skin/Train/ISBI2016_ISIC_Part1_Training_GroundTruth/ISIC_0000517_Segmentation.png,pixel,train,ISIC_0000517,train
ISIC_0000519,1,skin/Train/ISBI2016_ISIC_Part3B_Training_Data/ISIC_0000519.jpg,skin/Train/ISBI2016_ISIC_Part1_Training_GroundTruth/ISIC_0000519_Segmentation.png,pixel,train,ISIC_0000519,train
ISIC_0000520,1,skin/Train/ISBI2016_ISIC_Part3B_Training_Data/ISIC_0000520.jpg,skin/Train/ISBI2016_ISIC_Part1_Training_GroundTruth/ISIC_0000520_Segmentation.png,pixel,train,ISIC_0000520,val
ISIC_0000521,1,skin/Train/ISBI2016_ISIC_Part3B_Training_Data/ISIC_0000521.jpg,skin/Train/ISBI2016_ISIC_Part1_Training_GroundTruth/ISIC_0000521_Segmentation.png,pixel,train,ISIC_0000521,train
ISIC_0000522,1,skin/Train/ISBI2016_ISIC_Part3B_Training_Data/ISIC_0000522.jpg,skin/Train/ISBI2016_ISIC_Part1_Training_GroundTruth/ISIC_0000522_Segmentation.png,pixel,train,ISIC_0000522,train
ISIC_0000523,0,skin/Train/ISBI2016_ISIC_Part3B_Training_Data/ISIC_0000523.jpg,skin/Train/ISBI2016_ISIC_Part1_Training_GroundTruth/ISIC_0000523_Segmentation.png,pixel,train,ISIC_0000523,train
ISIC_0000524,0,skin/Train/ISBI2016_ISIC_Part3B_Training_Data/ISIC_0000524.jpg,skin/Train/ISBI2016_ISIC_Part1_Training_GroundTruth/ISIC_0000524_Segmentation.png,pixel,train,ISIC_0000524,train
ISIC_0000528,0,skin/Train/ISBI2016_ISIC_Part3B_Training_Data/ISIC_0000528.jpg,skin/Train/ISBI2016_ISIC_Part1_Training_GroundTruth/ISIC_0000528_Segmentation.png,pixel,train,ISIC_0000528,train
ISIC_0000529,0,skin/Train/ISBI2016_ISIC_Part3B_Training_Data/ISIC_0000529.jpg,skin/Train/ISBI2016_ISIC_Part1_Training_GroundTruth/ISIC_0000529_Segmentation.png,pixel,train,ISIC_0000529,train
ISIC_0000530,0,skin/Train/ISBI2016_ISIC_Part3B_Training_Data/ISIC_0000530.jpg,skin/Train/ISBI2016_ISIC_Part1_Training_GroundTruth/ISIC_0000530_Segmentation.png,pixel,train,ISIC_0000530,train
ISIC_0000531,1,skin/Train/ISBI2016_ISIC_Part3B_Training_Data/ISIC_0000531.jpg,skin/Train/ISBI2016_ISIC_Part1_Training_GroundTruth/ISIC_0000531_Segmentation.png,pixel,train,ISIC_0000531,val
ISIC_0000532,0,skin/Train/ISBI2016_ISIC_Part3B_Training_Data/ISIC_0000532.jpg,skin/Train/ISBI2016_ISIC_Part1_Training_GroundTruth/ISIC_0000532_Segmentation.png,pixel,train,ISIC_0000532,train
ISIC_0000535,0,skin/Train/ISBI2016_ISIC_Part3B_Training_Data/ISIC_0000535.jpg,skin/Train/ISBI2016_ISIC_Part1_Training_GroundTruth/ISIC_0000535_Segmentation.png,pixel,train,ISIC_0000535,train
ISIC_0000536,0,skin/Train/ISBI2016_ISIC_Part3B_Training_Data/ISIC_0000536.jpg,skin/Train/ISBI2016_ISIC_Part1_Training_GroundTruth/ISIC_0000536_Segmentation.png,pixel,train,ISIC_0000536,train
ISIC_0000538,0,skin/Train/ISBI2016_ISIC_Part3B_Training_Data/ISIC_0000538.jpg,skin/Train/ISBI2016_ISIC_Part1_Training_GroundTruth/ISIC_0000538_Segmentation.png,pixel,train,ISIC_0000538,train
ISIC_0000541,0,skin/Train/ISBI2016_ISIC_Part3B_Training_Data/ISIC_0000541.jpg,skin/Train/ISBI2016_ISIC_Part1_Training_GroundTruth/ISIC_0000541_Segmentation.png,pixel,train,ISIC_0000541,train
ISIC_0000542,0,skin/Train/ISBI2016_ISIC_Part3B_Training_Data/ISIC_0000542.jpg,skin/Train/ISBI2016_ISIC_Part1_Training_GroundTruth/ISIC_0000542_Segmentation.png,pixel,train,ISIC_0000542,train
ISIC_0000543,0,skin/Train/ISBI2016_ISIC_Part3B_Training_Data/ISIC_0000543.jpg,skin/Train/ISBI2016_ISIC_Part1_Training_GroundTruth/ISIC_0000543_Segmentation.png,pixel,train,ISIC_0000543,train
ISIC_0000544,0,skin/Train/ISBI2016_ISIC_Part3B_Training_Data/ISIC_0000544.jpg,skin/Train/ISBI2016_ISIC_Part1_Training_GroundTruth/ISIC_0000544_Segmentation.png,pixel,train,ISIC_0000544,train
ISIC_0000545,0,skin/Train/ISBI2016_ISIC_Part3B_Training_Data/ISIC_0000545.jpg,skin/Train/ISBI2016_ISIC_Part1_Training_GroundTruth/ISIC_0000545_Segmentation.png,pixel,train,ISIC_0000545,train
ISIC_0000546,0,skin/Train/ISBI2016_ISIC_Part3B_Training_Data/ISIC_0000546.jpg,skin/Train/ISBI2016_ISIC_Part1_Training_GroundTruth/ISIC_0000546_Segmentation.png,pixel,train,ISIC_0000546,train
ISIC_0000548,1,skin/Train/ISBI2016_ISIC_Part3B_Training_Data/ISIC_0000548.jpg,skin/Train/ISBI2016_ISIC_Part1_Training_GroundTruth/ISIC_0000548_Segmentation.png,pixel,train,ISIC_0000548,train
ISIC_0000551,1,skin/Train/ISBI2016_ISIC_Part3B_Training_Data/ISIC_0000551.jpg,skin/Train/ISBI2016_ISIC_Part1_Training_GroundTruth/ISIC_0000551_Segmentation.png,pixel,train,ISIC_0000551,train
ISIC_0000552,1,skin/Train/ISBI2016_ISIC_Part3B_Training_Data/ISIC_0000552.jpg,skin/Train/ISBI2016_ISIC_Part1_Training_GroundTruth/ISIC_0000552_Segmentation.png,pixel,train,ISIC_0000552,train
ISIC_0000554,1,skin/Train/ISBI2016_ISIC_Part3B_Training_Data/ISIC_0000554.jpg,skin/Train/ISBI2016_ISIC_Part1_Training_GroundTruth/ISIC_0000554_Segmentation.png,pixel,train,ISIC_0000554,val
ISIC_0000555,1,skin/Train/ISBI2016_ISIC_Part3B_Training_Data/ISIC_0000555.jpg,skin/Train/ISBI2016_ISIC_Part1_Training_GroundTruth/ISIC_0000555_Segmentation.png,pixel,train,ISIC_0000555,train
ISIC_0000556,0,skin/Train/ISBI2016_ISIC_Part3B_Training_Data/ISIC_0000556.jpg,skin/Train/ISBI2016_ISIC_Part1_Training_GroundTruth/ISIC_0000556_Segmentation.png,pixel,train,ISIC_0000556,val
ISIC_0000882,0,skin/Train/ISBI2016_ISIC_Part3B_Training_Data/ISIC_0000882.jpg,skin/Train/ISBI2016_ISIC_Part1_Training_GroundTruth/ISIC_0000882_Segmentation.png,pixel,train,ISIC_0000882,val
ISIC_0000900,0,skin/Train/ISBI2016_ISIC_Part3B_Training_Data/ISIC_0000900.jpg,skin/Train/ISBI2016_ISIC_Part1_Training_GroundTruth/ISIC_0000900_Segmentation.png,pixel,train,ISIC_0000900,train
ISIC_0000999,0,skin/Train/ISBI2016_ISIC_Part3B_Training_Data/ISIC_0000999.jpg,skin/Train/ISBI2016_ISIC_Part1_Training_GroundTruth/ISIC_0000999_Segmentation.png,pixel,train,ISIC_0000999,train
ISIC_0001102,1,skin/Train/ISBI2016_ISIC_Part3B_Training_Data/ISIC_0001102.jpg,skin/Train/ISBI2016_ISIC_Part1_Training_GroundTruth/ISIC_0001102_Segmentation.png,pixel,train,ISIC_0001102,train
ISIC_0001105,1,skin/Train/ISBI2016_ISIC_Part3B_Training_Data/ISIC_0001105.jpg,skin/Train/ISBI2016_ISIC_Part1_Training_GroundTruth/ISIC_0001105_Segmentation.png,pixel,train,ISIC_0001105,val
ISIC_0001106,1,skin/Train/ISBI2016_ISIC_Part3B_Training_Data/ISIC_0001106.jpg,skin/Train/ISBI2016_ISIC_Part1_Training_GroundTruth/ISIC_0001106_Segmentation.png,pixel,train,ISIC_0001106,train
ISIC_0001118,1,skin/Train/ISBI2016_ISIC_Part3B_Training_Data/ISIC_0001118.jpg,skin/Train/ISBI2016_ISIC_Part1_Training_GroundTruth/ISIC_0001118_Segmentation.png,pixel,train,ISIC_0001118,train
ISIC_0001119,1,skin/Train/ISBI2016_ISIC_Part3B_Training_Data/ISIC_0001119.jpg,skin/Train/ISBI2016_ISIC_Part1_Training_GroundTruth/ISIC_0001119_Segmentation.png,pixel,train,ISIC_0001119,train
ISIC_0001126,1,skin/Train/ISBI2016_ISIC_Part3B_Training_Data/ISIC_0001126.jpg,skin/Train/ISBI2016_ISIC_Part1_Training_GroundTruth/ISIC_0001126_Segmentation.png,pixel,train,ISIC_0001126,train
ISIC_0001133,1,skin/Train/ISBI2016_ISIC_Part3B_Training_Data/ISIC_0001133.jpg,skin/Train/ISBI2016_ISIC_Part1_Training_GroundTruth/ISIC_0001133_Segmentation.png,pixel,train,ISIC_0001133,train
ISIC_0001134,1,skin/Train/ISBI2016_ISIC_Part3B_Training_Data/ISIC_0001134.jpg,skin/Train/ISBI2016_ISIC_Part1_Training_GroundTruth/ISIC_0001134_Segmentation.png,pixel,train,ISIC_0001134,train
ISIC_0001140,1,skin/Train/ISBI2016_ISIC_Part3B_Training_Data/ISIC_0001140.jpg,skin/Train/ISBI2016_ISIC_Part1_Training_GroundTruth/ISIC_0001140_Segmentation.png,pixel,train,ISIC_0001140,val
ISIC_0001148,1,skin/Train/ISBI2016_ISIC_Part3B_Training_Data/ISIC_0001148.jpg,skin/Train/ISBI2016_ISIC_Part1_Training_GroundTruth/ISIC_0001148_Segmentation.png,pixel,train,ISIC_0001148,train
ISIC_0001152,1,skin/Train/ISBI2016_ISIC_Part3B_Training_Data/ISIC_0001152.jpg,skin/Train/ISBI2016_ISIC_Part1_Training_GroundTruth/ISIC_0001152_Segmentation.png,pixel,train,ISIC_0001152,train
ISIC_0001163,0,skin/Train/ISBI2016_ISIC_Part3B_Training_Data/ISIC_0001163.jpg,skin/Train/ISBI2016_ISIC_Part1_Training_GroundTruth/ISIC_0001163_Segmentation.png,pixel,train,ISIC_0001163,val
ISIC_0001184,0,skin/Train/ISBI2016_ISIC_Part3B_Training_Data/ISIC_0001184.jpg,skin/Train/ISBI2016_ISIC_Part1_Training_GroundTruth/ISIC_0001184_Segmentation.png,pixel,train,ISIC_0001184,train
ISIC_0001187,0,skin/Train/ISBI2016_ISIC_Part3B_Training_Data/ISIC_0001187.jpg,skin/Train/ISBI2016_ISIC_Part1_Training_GroundTruth/ISIC_0001187_Segmentation.png,pixel,train,ISIC_0001187,train
ISIC_0001188,0,skin/Train/ISBI2016_ISIC_Part3B_Training_Data/ISIC_0001188.jpg,skin/Train/ISBI2016_ISIC_Part1_Training_GroundTruth/ISIC_0001188_Segmentation.png,pixel,train,ISIC_0001188,val
ISIC_0001191,0,skin/Train/ISBI2016_ISIC_Part3B_Training_Data/ISIC_0001191.jpg,skin/Train/ISBI2016_ISIC_Part1_Training_GroundTruth/ISIC_0001191_Segmentation.png,pixel,train,ISIC_0001191,train
ISIC_0001212,0,skin/Train/ISBI2016_ISIC_Part3B_Training_Data/ISIC_0001212.jpg,skin/Train/ISBI2016_ISIC_Part1_Training_GroundTruth/ISIC_0001212_Segmentation.png,pixel,train,ISIC_0001212,train
ISIC_0001213,0,skin/Train/ISBI2016_ISIC_Part3B_Training_Data/ISIC_0001213.jpg,skin/Train/ISBI2016_ISIC_Part1_Training_GroundTruth/ISIC_0001213_Segmentation.png,pixel,train,ISIC_0001213,train
ISIC_0001216,0,skin/Train/ISBI2016_ISIC_Part3B_Training_Data/ISIC_0001216.jpg,skin/Train/ISBI2016_ISIC_Part1_Training_GroundTruth/ISIC_0001216_Segmentation.png,pixel,train,ISIC_0001216,train
ISIC_0001247,0,skin/Train/ISBI2016_ISIC_Part3B_Training_Data/ISIC_0001247.jpg,skin/Train/ISBI2016_ISIC_Part1_Training_GroundTruth/ISIC_0001247_Segmentation.png,pixel,train,ISIC_0001247,train
ISIC_0001254,0,skin/Train/ISBI2016_ISIC_Part3B_Training_Data/ISIC_0001254.jpg,skin/Train/ISBI2016_ISIC_Part1_Training_GroundTruth/ISIC_0001254_Segmentation.png,pixel,train,ISIC_0001254,train
ISIC_0001262,0,skin/Train/ISBI2016_ISIC_Part3B_Training_Data/ISIC_0001262.jpg,skin/Train/ISBI2016_ISIC_Part1_Training_GroundTruth/ISIC_0001262_Segmentation.png,pixel,train,ISIC_0001262,train
ISIC_0001267,0,skin/Train/ISBI2016_ISIC_Part3B_Training_Data/ISIC_0001267.jpg,skin/Train/ISBI2016_ISIC_Part1_Training_GroundTruth/ISIC_0001267_Segmentation.png,pixel,train,ISIC_0001267,train
ISIC_0001275,0,skin/Train/ISBI2016_ISIC_Part3B_Training_Data/ISIC_0001275.jpg,skin/Train/ISBI2016_ISIC_Part1_Training_GroundTruth/ISIC_0001275_Segmentation.png,pixel,train,ISIC_0001275,train
ISIC_0001286,0,skin/Train/ISBI2016_ISIC_Part3B_Training_Data/ISIC_0001286.jpg,skin/Train/ISBI2016_ISIC_Part1_Training_GroundTruth/ISIC_0001286_Segmentation.png,pixel,train,ISIC_0001286,train
ISIC_0001292,0,skin/Train/ISBI2016_ISIC_Part3B_Training_Data/ISIC_0001292.jpg,skin/Train/ISBI2016_ISIC_Part1_Training_GroundTruth/ISIC_0001292_Segmentation.png,pixel,train,ISIC_0001292,train
ISIC_0001296,0,skin/Train/ISBI2016_ISIC_Part3B_Training_Data/ISIC_0001296.jpg,skin/Train/ISBI2016_ISIC_Part1_Training_GroundTruth/ISIC_0001296_Segmentation.png,pixel,train,ISIC_0001296,val
ISIC_0001306,0,skin/Train/ISBI2016_ISIC_Part3B_Training_Data/ISIC_0001306.jpg,skin/Train/ISBI2016_ISIC_Part1_Training_GroundTruth/ISIC_0001306_Segmentation.png,pixel,train,ISIC_0001306,train
ISIC_0001367,0,skin/Train/ISBI2016_ISIC_Part3B_Training_Data/ISIC_0001367.jpg,skin/Train/ISBI2016_ISIC_Part1_Training_GroundTruth/ISIC_0001367_Segmentation.png,pixel,train,ISIC_0001367,train
ISIC_0001372,0,skin/Train/ISBI2016_ISIC_Part3B_Training_Data/ISIC_0001372.jpg,skin/Train/ISBI2016_ISIC_Part1_Training_GroundTruth/ISIC_0001372_Segmentation.png,pixel,train,ISIC_0001372,train
ISIC_0001374,0,skin/Train/ISBI2016_ISIC_Part3B_Training_Data/ISIC_0001374.jpg,skin/Train/ISBI2016_ISIC_Part1_Training_GroundTruth/ISIC_0001374_Segmentation.png,pixel,train,ISIC_0001374,train
ISIC_0001385,0,skin/Train/ISBI2016_ISIC_Part3B_Training_Data/ISIC_0001385.jpg,skin/Train/ISBI2016_ISIC_Part1_Training_GroundTruth/ISIC_0001385_Segmentation.png,pixel,train,ISIC_0001385,train
ISIC_0001423,0,skin/Train/ISBI2016_ISIC_Part3B_Training_Data/ISIC_0001423.jpg,skin/Train/ISBI2016_ISIC_Part1_Training_GroundTruth/ISIC_0001423_Segmentation.png,pixel,train,ISIC_0001423,train
ISIC_0001442,0,skin/Train/ISBI2016_ISIC_Part3B_Training_Data/ISIC_0001442.jpg,skin/Train/ISBI2016_ISIC_Part1_Training_GroundTruth/ISIC_0001442_Segmentation.png,pixel,train,ISIC_0001442,val
ISIC_0001449,0,skin/Train/ISBI2016_ISIC_Part3B_Training_Data/ISIC_0001449.jpg,skin/Train/ISBI2016_ISIC_Part1_Training_GroundTruth/ISIC_0001449_Segmentation.png,pixel,train,ISIC_0001449,train
ISIC_0001742,0,skin/Train/ISBI2016_ISIC_Part3B_Training_Data/ISIC_0001742.jpg,skin/Train/ISBI2016_ISIC_Part1_Training_GroundTruth/ISIC_0001742_Segmentation.png,pixel,train,ISIC_0001742,train
ISIC_0002093,0,skin/Train/ISBI2016_ISIC_Part3B_Training_Data/ISIC_0002093.jpg,skin/Train/ISBI2016_ISIC_Part1_Training_GroundTruth/ISIC_0002093_Segmentation.png,pixel,train,ISIC_0002093,train
ISIC_0002206,0,skin/Train/ISBI2016_ISIC_Part3B_Training_Data/ISIC_0002206.jpg,skin/Train/ISBI2016_ISIC_Part1_Training_GroundTruth/ISIC_0002206_Segmentation.png,pixel,train,ISIC_0002206,train
ISIC_0002251,0,skin/Train/ISBI2016_ISIC_Part3B_Training_Data/ISIC_0002251.jpg,skin/Train/ISBI2016_ISIC_Part1_Training_GroundTruth/ISIC_0002251_Segmentation.png,pixel,train,ISIC_0002251,train
ISIC_0002287,0,skin/Train/ISBI2016_ISIC_Part3B_Training_Data/ISIC_0002287.jpg,skin/Train/ISBI2016_ISIC_Part1_Training_GroundTruth/ISIC_0002287_Segmentation.png,pixel,train,ISIC_0002287,train
ISIC_0002353,0,skin/Train/ISBI2016_ISIC_Part3B_Training_Data/ISIC_0002353.jpg,skin/Train/ISBI2016_ISIC_Part1_Training_GroundTruth/ISIC_0002353_Segmentation.png,pixel,train,ISIC_0002353,train
ISIC_0002374,0,skin/Train/ISBI2016_ISIC_Part3B_Training_Data/ISIC_0002374.jpg,skin/Train/ISBI2016_ISIC_Part1_Training_GroundTruth/ISIC_0002374_Segmentation.png,pixel,train,ISIC_0002374,train
ISIC_0002438,0,skin/Train/ISBI2016_ISIC_Part3B_Training_Data/ISIC_0002438.jpg,skin/Train/ISBI2016_ISIC_Part1_Training_GroundTruth/ISIC_0002438_Segmentation.png,pixel,train,ISIC_0002438,train
ISIC_0002439,0,skin/Train/ISBI2016_ISIC_Part3B_Training_Data/ISIC_0002439.jpg,skin/Train/ISBI2016_ISIC_Part1_Training_GroundTruth/ISIC_0002439_Segmentation.png,pixel,train,ISIC_0002439,train
ISIC_0002453,0,skin/Train/ISBI2016_ISIC_Part3B_Training_Data/ISIC_0002453.jpg,skin/Train/ISBI2016_ISIC_Part1_Training_GroundTruth/ISIC_0002453_Segmentation.png,pixel,train,ISIC_0002453,train
ISIC_0002459,0,skin/Train/ISBI2016_ISIC_Part3B_Training_Data/ISIC_0002459.jpg,skin/Train/ISBI2016_ISIC_Part1_Training_GroundTruth/ISIC_0002459_Segmentation.png,pixel,train,ISIC_0002459,train
ISIC_0002469,0,skin/Train/ISBI2016_ISIC_Part3B_Training_Data/ISIC_0002469.jpg,skin/Train/ISBI2016_ISIC_Part1_Training_GroundTruth/ISIC_0002469_Segmentation.png,pixel,train,ISIC_0002469,val
ISIC_0002476,0,skin/Train/ISBI2016_ISIC_Part3B_Training_Data/ISIC_0002476.jpg,skin/Train/ISBI2016_ISIC_Part1_Training_GroundTruth/ISIC_0002476_Segmentation.png,pixel,train,ISIC_0002476,train
ISIC_0002488,0,skin/Train/ISBI2016_ISIC_Part3B_Training_Data/ISIC_0002488.jpg,skin/Train/ISBI2016_ISIC_Part1_Training_GroundTruth/ISIC_0002488_Segmentation.png,pixel,train,ISIC_0002488,train
ISIC_0002489,0,skin/Train/ISBI2016_ISIC_Part3B_Training_Data/ISIC_0002489.jpg,skin/Train/ISBI2016_ISIC_Part1_Training_GroundTruth/ISIC_0002489_Segmentation.png,pixel,train,ISIC_0002489,train
ISIC_0002616,0,skin/Train/ISBI2016_ISIC_Part3B_Training_Data/ISIC_0002616.jpg,skin/Train/ISBI2016_ISIC_Part1_Training_GroundTruth/ISIC_0002616_Segmentation.png,pixel,train,ISIC_0002616,train
ISIC_0002647,0,skin/Train/ISBI2016_ISIC_Part3B_Training_Data/ISIC_0002647.jpg,skin/Train/ISBI2016_ISIC_Part1_Training_GroundTruth/ISIC_0002647_Segmentation.png,pixel,train,ISIC_0002647,val
ISIC_0002780,0,skin/Train/ISBI2016_ISIC_Part3B_Training_Data/ISIC_0002780.jpg,skin/Train/ISBI2016_ISIC_Part1_Training_GroundTruth/ISIC_0002780_Segmentation.png,pixel,train,ISIC_0002780,train
ISIC_0002806,0,skin/Train/ISBI2016_ISIC_Part3B_Training_Data/ISIC_0002806.jpg,skin/Train/ISBI2016_ISIC_Part1_Training_GroundTruth/ISIC_0002806_Segmentation.png,pixel,train,ISIC_0002806,val
ISIC_0002836,0,skin/Train/ISBI2016_ISIC_Part3B_Training_Data/ISIC_0002836.jpg,skin/Train/ISBI2016_ISIC_Part1_Training_GroundTruth/ISIC_0002836_Segmentation.png,pixel,train,ISIC_0002836,train
ISIC_0002879,0,skin/Train/ISBI2016_ISIC_Part3B_Training_Data/ISIC_0002879.jpg,skin/Train/ISBI2016_ISIC_Part1_Training_GroundTruth/ISIC_0002879_Segmentation.png,pixel,train,ISIC_0002879,train
ISIC_0002885,0,skin/Train/ISBI2016_ISIC_Part3B_Training_Data/ISIC_0002885.jpg,skin/Train/ISBI2016_ISIC_Part1_Training_GroundTruth/ISIC_0002885_Segmentation.png,pixel,train,ISIC_0002885,train
ISIC_0002948,0,skin/Train/ISBI2016_ISIC_Part3B_Training_Data/ISIC_0002948.jpg,skin/Train/ISBI2016_ISIC_Part1_Training_GroundTruth/ISIC_0002948_Segmentation.png,pixel,train,ISIC_0002948,train
ISIC_0002975,0,skin/Train/ISBI2016_ISIC_Part3B_Training_Data/ISIC_0002975.jpg,skin/Train/ISBI2016_ISIC_Part1_Training_GroundTruth/ISIC_0002975_Segmentation.png,pixel,train,ISIC_0002975,train
ISIC_0002976,0,skin/Train/ISBI2016_ISIC_Part3B_Training_Data/ISIC_0002976.jpg,skin/Train/ISBI2016_ISIC_Part1_Training_GroundTruth/ISIC_0002976_Segmentation.png,pixel,train,ISIC_0002976,train
ISIC_0003005,0,skin/Train/ISBI2016_ISIC_Part3B_Training_Data/ISIC_0003005.jpg,skin/Train/ISBI2016_ISIC_Part1_Training_GroundTruth/ISIC_0003005_Segmentation.png,pixel,train,ISIC_0003005,train
ISIC_0003051,0,skin/Train/ISBI2016_ISIC_Part3B_Training_Data/ISIC_0003051.jpg,skin/Train/ISBI2016_ISIC_Part1_Training_GroundTruth/ISIC_0003051_Segmentation.png,pixel,train,ISIC_0003051,train
ISIC_0003174,0,skin/Train/ISBI2016_ISIC_Part3B_Training_Data/ISIC_0003174.jpg,skin/Train/ISBI2016_ISIC_Part1_Training_GroundTruth/ISIC_0003174_Segmentation.png,pixel,train,ISIC_0003174,train
ISIC_0003308,0,skin/Train/ISBI2016_ISIC_Part3B_Training_Data/ISIC_0003308.jpg,skin/Train/ISBI2016_ISIC_Part1_Training_GroundTruth/ISIC_0003308_Segmentation.png,pixel,train,ISIC_0003308,train
ISIC_0003346,0,skin/Train/ISBI2016_ISIC_Part3B_Training_Data/ISIC_0003346.jpg,skin/Train/ISBI2016_ISIC_Part1_Training_GroundTruth/ISIC_0003346_Segmentation.png,pixel,train,ISIC_0003346,train
ISIC_0004110,0,skin/Train/ISBI2016_ISIC_Part3B_Training_Data/ISIC_0004110.jpg,skin/Train/ISBI2016_ISIC_Part1_Training_GroundTruth/ISIC_0004110_Segmentation.png,pixel,train,ISIC_0004110,train
ISIC_0004166,0,skin/Train/ISBI2016_ISIC_Part3B_Training_Data/ISIC_0004166.jpg,skin/Train/ISBI2016_ISIC_Part1_Training_GroundTruth/ISIC_0004166_Segmentation.png,pixel,train,ISIC_0004166,train
ISIC_0004168,0,skin/Train/ISBI2016_ISIC_Part3B_Training_Data/ISIC_0004168.jpg,skin/Train/ISBI2016_ISIC_Part1_Training_GroundTruth/ISIC_0004168_Segmentation.png,pixel,train,ISIC_0004168,train
ISIC_0004309,0,skin/Train/ISBI2016_ISIC_Part3B_Training_Data/ISIC_0004309.jpg,skin/Train/ISBI2016_ISIC_Part1_Training_GroundTruth/ISIC_0004309_Segmentation.png,pixel,train,ISIC_0004309,val
ISIC_0004715,0,skin/Train/ISBI2016_ISIC_Part3B_Training_Data/ISIC_0004715.jpg,skin/Train/ISBI2016_ISIC_Part1_Training_GroundTruth/ISIC_0004715_Segmentation.png,pixel,train,ISIC_0004715,train
ISIC_0004985,0,skin/Train/ISBI2016_ISIC_Part3B_Training_Data/ISIC_0004985.jpg,skin/Train/ISBI2016_ISIC_Part1_Training_GroundTruth/ISIC_0004985_Segmentation.png,pixel,train,ISIC_0004985,train
ISIC_0005187,0,skin/Train/ISBI2016_ISIC_Part3B_Training_Data/ISIC_0005187.jpg,skin/Train/ISBI2016_ISIC_Part1_Training_GroundTruth/ISIC_0005187_Segmentation.png,pixel,train,ISIC_0005187,train
ISIC_0005247,0,skin/Train/ISBI2016_ISIC_Part3B_Training_Data/ISIC_0005247.jpg,skin/Train/ISBI2016_ISIC_Part1_Training_GroundTruth/ISIC_0005247_Segmentation.png,pixel,train,ISIC_0005247,train
ISIC_0005548,0,skin/Train/ISBI2016_ISIC_Part3B_Training_Data/ISIC_0005548.jpg,skin/Train/ISBI2016_ISIC_Part1_Training_GroundTruth/ISIC_0005548_Segmentation.png,pixel,train,ISIC_0005548,train
ISIC_0005555,0,skin/Train/ISBI2016_ISIC_Part3B_Training_Data/ISIC_0005555.jpg,skin/Train/ISBI2016_ISIC_Part1_Training_GroundTruth/ISIC_0005555_Segmentation.png,pixel,train,ISIC_0005555,train
ISIC_0005564,0,skin/Train/ISBI2016_ISIC_Part3B_Training_Data/ISIC_0005564.jpg,skin/Train/ISBI2016_ISIC_Part1_Training_GroundTruth/ISIC_0005564_Segmentation.png,pixel,train,ISIC_0005564,val
ISIC_0005620,0,skin/Train/ISBI2016_ISIC_Part3B_Training_Data/ISIC_0005620.jpg,skin/Train/ISBI2016_ISIC_Part1_Training_GroundTruth/ISIC_0005620_Segmentation.png,pixel,train,ISIC_0005620,train
ISIC_0005639,0,skin/Train/ISBI2016_ISIC_Part3B_Training_Data/ISIC_0005639.jpg,skin/Train/ISBI2016_ISIC_Part1_Training_GroundTruth/ISIC_0005639_Segmentation.png,pixel,train,ISIC_0005639,val
ISIC_0005666,0,skin/Train/ISBI2016_ISIC_Part3B_Training_Data/ISIC_0005666.jpg,skin/Train/ISBI2016_ISIC_Part1_Training_GroundTruth/ISIC_0005666_Segmentation.png,pixel,train,ISIC_0005666,train
ISIC_0005787,0,skin/Train/ISBI2016_ISIC_Part3B_Training_Data/ISIC_0005787.jpg,skin/Train/ISBI2016_ISIC_Part1_Training_GroundTruth/ISIC_0005787_Segmentation.png,pixel,train,ISIC_0005787,train
ISIC_0006021,0,skin/Train/ISBI2016_ISIC_Part3B_Training_Data/ISIC_0006021.jpg,skin/Train/ISBI2016_ISIC_Part1_Training_GroundTruth/ISIC_0006021_Segmentation.png,pixel,train,ISIC_0006021,train
ISIC_0006114,0,skin/Train/ISBI2016_ISIC_Part3B_Training_Data/ISIC_0006114.jpg,skin/Train/ISBI2016_ISIC_Part1_Training_GroundTruth/ISIC_0006114_Segmentation.png,pixel,train,ISIC_0006114,val
ISIC_0006326,0,skin/Train/ISBI2016_ISIC_Part3B_Training_Data/ISIC_0006326.jpg,skin/Train/ISBI2016_ISIC_Part1_Training_GroundTruth/ISIC_0006326_Segmentation.png,pixel,train,ISIC_0006326,train
ISIC_0006350,0,skin/Train/ISBI2016_ISIC_Part3B_Training_Data/ISIC_0006350.jpg,skin/Train/ISBI2016_ISIC_Part1_Training_GroundTruth/ISIC_0006350_Segmentation.png,pixel,train,ISIC_0006350,val
ISIC_0006612,0,skin/Train/ISBI2016_ISIC_Part3B_Training_Data/ISIC_0006612.jpg,skin/Train/ISBI2016_ISIC_Part1_Training_GroundTruth/ISIC_0006612_Segmentation.png,pixel,train,ISIC_0006612,train
ISIC_0006776,0,skin/Train/ISBI2016_ISIC_Part3B_Training_Data/ISIC_0006776.jpg,skin/Train/ISBI2016_ISIC_Part1_Training_GroundTruth/ISIC_0006776_Segmentation.png,pixel,train,ISIC_0006776,train
ISIC_0006795,0,skin/Train/ISBI2016_ISIC_Part3B_Training_Data/ISIC_0006795.jpg,skin/Train/ISBI2016_ISIC_Part1_Training_GroundTruth/ISIC_0006795_Segmentation.png,pixel,train,ISIC_0006795,train
ISIC_0006800,0,skin/Train/ISBI2016_ISIC_Part3B_Training_Data/ISIC_0006800.jpg,skin/Train/ISBI2016_ISIC_Part1_Training_GroundTruth/ISIC_0006800_Segmentation.png,pixel,train,ISIC_0006800,train
ISIC_0006940,0,skin/Train/ISBI2016_ISIC_Part3B_Training_Data/ISIC_0006940.jpg,skin/Train/ISBI2016_ISIC_Part1_Training_GroundTruth/ISIC_0006940_Segmentation.png,pixel,train,ISIC_0006940,train
ISIC_0006982,0,skin/Train/ISBI2016_ISIC_Part3B_Training_Data/ISIC_0006982.jpg,skin/Train/ISBI2016_ISIC_Part1_Training_GroundTruth/ISIC_0006982_Segmentation.png,pixel,train,ISIC_0006982,train
ISIC_0007038,0,skin/Train/ISBI2016_ISIC_Part3B_Training_Data/ISIC_0007038.jpg,skin/Train/ISBI2016_ISIC_Part1_Training_GroundTruth/ISIC_0007038_Segmentation.png,pixel,train,ISIC_0007038,train
ISIC_0007087,0,skin/Train/ISBI2016_ISIC_Part3B_Training_Data/ISIC_0007087.jpg,skin/Train/ISBI2016_ISIC_Part1_Training_GroundTruth/ISIC_0007087_Segmentation.png,pixel,train,ISIC_0007087,train
ISIC_0007475,0,skin/Train/ISBI2016_ISIC_Part3B_Training_Data/ISIC_0007475.jpg,skin/Train/ISBI2016_ISIC_Part1_Training_GroundTruth/ISIC_0007475_Segmentation.png,pixel,train,ISIC_0007475,train
ISIC_0007557,0,skin/Train/ISBI2016_ISIC_Part3B_Training_Data/ISIC_0007557.jpg,skin/Train/ISBI2016_ISIC_Part1_Training_GroundTruth/ISIC_0007557_Segmentation.png,pixel,train,ISIC_0007557,train
ISIC_0007760,0,skin/Train/ISBI2016_ISIC_Part3B_Training_Data/ISIC_0007760.jpg,skin/Train/ISBI2016_ISIC_Part1_Training_GroundTruth/ISIC_0007760_Segmentation.png,pixel,train,ISIC_0007760,train
ISIC_0007788,0,skin/Train/ISBI2016_ISIC_Part3B_Training_Data/ISIC_0007788.jpg,skin/Train/ISBI2016_ISIC_Part1_Training_GroundTruth/ISIC_0007788_Segmentation.png,pixel,train,ISIC_0007788,train
ISIC_0008029,0,skin/Train/ISBI2016_ISIC_Part3B_Training_Data/ISIC_0008029.jpg,skin/Train/ISBI2016_ISIC_Part1_Training_GroundTruth/ISIC_0008029_Segmentation.png,pixel,train,ISIC_0008029,train
ISIC_0008145,0,skin/Train/ISBI2016_ISIC_Part3B_Training_Data/ISIC_0008145.jpg,skin/Train/ISBI2016_ISIC_Part1_Training_GroundTruth/ISIC_0008145_Segmentation.png,pixel,train,ISIC_0008145,train
ISIC_0008236,0,skin/Train/ISBI2016_ISIC_Part3B_Training_Data/ISIC_0008236.jpg,skin/Train/ISBI2016_ISIC_Part1_Training_GroundTruth/ISIC_0008236_Segmentation.png,pixel,train,ISIC_0008236,train
ISIC_0008256,0,skin/Train/ISBI2016_ISIC_Part3B_Training_Data/ISIC_0008256.jpg,skin/Train/ISBI2016_ISIC_Part1_Training_GroundTruth/ISIC_0008256_Segmentation.png,pixel,train,ISIC_0008256,train
ISIC_0008280,0,skin/Train/ISBI2016_ISIC_Part3B_Training_Data/ISIC_0008280.jpg,skin/Train/ISBI2016_ISIC_Part1_Training_GroundTruth/ISIC_0008280_Segmentation.png,pixel,train,ISIC_0008280,train
ISIC_0008294,0,skin/Train/ISBI2016_ISIC_Part3B_Training_Data/ISIC_0008294.jpg,skin/Train/ISBI2016_ISIC_Part1_Training_GroundTruth/ISIC_0008294_Segmentation.png,pixel,train,ISIC_0008294,train
ISIC_0008347,0,skin/Train/ISBI2016_ISIC_Part3B_Training_Data/ISIC_0008347.jpg,skin/Train/ISBI2016_ISIC_Part1_Training_GroundTruth/ISIC_0008347_Segmentation.png,pixel,train,ISIC_0008347,train
ISIC_0008396,0,skin/Train/ISBI2016_ISIC_Part3B_Training_Data/ISIC_0008396.jpg,skin/Train/ISBI2016_ISIC_Part1_Training_GroundTruth/ISIC_0008396_Segmentation.png,pixel,train,ISIC_0008396,train
ISIC_0008403,0,skin/Train/ISBI2016_ISIC_Part3B_Training_Data/ISIC_0008403.jpg,skin/Train/ISBI2016_ISIC_Part1_Training_GroundTruth/ISIC_0008403_Segmentation.png,pixel,train,ISIC_0008403,val
ISIC_0008524,0,skin/Train/ISBI2016_ISIC_Part3B_Training_Data/ISIC_0008524.jpg,skin/Train/ISBI2016_ISIC_Part1_Training_GroundTruth/ISIC_0008524_Segmentation.png,pixel,train,ISIC_0008524,train
ISIC_0008528,0,skin/Train/ISBI2016_ISIC_Part3B_Training_Data/ISIC_0008528.jpg,skin/Train/ISBI2016_ISIC_Part1_Training_GroundTruth/ISIC_0008528_Segmentation.png,pixel,train,ISIC_0008528,train
ISIC_0008541,0,skin/Train/ISBI2016_ISIC_Part3B_Training_Data/ISIC_0008541.jpg,skin/Train/ISBI2016_ISIC_Part1_Training_GroundTruth/ISIC_0008541_Segmentation.png,pixel,train,ISIC_0008541,train
ISIC_0008552,0,skin/Train/ISBI2016_ISIC_Part3B_Training_Data/ISIC_0008552.jpg,skin/Train/ISBI2016_ISIC_Part1_Training_GroundTruth/ISIC_0008552_Segmentation.png,pixel,train,ISIC_0008552,train
ISIC_0008785,0,skin/Train/ISBI2016_ISIC_Part3B_Training_Data/ISIC_0008785.jpg,skin/Train/ISBI2016_ISIC_Part1_Training_GroundTruth/ISIC_0008785_Segmentation.png,pixel,train,ISIC_0008785,train
ISIC_0008807,0,skin/Train/ISBI2016_ISIC_Part3B_Training_Data/ISIC_0008807.jpg,skin/Train/ISBI2016_ISIC_Part1_Training_GroundTruth/ISIC_0008807_Segmentation.png,pixel,train,ISIC_0008807,val
ISIC_0008879,0,skin/Train/ISBI2016_ISIC_Part3B_Training_Data/ISIC_0008879.jpg,skin/Train/ISBI2016_ISIC_Part1_Training_GroundTruth/ISIC_0008879_Segmentation.png,pixel,train,ISIC_0008879,train
ISIC_0008913,0,skin/Train/ISBI2016_ISIC_Part3B_Training_Data/ISIC_0008913.jpg,skin/Train/ISBI2016_ISIC_Part1_Training_GroundTruth/ISIC_0008913_Segmentation.png,pixel,train,ISIC_0008913,train
ISIC_0008993,0,skin/Train/ISBI2016_ISIC_Part3B_Training_Data/ISIC_0008993.jpg,skin/Train/ISBI2016_ISIC_Part1_Training_GroundTruth/ISIC_0008993_Segmentation.png,pixel,train,ISIC_0008993,train
ISIC_0009160,0,skin/Train/ISBI2016_ISIC_Part3B_Training_Data/ISIC_0009160.jpg,skin/Train/ISBI2016_ISIC_Part1_Training_GroundTruth/ISIC_0009160_Segmentation.png,pixel,train,ISIC_0009160,train
ISIC_0009165,0,skin/Train/ISBI2016_ISIC_Part3B_Training_Data/ISIC_0009165.jpg,skin/Train/ISBI2016_ISIC_Part1_Training_GroundTruth/ISIC_0009165_Segmentation.png,pixel,train,ISIC_0009165,train
ISIC_0009188,0,skin/Train/ISBI2016_ISIC_Part3B_Training_Data/ISIC_0009188.jpg,skin/Train/ISBI2016_ISIC_Part1_Training_GroundTruth/ISIC_0009188_Segmentation.png,pixel,train,ISIC_0009188,val
ISIC_0009252,0,skin/Train/ISBI2016_ISIC_Part3B_Training_Data/ISIC_0009252.jpg,skin/Train/ISBI2016_ISIC_Part1_Training_GroundTruth/ISIC_0009252_Segmentation.png,pixel,train,ISIC_0009252,val
ISIC_0009297,0,skin/Train/ISBI2016_ISIC_Part3B_Training_Data/ISIC_0009297.jpg,skin/Train/ISBI2016_ISIC_Part1_Training_GroundTruth/ISIC_0009297_Segmentation.png,pixel,train,ISIC_0009297,train
ISIC_0009344,0,skin/Train/ISBI2016_ISIC_Part3B_Training_Data/ISIC_0009344.jpg,skin/Train/ISBI2016_ISIC_Part1_Training_GroundTruth/ISIC_0009344_Segmentation.png,pixel,train,ISIC_0009344,train
ISIC_0009430,0,skin/Train/ISBI2016_ISIC_Part3B_Training_Data/ISIC_0009430.jpg,skin/Train/ISBI2016_ISIC_Part1_Training_GroundTruth/ISIC_0009430_Segmentation.png,pixel,train,ISIC_0009430,train
ISIC_0009504,0,skin/Train/ISBI2016_ISIC_Part3B_Training_Data/ISIC_0009504.jpg,skin/Train/ISBI2016_ISIC_Part1_Training_GroundTruth/ISIC_0009504_Segmentation.png,pixel,train,ISIC_0009504,train
ISIC_0009505,0,skin/Train/ISBI2016_ISIC_Part3B_Training_Data/ISIC_0009505.jpg,skin/Train/ISBI2016_ISIC_Part1_Training_GroundTruth/ISIC_0009505_Segmentation.png,pixel,train,ISIC_0009505,train
ISIC_0009533,0,skin/Train/ISBI2016_ISIC_Part3B_Training_Data/ISIC_0009533.jpg,skin/Train/ISBI2016_ISIC_Part1_Training_GroundTruth/ISIC_0009533_Segmentation.png,pixel,train,ISIC_0009533,val
ISIC_0009583,0,skin/Train/ISBI2016_ISIC_Part3B_Training_Data/ISIC_0009583.jpg,skin/Train/ISBI2016_ISIC_Part1_Training_GroundTruth/ISIC_0009583_Segmentation.png,pixel,train,ISIC_0009583,train
ISIC_0009599,0,skin/Train/ISBI2016_ISIC_Part3B_Training_Data/ISIC_0009599.jpg,skin/Train/ISBI2016_ISIC_Part1_Training_GroundTruth/ISIC_0009599_Segmentation.png,pixel,train,ISIC_0009599,val
ISIC_0009758,0,skin/Train/ISBI2016_ISIC_Part3B_Training_Data/ISIC_0009758.jpg,skin/Train/ISBI2016_ISIC_Part1_Training_GroundTruth/ISIC_0009758_Segmentation.png,pixel,train,ISIC_0009758,train
ISIC_0009800,0,skin/Train/ISBI2016_ISIC_Part3B_Training_Data/ISIC_0009800.jpg,skin/Train/ISBI2016_ISIC_Part1_Training_GroundTruth/ISIC_0009800_Segmentation.png,pixel,train,ISIC_0009800,val
ISIC_0009860,0,skin/Train/ISBI2016_ISIC_Part3B_Training_Data/ISIC_0009860.jpg,skin/Train/ISBI2016_ISIC_Part1_Training_GroundTruth/ISIC_0009860_Segmentation.png,pixel,train,ISIC_0009860,train
ISIC_0009868,1,skin/Train/ISBI2016_ISIC_Part3B_Training_Data/ISIC_0009868.jpg,skin/Train/ISBI2016_ISIC_Part1_Training_GroundTruth/ISIC_0009868_Segmentation.png,pixel,train,ISIC_0009868,val
ISIC_0009870,0,skin/Train/ISBI2016_ISIC_Part3B_Training_Data/ISIC_0009870.jpg,skin/Train/ISBI2016_ISIC_Part1_Training_GroundTruth/ISIC_0009870_Segmentation.png,pixel,train,ISIC_0009870,val
ISIC_0009871,0,skin/Train/ISBI2016_ISIC_Part3B_Training_Data/ISIC_0009871.jpg,skin/Train/ISBI2016_ISIC_Part1_Training_GroundTruth/ISIC_0009871_Segmentation.png,pixel,train,ISIC_0009871,val
ISIC_0009873,0,skin/Train/ISBI2016_ISIC_Part3B_Training_Data/ISIC_0009873.jpg,skin/Train/ISBI2016_ISIC_Part1_Training_GroundTruth/ISIC_0009873_Segmentation.png,pixel,train,ISIC_0009873,train
ISIC_0009875,0,skin/Train/ISBI2016_ISIC_Part3B_Training_Data/ISIC_0009875.jpg,skin/Train/ISBI2016_ISIC_Part1_Training_GroundTruth/ISIC_0009875_Segmentation.png,pixel,train,ISIC_0009875,train
ISIC_0009877,0,skin/Train/ISBI2016_ISIC_Part3B_Training_Data/ISIC_0009877.jpg,skin/Train/ISBI2016_ISIC_Part1_Training_GroundTruth/ISIC_0009877_Segmentation.png,pixel,train,ISIC_0009877,train
ISIC_0009883,0,skin/Train/ISBI2016_ISIC_Part3B_Training_Data/ISIC_0009883.jpg,skin/Train/ISBI2016_ISIC_Part1_Training_GroundTruth/ISIC_0009883_Segmentation.png,pixel,train,ISIC_0009883,train
ISIC_0009884,0,skin/Train/ISBI2016_ISIC_Part3B_Training_Data/ISIC_0009884.jpg,skin/Train/ISBI2016_ISIC_Part1_Training_GroundTruth/ISIC_0009884_Segmentation.png,pixel,train,ISIC_0009884,val
ISIC_0009888,0,skin/Train/ISBI2016_ISIC_Part3B_Training_Data/ISIC_0009888.jpg,skin/Train/ISBI2016_ISIC_Part1_Training_GroundTruth/ISIC_0009888_Segmentation.png,pixel,train,ISIC_0009888,train
ISIC_0009893,0,skin/Train/ISBI2016_ISIC_Part3B_Training_Data/ISIC_0009893.jpg,skin/Train/ISBI2016_ISIC_Part1_Training_GroundTruth/ISIC_0009893_Segmentation.png,pixel,train,ISIC_0009893,train
ISIC_0009895,0,skin/Train/ISBI2016_ISIC_Part3B_Training_Data/ISIC_0009895.jpg,skin/Train/ISBI2016_ISIC_Part1_Training_GroundTruth/ISIC_0009895_Segmentation.png,pixel,train,ISIC_0009895,train
ISIC_0009896,0,skin/Train/ISBI2016_ISIC_Part3B_Training_Data/ISIC_0009896.jpg,skin/Train/ISBI2016_ISIC_Part1_Training_GroundTruth/ISIC_0009896_Segmentation.png,pixel,train,ISIC_0009896,val
ISIC_0009897,1,skin/Train/ISBI2016_ISIC_Part3B_Training_Data/ISIC_0009897.jpg,skin/Train/ISBI2016_ISIC_Part1_Training_GroundTruth/ISIC_0009897_Segmentation.png,pixel,train,ISIC_0009897,train
ISIC_0009899,0,skin/Train/ISBI2016_ISIC_Part3B_Training_Data/ISIC_0009899.jpg,skin/Train/ISBI2016_ISIC_Part1_Training_GroundTruth/ISIC_0009899_Segmentation.png,pixel,train,ISIC_0009899,train
ISIC_0009900,0,skin/Train/ISBI2016_ISIC_Part3B_Training_Data/ISIC_0009900.jpg,skin/Train/ISBI2016_ISIC_Part1_Training_GroundTruth/ISIC_0009900_Segmentation.png,pixel,train,ISIC_0009900,train
ISIC_0009904,0,skin/Train/ISBI2016_ISIC_Part3B_Training_Data/ISIC_0009904.jpg,skin/Train/ISBI2016_ISIC_Part1_Training_GroundTruth/ISIC_0009904_Segmentation.png,pixel,train,ISIC_0009904,train
ISIC_0009905,1,skin/Train/ISBI2016_ISIC_Part3B_Training_Data/ISIC_0009905.jpg,skin/Train/ISBI2016_ISIC_Part1_Training_GroundTruth/ISIC_0009905_Segmentation.png,pixel,train,ISIC_0009905,train
ISIC_0009909,0,skin/Train/ISBI2016_ISIC_Part3B_Training_Data/ISIC_0009909.jpg,skin/Train/ISBI2016_ISIC_Part1_Training_GroundTruth/ISIC_0009909_Segmentation.png,pixel,train,ISIC_0009909,train
ISIC_0009910,1,skin/Train/ISBI2016_ISIC_Part3B_Training_Data/ISIC_0009910.jpg,skin/Train/ISBI2016_ISIC_Part1_Training_GroundTruth/ISIC_0009910_Segmentation.png,pixel,train,ISIC_0009910,val
ISIC_0009911,0,skin/Train/ISBI2016_ISIC_Part3B_Training_Data/ISIC_0009911.jpg,skin/Train/ISBI2016_ISIC_Part1_Training_GroundTruth/ISIC_0009911_Segmentation.png,pixel,train,ISIC_0009911,val
ISIC_0009912,0,skin/Train/ISBI2016_ISIC_Part3B_Training_Data/ISIC_0009912.jpg,skin/Train/ISBI2016_ISIC_Part1_Training_GroundTruth/ISIC_0009912_Segmentation.png,pixel,train,ISIC_0009912,train
ISIC_0009914,0,skin/Train/ISBI2016_ISIC_Part3B_Training_Data/ISIC_0009914.jpg,skin/Train/ISBI2016_ISIC_Part1_Training_GroundTruth/ISIC_0009914_Segmentation.png,pixel,train,ISIC_0009914,train
ISIC_0009915,0,skin/Train/ISBI2016_ISIC_Part3B_Training_Data/ISIC_0009915.jpg,skin/Train/ISBI2016_ISIC_Part1_Training_GroundTruth/ISIC_0009915_Segmentation.png,pixel,train,ISIC_0009915,train
ISIC_0009917,0,skin/Train/ISBI2016_ISIC_Part3B_Training_Data/ISIC_0009917.jpg,skin/Train/ISBI2016_ISIC_Part1_Training_GroundTruth/ISIC_0009917_Segmentation.png,pixel,train,ISIC_0009917,train
ISIC_0009919,0,skin/Train/ISBI2016_ISIC_Part3B_Training_Data/ISIC_0009919.jpg,skin/Train/ISBI2016_ISIC_Part1_Training_GroundTruth/ISIC_0009919_Segmentation.png,pixel,train,ISIC_0009919,train
ISIC_0009921,0,skin/Train/ISBI2016_ISIC_Part3B_Training_Data/ISIC_0009921.jpg,skin/Train/ISBI2016_ISIC_Part1_Training_GroundTruth/ISIC_0009921_Segmentation.png,pixel,train,ISIC_0009921,train
ISIC_0009925,0,skin/Train/ISBI2016_ISIC_Part3B_Training_Data/ISIC_0009925.jpg,skin/Train/ISBI2016_ISIC_Part1_Training_GroundTruth/ISIC_0009925_Segmentation.png,pixel,train,ISIC_0009925,val
ISIC_0009929,0,skin/Train/ISBI2016_ISIC_Part3B_Training_Data/ISIC_0009929.jpg,skin/Train/ISBI2016_ISIC_Part1_Training_GroundTruth/ISIC_0009929_Segmentation.png,pixel,train,ISIC_0009929,train
ISIC_0009932,0,skin/Train/ISBI2016_ISIC_Part3B_Training_Data/ISIC_0009932.jpg,skin/Train/ISBI2016_ISIC_Part1_Training_GroundTruth/ISIC_0009932_Segmentation.png,pixel,train,ISIC_0009932,train
ISIC_0009933,0,skin/Train/ISBI2016_ISIC_Part3B_Training_Data/ISIC_0009933.jpg,skin/Train/ISBI2016_ISIC_Part1_Training_GroundTruth/ISIC_0009933_Segmentation.png,pixel,train,ISIC_0009933,train
ISIC_0009934,1,skin/Train/ISBI2016_ISIC_Part3B_Training_Data/ISIC_0009934.jpg,skin/Train/ISBI2016_ISIC_Part1_Training_GroundTruth/ISIC_0009934_Segmentation.png,pixel,train,ISIC_0009934,train
ISIC_0009935,0,skin/Train/ISBI2016_ISIC_Part3B_Training_Data/ISIC_0009935.jpg,skin/Train/ISBI2016_ISIC_Part1_Training_GroundTruth/ISIC_0009935_Segmentation.png,pixel,train,ISIC_0009935,train
ISIC_0009936,0,skin/Train/ISBI2016_ISIC_Part3B_Training_Data/ISIC_0009936.jpg,skin/Train/ISBI2016_ISIC_Part1_Training_GroundTruth/ISIC_0009936_Segmentation.png,pixel,train,ISIC_0009936,val
ISIC_0009937,0,skin/Train/ISBI2016_ISIC_Part3B_Training_Data/ISIC_0009937.jpg,skin/Train/ISBI2016_ISIC_Part1_Training_GroundTruth/ISIC_0009937_Segmentation.png,pixel,train,ISIC_0009937,train
ISIC_0009938,0,skin/Train/ISBI2016_ISIC_Part3B_Training_Data/ISIC_0009938.jpg,skin/Train/ISBI2016_ISIC_Part1_Training_GroundTruth/ISIC_0009938_Segmentation.png,pixel,train,ISIC_0009938,train
ISIC_0009939,0,skin/Train/ISBI2016_ISIC_Part3B_Training_Data/ISIC_0009939.jpg,skin/Train/ISBI2016_ISIC_Part1_Training_GroundTruth/ISIC_0009939_Segmentation.png,pixel,train,ISIC_0009939,train
ISIC_0009940,0,skin/Train/ISBI2016_ISIC_Part3B_Training_Data/ISIC_0009940.jpg,skin/Train/ISBI2016_ISIC_Part1_Training_GroundTruth/ISIC_0009940_Segmentation.png,pixel,train,ISIC_0009940,train
ISIC_0009941,0,skin/Train/ISBI2016_ISIC_Part3B_Training_Data/ISIC_0009941.jpg,skin/Train/ISBI2016_ISIC_Part1_Training_GroundTruth/ISIC_0009941_Segmentation.png,pixel,train,ISIC_0009941,train
ISIC_0009942,0,skin/Train/ISBI2016_ISIC_Part3B_Training_Data/ISIC_0009942.jpg,skin/Train/ISBI2016_ISIC_Part1_Training_GroundTruth/ISIC_0009942_Segmentation.png,pixel,train,ISIC_0009942,train
ISIC_0009944,0,skin/Train/ISBI2016_ISIC_Part3B_Training_Data/ISIC_0009944.jpg,skin/Train/ISBI2016_ISIC_Part1_Training_GroundTruth/ISIC_0009944_Segmentation.png,pixel,train,ISIC_0009944,train
ISIC_0009947,0,skin/Train/ISBI2016_ISIC_Part3B_Training_Data/ISIC_0009947.jpg,skin/Train/ISBI2016_ISIC_Part1_Training_GroundTruth/ISIC_0009947_Segmentation.png,pixel,train,ISIC_0009947,train
ISIC_0009949,0,skin/Train/ISBI2016_ISIC_Part3B_Training_Data/ISIC_0009949.jpg,skin/Train/ISBI2016_ISIC_Part1_Training_GroundTruth/ISIC_0009949_Segmentation.png,pixel,train,ISIC_0009949,val
ISIC_0009950,1,skin/Train/ISBI2016_ISIC_Part3B_Training_Data/ISIC_0009950.jpg,skin/Train/ISBI2016_ISIC_Part1_Training_GroundTruth/ISIC_0009950_Segmentation.png,pixel,train,ISIC_0009950,train
ISIC_0009951,0,skin/Train/ISBI2016_ISIC_Part3B_Training_Data/ISIC_0009951.jpg,skin/Train/ISBI2016_ISIC_Part1_Training_GroundTruth/ISIC_0009951_Segmentation.png,pixel,train,ISIC_0009951,train
ISIC_0009953,0,skin/Train/ISBI2016_ISIC_Part3B_Training_Data/ISIC_0009953.jpg,skin/Train/ISBI2016_ISIC_Part1_Training_GroundTruth/ISIC_0009953_Segmentation.png,pixel,train,ISIC_0009953,train
ISIC_0009960,1,skin/Train/ISBI2016_ISIC_Part3B_Training_Data/ISIC_0009960.jpg,skin/Train/ISBI2016_ISIC_Part1_Training_GroundTruth/ISIC_0009960_Segmentation.png,pixel,train,ISIC_0009960,train
ISIC_0009961,0,skin/Train/ISBI2016_ISIC_Part3B_Training_Data/ISIC_0009961.jpg,skin/Train/ISBI2016_ISIC_Part1_Training_GroundTruth/ISIC_0009961_Segmentation.png,pixel,train,ISIC_0009961,train
ISIC_0009962,0,skin/Train/ISBI2016_ISIC_Part3B_Training_Data/ISIC_0009962.jpg,skin/Train/ISBI2016_ISIC_Part1_Training_GroundTruth/ISIC_0009962_Segmentation.png,pixel,train,ISIC_0009962,train
ISIC_0009963,0,skin/Train/ISBI2016_ISIC_Part3B_Training_Data/ISIC_0009963.jpg,skin/Train/ISBI2016_ISIC_Part1_Training_GroundTruth/ISIC_0009963_Segmentation.png,pixel,train,ISIC_0009963,train
ISIC_0009964,0,skin/Train/ISBI2016_ISIC_Part3B_Training_Data/ISIC_0009964.jpg,skin/Train/ISBI2016_ISIC_Part1_Training_GroundTruth/ISIC_0009964_Segmentation.png,pixel,train,ISIC_0009964,train
ISIC_0009966,0,skin/Train/ISBI2016_ISIC_Part3B_Training_Data/ISIC_0009966.jpg,skin/Train/ISBI2016_ISIC_Part1_Training_GroundTruth/ISIC_0009966_Segmentation.png,pixel,train,ISIC_0009966,train
ISIC_0009967,0,skin/Train/ISBI2016_ISIC_Part3B_Training_Data/ISIC_0009967.jpg,skin/Train/ISBI2016_ISIC_Part1_Training_GroundTruth/ISIC_0009967_Segmentation.png,pixel,train,ISIC_0009967,val
ISIC_0009968,0,skin/Train/ISBI2016_ISIC_Part3B_Training_Data/ISIC_0009968.jpg,skin/Train/ISBI2016_ISIC_Part1_Training_GroundTruth/ISIC_0009968_Segmentation.png,pixel,train,ISIC_0009968,train
ISIC_0009969,0,skin/Train/ISBI2016_ISIC_Part3B_Training_Data/ISIC_0009969.jpg,skin/Train/ISBI2016_ISIC_Part1_Training_GroundTruth/ISIC_0009969_Segmentation.png,pixel,train,ISIC_0009969,train
ISIC_0009971,1,skin/Train/ISBI2016_ISIC_Part3B_Training_Data/ISIC_0009971.jpg,skin/Train/ISBI2016_ISIC_Part1_Training_GroundTruth/ISIC_0009971_Segmentation.png,pixel,train,ISIC_0009971,train
ISIC_0009972,0,skin/Train/ISBI2016_ISIC_Part3B_Training_Data/ISIC_0009972.jpg,skin/Train/ISBI2016_ISIC_Part1_Training_GroundTruth/ISIC_0009972_Segmentation.png,pixel,train,ISIC_0009972,train
ISIC_0009973,0,skin/Train/ISBI2016_ISIC_Part3B_Training_Data/ISIC_0009973.jpg,skin/Train/ISBI2016_ISIC_Part1_Training_GroundTruth/ISIC_0009973_Segmentation.png,pixel,train,ISIC_0009973,train
ISIC_0009974,0,skin/Train/ISBI2016_ISIC_Part3B_Training_Data/ISIC_0009974.jpg,skin/Train/ISBI2016_ISIC_Part1_Training_GroundTruth/ISIC_0009974_Segmentation.png,pixel,train,ISIC_0009974,train
ISIC_0009975,0,skin/Train/ISBI2016_ISIC_Part3B_Training_Data/ISIC_0009975.jpg,skin/Train/ISBI2016_ISIC_Part1_Training_GroundTruth/ISIC_0009975_Segmentation.png,pixel,train,ISIC_0009975,train
ISIC_0009976,0,skin/Train/ISBI2016_ISIC_Part3B_Training_Data/ISIC_0009976.jpg,skin/Train/ISBI2016_ISIC_Part1_Training_GroundTruth/ISIC_0009976_Segmentation.png,pixel,train,ISIC_0009976,train
ISIC_0009978,0,skin/Train/ISBI2016_ISIC_Part3B_Training_Data/ISIC_0009978.jpg,skin/Train/ISBI2016_ISIC_Part1_Training_GroundTruth/ISIC_0009978_Segmentation.png,pixel,train,ISIC_0009978,train
ISIC_0009979,0,skin/Train/ISBI2016_ISIC_Part3B_Training_Data/ISIC_0009979.jpg,skin/Train/ISBI2016_ISIC_Part1_Training_GroundTruth/ISIC_0009979_Segmentation.png,pixel,train,ISIC_0009979,train
ISIC_0009981,0,skin/Train/ISBI2016_ISIC_Part3B_Training_Data/ISIC_0009981.jpg,skin/Train/ISBI2016_ISIC_Part1_Training_GroundTruth/ISIC_0009981_Segmentation.png,pixel,train,ISIC_0009981,train
ISIC_0009983,0,skin/Train/ISBI2016_ISIC_Part3B_Training_Data/ISIC_0009983.jpg,skin/Train/ISBI2016_ISIC_Part1_Training_GroundTruth/ISIC_0009983_Segmentation.png,pixel,train,ISIC_0009983,train
ISIC_0009986,0,skin/Train/ISBI2016_ISIC_Part3B_Training_Data/ISIC_0009986.jpg,skin/Train/ISBI2016_ISIC_Part1_Training_GroundTruth/ISIC_0009986_Segmentation.png,pixel,train,ISIC_0009986,train
ISIC_0009987,0,skin/Train/ISBI2016_ISIC_Part3B_Training_Data/ISIC_0009987.jpg,skin/Train/ISBI2016_ISIC_Part1_Training_GroundTruth/ISIC_0009987_Segmentation.png,pixel,train,ISIC_0009987,train
ISIC_0009991,0,skin/Train/ISBI2016_ISIC_Part3B_Training_Data/ISIC_0009991.jpg,skin/Train/ISBI2016_ISIC_Part1_Training_GroundTruth/ISIC_0009991_Segmentation.png,pixel,train,ISIC_0009991,train
ISIC_0009995,0,skin/Train/ISBI2016_ISIC_Part3B_Training_Data/ISIC_0009995.jpg,skin/Train/ISBI2016_ISIC_Part1_Training_GroundTruth/ISIC_0009995_Segmentation.png,pixel,train,ISIC_0009995,train
ISIC_0010000,1,skin/Train/ISBI2016_ISIC_Part3B_Training_Data/ISIC_0010000.jpg,skin/Train/ISBI2016_ISIC_Part1_Training_GroundTruth/ISIC_0010000_Segmentation.png,pixel,train,ISIC_0010000,val
ISIC_0010001,1,skin/Train/ISBI2016_ISIC_Part3B_Training_Data/ISIC_0010001.jpg,skin/Train/ISBI2016_ISIC_Part1_Training_GroundTruth/ISIC_0010001_Segmentation.png,pixel,train,ISIC_0010001,train
ISIC_0010002,0,skin/Train/ISBI2016_ISIC_Part3B_Training_Data/ISIC_0010002.jpg,skin/Train/ISBI2016_ISIC_Part1_Training_GroundTruth/ISIC_0010002_Segmentation.png,pixel,train,ISIC_0010002,train
ISIC_0010003,0,skin/Train/ISBI2016_ISIC_Part3B_Training_Data/ISIC_0010003.jpg,skin/Train/ISBI2016_ISIC_Part1_Training_GroundTruth/ISIC_0010003_Segmentation.png,pixel,train,ISIC_0010003,train
ISIC_0010005,0,skin/Train/ISBI2016_ISIC_Part3B_Training_Data/ISIC_0010005.jpg,skin/Train/ISBI2016_ISIC_Part1_Training_GroundTruth/ISIC_0010005_Segmentation.png,pixel,train,ISIC_0010005,train
ISIC_0010006,0,skin/Train/ISBI2016_ISIC_Part3B_Training_Data/ISIC_0010006.jpg,skin/Train/ISBI2016_ISIC_Part1_Training_GroundTruth/ISIC_0010006_Segmentation.png,pixel,train,ISIC_0010006,val
ISIC_0010010,0,skin/Train/ISBI2016_ISIC_Part3B_Training_Data/ISIC_0010010.jpg,skin/Train/ISBI2016_ISIC_Part1_Training_GroundTruth/ISIC_0010010_Segmentation.png,pixel,train,ISIC_0010010,val
ISIC_0010014,0,skin/Train/ISBI2016_ISIC_Part3B_Training_Data/ISIC_0010014.jpg,skin/Train/ISBI2016_ISIC_Part1_Training_GroundTruth/ISIC_0010014_Segmentation.png,pixel,train,ISIC_0010014,train
ISIC_0010015,0,skin/Train/ISBI2016_ISIC_Part3B_Training_Data/ISIC_0010015.jpg,skin/Train/ISBI2016_ISIC_Part1_Training_GroundTruth/ISIC_0010015_Segmentation.png,pixel,train,ISIC_0010015,train
ISIC_0010017,0,skin/Train/ISBI2016_ISIC_Part3B_Training_Data/ISIC_0010017.jpg,skin/Train/ISBI2016_ISIC_Part1_Training_GroundTruth/ISIC_0010017_Segmentation.png,pixel,train,ISIC_0010017,val
ISIC_0010019,0,skin/Train/ISBI2016_ISIC_Part3B_Training_Data/ISIC_0010019.jpg,skin/Train/ISBI2016_ISIC_Part1_Training_GroundTruth/ISIC_0010019_Segmentation.png,pixel,train,ISIC_0010019,val
ISIC_0010021,0,skin/Train/ISBI2016_ISIC_Part3B_Training_Data/ISIC_0010021.jpg,skin/Train/ISBI2016_ISIC_Part1_Training_GroundTruth/ISIC_0010021_Segmentation.png,pixel,train,ISIC_0010021,val
ISIC_0010022,0,skin/Train/ISBI2016_ISIC_Part3B_Training_Data/ISIC_0010022.jpg,skin/Train/ISBI2016_ISIC_Part1_Training_GroundTruth/ISIC_0010022_Segmentation.png,pixel,train,ISIC_0010022,val
ISIC_0010024,1,skin/Train/ISBI2016_ISIC_Part3B_Training_Data/ISIC_0010024.jpg,skin/Train/ISBI2016_ISIC_Part1_Training_GroundTruth/ISIC_0010024_Segmentation.png,pixel,train,ISIC_0010024,train
ISIC_0010025,0,skin/Train/ISBI2016_ISIC_Part3B_Training_Data/ISIC_0010025.jpg,skin/Train/ISBI2016_ISIC_Part1_Training_GroundTruth/ISIC_0010025_Segmentation.png,pixel,train,ISIC_0010025,train
ISIC_0010029,1,skin/Train/ISBI2016_ISIC_Part3B_Training_Data/ISIC_0010029.jpg,skin/Train/ISBI2016_ISIC_Part1_Training_GroundTruth/ISIC_0010029_Segmentation.png,pixel,train,ISIC_0010029,train
ISIC_0010032,0,skin/Train/ISBI2016_ISIC_Part3B_Training_Data/ISIC_0010032.jpg,skin/Train/ISBI2016_ISIC_Part1_Training_GroundTruth/ISIC_0010032_Segmentation.png,pixel,train,ISIC_0010032,train
ISIC_0010035,0,skin/Train/ISBI2016_ISIC_Part3B_Training_Data/ISIC_0010035.jpg,skin/Train/ISBI2016_ISIC_Part1_Training_GroundTruth/ISIC_0010035_Segmentation.png,pixel,train,ISIC_0010035,train
ISIC_0010036,1,skin/Train/ISBI2016_ISIC_Part3B_Training_Data/ISIC_0010036.jpg,skin/Train/ISBI2016_ISIC_Part1_Training_GroundTruth/ISIC_0010036_Segmentation.png,pixel,train,ISIC_0010036,train
ISIC_0010040,0,skin/Train/ISBI2016_ISIC_Part3B_Training_Data/ISIC_0010040.jpg,skin/Train/ISBI2016_ISIC_Part1_Training_GroundTruth/ISIC_0010040_Segmentation.png,pixel,train,ISIC_0010040,train
ISIC_0010042,0,skin/Train/ISBI2016_ISIC_Part3B_Training_Data/ISIC_0010042.jpg,skin/Train/ISBI2016_ISIC_Part1_Training_GroundTruth/ISIC_0010042_Segmentation.png,pixel,train,ISIC_0010042,val
ISIC_0010043,0,skin/Train/ISBI2016_ISIC_Part3B_Training_Data/ISIC_0010043.jpg,skin/Train/ISBI2016_ISIC_Part1_Training_GroundTruth/ISIC_0010043_Segmentation.png,pixel,train,ISIC_0010043,train
ISIC_0010044,0,skin/Train/ISBI2016_ISIC_Part3B_Training_Data/ISIC_0010044.jpg,skin/Train/ISBI2016_ISIC_Part1_Training_GroundTruth/ISIC_0010044_Segmentation.png,pixel,train,ISIC_0010044,train
ISIC_0010046,0,skin/Train/ISBI2016_ISIC_Part3B_Training_Data/ISIC_0010046.jpg,skin/Train/ISBI2016_ISIC_Part1_Training_GroundTruth/ISIC_0010046_Segmentation.png,pixel,train,ISIC_0010046,train
ISIC_0010051,0,skin/Train/ISBI2016_ISIC_Part3B_Training_Data/ISIC_0010051.jpg,skin/Train/ISBI2016_ISIC_Part1_Training_GroundTruth/ISIC_0010051_Segmentation.png,pixel,train,ISIC_0010051,train
ISIC_0010052,0,skin/Train/ISBI2016_ISIC_Part3B_Training_Data/ISIC_0010052.jpg,skin/Train/ISBI2016_ISIC_Part1_Training_GroundTruth/ISIC_0010052_Segmentation.png,pixel,train,ISIC_0010052,val
ISIC_0010053,0,skin/Train/ISBI2016_ISIC_Part3B_Training_Data/ISIC_0010053.jpg,skin/Train/ISBI2016_ISIC_Part1_Training_GroundTruth/ISIC_0010053_Segmentation.png,pixel,train,ISIC_0010053,train
ISIC_0010054,1,skin/Train/ISBI2016_ISIC_Part3B_Training_Data/ISIC_0010054.jpg,skin/Train/ISBI2016_ISIC_Part1_Training_GroundTruth/ISIC_0010054_Segmentation.png,pixel,train,ISIC_0010054,train
ISIC_0010056,1,skin/Train/ISBI2016_ISIC_Part3B_Training_Data/ISIC_0010056.jpg,skin/Train/ISBI2016_ISIC_Part1_Training_GroundTruth/ISIC_0010056_Segmentation.png,pixel,train,ISIC_0010056,train
ISIC_0010057,0,skin/Train/ISBI2016_ISIC_Part3B_Training_Data/ISIC_0010057.jpg,skin/Train/ISBI2016_ISIC_Part1_Training_GroundTruth/ISIC_0010057_Segmentation.png,pixel,train,ISIC_0010057,train
ISIC_0010060,0,skin/Train/ISBI2016_ISIC_Part3B_Training_Data/ISIC_0010060.jpg,skin/Train/ISBI2016_ISIC_Part1_Training_GroundTruth/ISIC_0010060_Segmentation.png,pixel,train,ISIC_0010060,val
ISIC_0010063,0,skin/Train/ISBI2016_ISIC_Part3B_Training_Data/ISIC_0010063.jpg,skin/Train/ISBI2016_ISIC_Part1_Training_GroundTruth/ISIC_0010063_Segmentation.png,pixel,train,ISIC_0010063,val
ISIC_0010064,0,skin/Train/ISBI2016_ISIC_Part3B_Training_Data/ISIC_0010064.jpg,skin/Train/ISBI2016_ISIC_Part1_Training_GroundTruth/ISIC_0010064_Segmentation.png,pixel,train,ISIC_0010064,val
ISIC_0010065,0,skin/Train/ISBI2016_ISIC_Part3B_Training_Data/ISIC_0010065.jpg,skin/Train/ISBI2016_ISIC_Part1_Training_GroundTruth/ISIC_0010065_Segmentation.png,pixel,train,ISIC_0010065,train
ISIC_0010066,0,skin/Train/ISBI2016_ISIC_Part3B_Training_Data/ISIC_0010066.jpg,skin/Train/ISBI2016_ISIC_Part1_Training_GroundTruth/ISIC_0010066_Segmentation.png,pixel,train,ISIC_0010066,train
ISIC_0010067,1,skin/Train/ISBI2016_ISIC_Part3B_Training_Data/ISIC_0010067.jpg,skin/Train/ISBI2016_ISIC_Part1_Training_GroundTruth/ISIC_0010067_Segmentation.png,pixel,train,ISIC_0010067,val
ISIC_0010068,0,skin/Train/ISBI2016_ISIC_Part3B_Training_Data/ISIC_0010068.jpg,skin/Train/ISBI2016_ISIC_Part1_Training_GroundTruth/ISIC_0010068_Segmentation.png,pixel,train,ISIC_0010068,train
ISIC_0010069,0,skin/Train/ISBI2016_ISIC_Part3B_Training_Data/ISIC_0010069.jpg,skin/Train/ISBI2016_ISIC_Part1_Training_GroundTruth/ISIC_0010069_Segmentation.png,pixel,train,ISIC_0010069,train
ISIC_0010070,0,skin/Train/ISBI2016_ISIC_Part3B_Training_Data/ISIC_0010070.jpg,skin/Train/ISBI2016_ISIC_Part1_Training_GroundTruth/ISIC_0010070_Segmentation.png,pixel,train,ISIC_0010070,train
ISIC_0010071,0,skin/Train/ISBI2016_ISIC_Part3B_Training_Data/ISIC_0010071.jpg,skin/Train/ISBI2016_ISIC_Part1_Training_GroundTruth/ISIC_0010071_Segmentation.png,pixel,train,ISIC_0010071,train
ISIC_0010074,0,skin/Train/ISBI2016_ISIC_Part3B_Training_Data/ISIC_0010074.jpg,skin/Train/ISBI2016_ISIC_Part1_Training_GroundTruth/ISIC_0010074_Segmentation.png,pixel,train,ISIC_0010074,train
ISIC_0010075,0,skin/Train/ISBI2016_ISIC_Part3B_Training_Data/ISIC_0010075.jpg,skin/Train/ISBI2016_ISIC_Part1_Training_GroundTruth/ISIC_0010075_Segmentation.png,pixel,train,ISIC_0010075,val
ISIC_0010078,0,skin/Train/ISBI2016_ISIC_Part3B_Training_Data/ISIC_0010078.jpg,skin/Train/ISBI2016_ISIC_Part1_Training_GroundTruth/ISIC_0010078_Segmentation.png,pixel,train,ISIC_0010078,train
ISIC_0010079,0,skin/Train/ISBI2016_ISIC_Part3B_Training_Data/ISIC_0010079.jpg,skin/Train/ISBI2016_ISIC_Part1_Training_GroundTruth/ISIC_0010079_Segmentation.png,pixel,train,ISIC_0010079,train
ISIC_0010080,1,skin/Train/ISBI2016_ISIC_Part3B_Training_Data/ISIC_0010080.jpg,skin/Train/ISBI2016_ISIC_Part1_Training_GroundTruth/ISIC_0010080_Segmentation.png,pixel,train,ISIC_0010080,train
ISIC_0010081,1,skin/Train/ISBI2016_ISIC_Part3B_Training_Data/ISIC_0010081.jpg,skin/Train/ISBI2016_ISIC_Part1_Training_GroundTruth/ISIC_0010081_Segmentation.png,pixel,train,ISIC_0010081,val
ISIC_0010083,0,skin/Train/ISBI2016_ISIC_Part3B_Training_Data/ISIC_0010083.jpg,skin/Train/ISBI2016_ISIC_Part1_Training_GroundTruth/ISIC_0010083_Segmentation.png,pixel,train,ISIC_0010083,train
ISIC_0010086,0,skin/Train/ISBI2016_ISIC_Part3B_Training_Data/ISIC_0010086.jpg,skin/Train/ISBI2016_ISIC_Part1_Training_GroundTruth/ISIC_0010086_Segmentation.png,pixel,train,ISIC_0010086,train
ISIC_0010087,0,skin/Train/ISBI2016_ISIC_Part3B_Training_Data/ISIC_0010087.jpg,skin/Train/ISBI2016_ISIC_Part1_Training_GroundTruth/ISIC_0010087_Segmentation.png,pixel,train,ISIC_0010087,val
ISIC_0010090,0,skin/Train/ISBI2016_ISIC_Part3B_Training_Data/ISIC_0010090.jpg,skin/Train/ISBI2016_ISIC_Part1_Training_GroundTruth/ISIC_0010090_Segmentation.png,pixel,train,ISIC_0010090,train
ISIC_0010091,0,skin/Train/ISBI2016_ISIC_Part3B_Training_Data/ISIC_0010091.jpg,skin/Train/ISBI2016_ISIC_Part1_Training_GroundTruth/ISIC_0010091_Segmentation.png,pixel,train,ISIC_0010091,val
ISIC_0010093,0,skin/Train/ISBI2016_ISIC_Part3B_Training_Data/ISIC_0010093.jpg,skin/Train/ISBI2016_ISIC_Part1_Training_GroundTruth/ISIC_0010093_Segmentation.png,pixel,train,ISIC_0010093,val
ISIC_0010094,0,skin/Train/ISBI2016_ISIC_Part3B_Training_Data/ISIC_0010094.jpg,skin/Train/ISBI2016_ISIC_Part1_Training_GroundTruth/ISIC_0010094_Segmentation.png,pixel,train,ISIC_0010094,train
ISIC_0010101,0,skin/Train/ISBI2016_ISIC_Part3B_Training_Data/ISIC_0010101.jpg,skin/Train/ISBI2016_ISIC_Part1_Training_GroundTruth/ISIC_0010101_Segmentation.png,pixel,train,ISIC_0010101,train
ISIC_0010102,0,skin/Train/ISBI2016_ISIC_Part3B_Training_Data/ISIC_0010102.jpg,skin/Train/ISBI2016_ISIC_Part1_Training_GroundTruth/ISIC_0010102_Segmentation.png,pixel,train,ISIC_0010102,train
ISIC_0010104,0,skin/Train/ISBI2016_ISIC_Part3B_Training_Data/ISIC_0010104.jpg,skin/Train/ISBI2016_ISIC_Part1_Training_GroundTruth/ISIC_0010104_Segmentation.png,pixel,train,ISIC_0010104,train
ISIC_0010105,0,skin/Train/ISBI2016_ISIC_Part3B_Training_Data/ISIC_0010105.jpg,skin/Train/ISBI2016_ISIC_Part1_Training_GroundTruth/ISIC_0010105_Segmentation.png,pixel,train,ISIC_0010105,train
ISIC_0010168,0,skin/Train/ISBI2016_ISIC_Part3B_Training_Data/ISIC_0010168.jpg,skin/Train/ISBI2016_ISIC_Part1_Training_GroundTruth/ISIC_0010168_Segmentation.png,pixel,train,ISIC_0010168,val
ISIC_0010169,0,skin/Train/ISBI2016_ISIC_Part3B_Training_Data/ISIC_0010169.jpg,skin/Train/ISBI2016_ISIC_Part1_Training_GroundTruth/ISIC_0010169_Segmentation.png,pixel,train,ISIC_0010169,train
ISIC_0010170,0,skin/Train/ISBI2016_ISIC_Part3B_Training_Data/ISIC_0010170.jpg,skin/Train/ISBI2016_ISIC_Part1_Training_GroundTruth/ISIC_0010170_Segmentation.png,pixel,train,ISIC_0010170,train
ISIC_0010174,1,skin/Train/ISBI2016_ISIC_Part3B_Training_Data/ISIC_0010174.jpg,skin/Train/ISBI2016_ISIC_Part1_Training_GroundTruth/ISIC_0010174_Segmentation.png,pixel,train,ISIC_0010174,val
ISIC_0010176,0,skin/Train/ISBI2016_ISIC_Part3B_Training_Data/ISIC_0010176.jpg,skin/Train/ISBI2016_ISIC_Part1_Training_GroundTruth/ISIC_0010176_Segmentation.png,pixel,train,ISIC_0010176,train
ISIC_0010177,0,skin/Train/ISBI2016_ISIC_Part3B_Training_Data/ISIC_0010177.jpg,skin/Train/ISBI2016_ISIC_Part1_Training_GroundTruth/ISIC_0010177_Segmentation.png,pixel,train,ISIC_0010177,val
ISIC_0010178,0,skin/Train/ISBI2016_ISIC_Part3B_Training_Data/ISIC_0010178.jpg,skin/Train/ISBI2016_ISIC_Part1_Training_GroundTruth/ISIC_0010178_Segmentation.png,pixel,train,ISIC_0010178,train
ISIC_0010182,0,skin/Train/ISBI2016_ISIC_Part3B_Training_Data/ISIC_0010182.jpg,skin/Train/ISBI2016_ISIC_Part1_Training_GroundTruth/ISIC_0010182_Segmentation.png,pixel,train,ISIC_0010182,val
ISIC_0010184,0,skin/Train/ISBI2016_ISIC_Part3B_Training_Data/ISIC_0010184.jpg,skin/Train/ISBI2016_ISIC_Part1_Training_GroundTruth/ISIC_0010184_Segmentation.png,pixel,train,ISIC_0010184,train
ISIC_0010185,0,skin/Train/ISBI2016_ISIC_Part3B_Training_Data/ISIC_0010185.jpg,skin/Train/ISBI2016_ISIC_Part1_Training_GroundTruth/ISIC_0010185_Segmentation.png,pixel,train,ISIC_0010185,train
ISIC_0010186,0,skin/Train/ISBI2016_ISIC_Part3B_Training_Data/ISIC_0010186.jpg,skin/Train/ISBI2016_ISIC_Part1_Training_GroundTruth/ISIC_0010186_Segmentation.png,pixel,train,ISIC_0010186,train
ISIC_0010189,1,skin/Train/ISBI2016_ISIC_Part3B_Training_Data/ISIC_0010189.jpg,skin/Train/ISBI2016_ISIC_Part1_Training_GroundTruth/ISIC_0010189_Segmentation.png,pixel,train,ISIC_0010189,train
ISIC_0010191,0,skin/Train/ISBI2016_ISIC_Part3B_Training_Data/ISIC_0010191.jpg,skin/Train/ISBI2016_ISIC_Part1_Training_GroundTruth/ISIC_0010191_Segmentation.png,pixel,train,ISIC_0010191,val
ISIC_0010194,1,skin/Train/ISBI2016_ISIC_Part3B_Training_Data/ISIC_0010194.jpg,skin/Train/ISBI2016_ISIC_Part1_Training_GroundTruth/ISIC_0010194_Segmentation.png,pixel,train,ISIC_0010194,train
ISIC_0010203,0,skin/Train/ISBI2016_ISIC_Part3B_Training_Data/ISIC_0010203.jpg,skin/Train/ISBI2016_ISIC_Part1_Training_GroundTruth/ISIC_0010203_Segmentation.png,pixel,train,ISIC_0010203,train
ISIC_0010204,0,skin/Train/ISBI2016_ISIC_Part3B_Training_Data/ISIC_0010204.jpg,skin/Train/ISBI2016_ISIC_Part1_Training_GroundTruth/ISIC_0010204_Segmentation.png,pixel,train,ISIC_0010204,val
ISIC_0010205,0,skin/Train/ISBI2016_ISIC_Part3B_Training_Data/ISIC_0010205.jpg,skin/Train/ISBI2016_ISIC_Part1_Training_GroundTruth/ISIC_0010205_Segmentation.png,pixel,train,ISIC_0010205,train
ISIC_0010212,0,skin/Train/ISBI2016_ISIC_Part3B_Training_Data/ISIC_0010212.jpg,skin/Train/ISBI2016_ISIC_Part1_Training_GroundTruth/ISIC_0010212_Segmentation.png,pixel,train,ISIC_0010212,train
ISIC_0010213,0,skin/Train/ISBI2016_ISIC_Part3B_Training_Data/ISIC_0010213.jpg,skin/Train/ISBI2016_ISIC_Part1_Training_GroundTruth/ISIC_0010213_Segmentation.png,pixel,train,ISIC_0010213,train
ISIC_0010218,0,skin/Train/ISBI2016_ISIC_Part3B_Training_Data/ISIC_0010218.jpg,skin/Train/ISBI2016_ISIC_Part1_Training_GroundTruth/ISIC_0010218_Segmentation.png,pixel,train,ISIC_0010218,train
ISIC_0010219,0,skin/Train/ISBI2016_ISIC_Part3B_Training_Data/ISIC_0010219.jpg,skin/Train/ISBI2016_ISIC_Part1_Training_GroundTruth/ISIC_0010219_Segmentation.png,pixel,train,ISIC_0010219,train
ISIC_0010220,0,skin/Train/ISBI2016_ISIC_Part3B_Training_Data/ISIC_0010220.jpg,skin/Train/ISBI2016_ISIC_Part1_Training_GroundTruth/ISIC_0010220_Segmentation.png,pixel,train,ISIC_0010220,train
ISIC_0010222,0,skin/Train/ISBI2016_ISIC_Part3B_Training_Data/ISIC_0010222.jpg,skin/Train/ISBI2016_ISIC_Part1_Training_GroundTruth/ISIC_0010222_Segmentation.png,pixel,train,ISIC_0010222,train
ISIC_0010223,0,skin/Train/ISBI2016_ISIC_Part3B_Training_Data/ISIC_0010223.jpg,skin/Train/ISBI2016_ISIC_Part1_Training_GroundTruth/ISIC_0010223_Segmentation.png,pixel,train,ISIC_0010223,train
ISIC_0010225,1,skin/Train/ISBI2016_ISIC_Part3B_Training_Data/ISIC_0010225.jpg,skin/Train/ISBI2016_ISIC_Part1_Training_GroundTruth/ISIC_0010225_Segmentation.png,pixel,train,ISIC_0010225,train
ISIC_0010226,0,skin/Train/ISBI2016_ISIC_Part3B_Training_Data/ISIC_0010226.jpg,skin/Train/ISBI2016_ISIC_Part1_Training_GroundTruth/ISIC_0010226_Segmentation.png,pixel,train,ISIC_0010226,train
ISIC_0010227,0,skin/Train/ISBI2016_ISIC_Part3B_Training_Data/ISIC_0010227.jpg,skin/Train/ISBI2016_ISIC_Part1_Training_GroundTruth/ISIC_0010227_Segmentation.png,pixel,train,ISIC_0010227,val
ISIC_0010228,0,skin/Train/ISBI2016_ISIC_Part3B_Training_Data/ISIC_0010228.jpg,skin/Train/ISBI2016_ISIC_Part1_Training_GroundTruth/ISIC_0010228_Segmentation.png,pixel,train,ISIC_0010228,train
ISIC_0010230,0,skin/Train/ISBI2016_ISIC_Part3B_Training_Data/ISIC_0010230.jpg,skin/Train/ISBI2016_ISIC_Part1_Training_GroundTruth/ISIC_0010230_Segmentation.png,pixel,train,ISIC_0010230,train
ISIC_0010232,0,skin/Train/ISBI2016_ISIC_Part3B_Training_Data/ISIC_0010232.jpg,skin/Train/ISBI2016_ISIC_Part1_Training_GroundTruth/ISIC_0010232_Segmentation.png,pixel,train,ISIC_0010232,train
ISIC_0010233,0,skin/Train/ISBI2016_ISIC_Part3B_Training_Data/ISIC_0010233.jpg,skin/Train/ISBI2016_ISIC_Part1_Training_GroundTruth/ISIC_0010233_Segmentation.png,pixel,train,ISIC_0010233,val
ISIC_0010235,1,skin/Train/ISBI2016_ISIC_Part3B_Training_Data/ISIC_0010235.jpg,skin/Train/ISBI2016_ISIC_Part1_Training_GroundTruth/ISIC_0010235_Segmentation.png,pixel,train,ISIC_0010235,train
ISIC_0010236,0,skin/Train/ISBI2016_ISIC_Part3B_Training_Data/ISIC_0010236.jpg,skin/Train/ISBI2016_ISIC_Part1_Training_GroundTruth/ISIC_0010236_Segmentation.png,pixel,train,ISIC_0010236,train
ISIC_0010237,0,skin/Train/ISBI2016_ISIC_Part3B_Training_Data/ISIC_0010237.jpg,skin/Train/ISBI2016_ISIC_Part1_Training_GroundTruth/ISIC_0010237_Segmentation.png,pixel,train,ISIC_0010237,train
ISIC_0010239,0,skin/Train/ISBI2016_ISIC_Part3B_Training_Data/ISIC_0010239.jpg,skin/Train/ISBI2016_ISIC_Part1_Training_GroundTruth/ISIC_0010239_Segmentation.png,pixel,train,ISIC_0010239,train
ISIC_0010240,1,skin/Train/ISBI2016_ISIC_Part3B_Training_Data/ISIC_0010240.jpg,skin/Train/ISBI2016_ISIC_Part1_Training_GroundTruth/ISIC_0010240_Segmentation.png,pixel,train,ISIC_0010240,val
ISIC_0010241,1,skin/Train/ISBI2016_ISIC_Part3B_Training_Data/ISIC_0010241.jpg,skin/Train/ISBI2016_ISIC_Part1_Training_GroundTruth/ISIC_0010241_Segmentation.png,pixel,train,ISIC_0010241,train
ISIC_0010242,1,skin/Train/ISBI2016_ISIC_Part3B_Training_Data/ISIC_0010242.jpg,skin/Train/ISBI2016_ISIC_Part1_Training_GroundTruth/ISIC_0010242_Segmentation.png,pixel,train,ISIC_0010242,train
ISIC_0010244,0,skin/Train/ISBI2016_ISIC_Part3B_Training_Data/ISIC_0010244.jpg,skin/Train/ISBI2016_ISIC_Part1_Training_GroundTruth/ISIC_0010244_Segmentation.png,pixel,train,ISIC_0010244,train
ISIC_0010246,0,skin/Train/ISBI2016_ISIC_Part3B_Training_Data/ISIC_0010246.jpg,skin/Train/ISBI2016_ISIC_Part1_Training_GroundTruth/ISIC_0010246_Segmentation.png,pixel,train,ISIC_0010246,train
ISIC_0010247,0,skin/Train/ISBI2016_ISIC_Part3B_Training_Data/ISIC_0010247.jpg,skin/Train/ISBI2016_ISIC_Part1_Training_GroundTruth/ISIC_0010247_Segmentation.png,pixel,train,ISIC_0010247,train
ISIC_0010248,0,skin/Train/ISBI2016_ISIC_Part3B_Training_Data/ISIC_0010248.jpg,skin/Train/ISBI2016_ISIC_Part1_Training_GroundTruth/ISIC_0010248_Segmentation.png,pixel,train,ISIC_0010248,train
ISIC_0010249,0,skin/Train/ISBI2016_ISIC_Part3B_Training_Data/ISIC_0010249.jpg,skin/Train/ISBI2016_ISIC_Part1_Training_GroundTruth/ISIC_0010249_Segmentation.png,pixel,train,ISIC_0010249,train
ISIC_0010251,1,skin/Train/ISBI2016_ISIC_Part3B_Training_Data/ISIC_0010251.jpg,skin/Train/ISBI2016_ISIC_Part1_Training_GroundTruth/ISIC_0010251_Segmentation.png,pixel,train,ISIC_0010251,train
ISIC_0010252,0,skin/Train/ISBI2016_ISIC_Part3B_Training_Data/ISIC_0010252.jpg,skin/Train/ISBI2016_ISIC_Part1_Training_GroundTruth/ISIC_0010252_Segmentation.png,pixel,train,ISIC_0010252,train
ISIC_0010256,0,skin/Train/ISBI2016_ISIC_Part3B_Training_Data/ISIC_0010256.jpg,skin/Train/ISBI2016_ISIC_Part1_Training_GroundTruth/ISIC_0010256_Segmentation.png,pixel,train,ISIC_0010256,train
ISIC_0010262,0,skin/Train/ISBI2016_ISIC_Part3B_Training_Data/ISIC_0010262.jpg,skin/Train/ISBI2016_ISIC_Part1_Training_GroundTruth/ISIC_0010262_Segmentation.png,pixel,train,ISIC_0010262,train
ISIC_0010263,0,skin/Train/ISBI2016_ISIC_Part3B_Training_Data/ISIC_0010263.jpg,skin/Train/ISBI2016_ISIC_Part1_Training_GroundTruth/ISIC_0010263_Segmentation.png,pixel,train,ISIC_0010263,train
ISIC_0010264,0,skin/Train/ISBI2016_ISIC_Part3B_Training_Data/ISIC_0010264.jpg,skin/Train/ISBI2016_ISIC_Part1_Training_GroundTruth/ISIC_0010264_Segmentation.png,pixel,train,ISIC_0010264,train
ISIC_0010265,1,skin/Train/ISBI2016_ISIC_Part3B_Training_Data/ISIC_0010265.jpg,skin/Train/ISBI2016_ISIC_Part1_Training_GroundTruth/ISIC_0010265_Segmentation.png,pixel,train,ISIC_0010265,train
ISIC_0010266,1,skin/Train/ISBI2016_ISIC_Part3B_Training_Data/ISIC_0010266.jpg,skin/Train/ISBI2016_ISIC_Part1_Training_GroundTruth/ISIC_0010266_Segmentation.png,pixel,train,ISIC_0010266,val
ISIC_0010267,1,skin/Train/ISBI2016_ISIC_Part3B_Training_Data/ISIC_0010267.jpg,skin/Train/ISBI2016_ISIC_Part1_Training_GroundTruth/ISIC_0010267_Segmentation.png,pixel,train,ISIC_0010267,train
ISIC_0010317,0,skin/Train/ISBI2016_ISIC_Part3B_Training_Data/ISIC_0010317.jpg,skin/Train/ISBI2016_ISIC_Part1_Training_GroundTruth/ISIC_0010317_Segmentation.png,pixel,train,ISIC_0010317,train
ISIC_0010318,0,skin/Train/ISBI2016_ISIC_Part3B_Training_Data/ISIC_0010318.jpg,skin/Train/ISBI2016_ISIC_Part1_Training_GroundTruth/ISIC_0010318_Segmentation.png,pixel,train,ISIC_0010318,train
ISIC_0010319,1,skin/Train/ISBI2016_ISIC_Part3B_Training_Data/ISIC_0010319.jpg,skin/Train/ISBI2016_ISIC_Part1_Training_GroundTruth/ISIC_0010319_Segmentation.png,pixel,train,ISIC_0010319,train
ISIC_0010320,0,skin/Train/ISBI2016_ISIC_Part3B_Training_Data/ISIC_0010320.jpg,skin/Train/ISBI2016_ISIC_Part1_Training_GroundTruth/ISIC_0010320_Segmentation.png,pixel,train,ISIC_0010320,val
ISIC_0010321,1,skin/Train/ISBI2016_ISIC_Part3B_Training_Data/ISIC_0010321.jpg,skin/Train/ISBI2016_ISIC_Part1_Training_GroundTruth/ISIC_0010321_Segmentation.png,pixel,train,ISIC_0010321,train
ISIC_0010322,1,skin/Train/ISBI2016_ISIC_Part3B_Training_Data/ISIC_0010322.jpg,skin/Train/ISBI2016_ISIC_Part1_Training_GroundTruth/ISIC_0010322_Segmentation.png,pixel,train,ISIC_0010322,train
ISIC_0010323,0,skin/Train/ISBI2016_ISIC_Part3B_Training_Data/ISIC_0010323.jpg,skin/Train/ISBI2016_ISIC_Part1_Training_GroundTruth/ISIC_0010323_Segmentation.png,pixel,train,ISIC_0010323,train
ISIC_0010324,0,skin/Train/ISBI2016_ISIC_Part3B_Training_Data/ISIC_0010324.jpg,skin/Train/ISBI2016_ISIC_Part1_Training_GroundTruth/ISIC_0010324_Segmentation.png,pixel,train,ISIC_0010324,train
ISIC_0010325,0,skin/Train/ISBI2016_ISIC_Part3B_Training_Data/ISIC_0010325.jpg,skin/Train/ISBI2016_ISIC_Part1_Training_GroundTruth/ISIC_0010325_Segmentation.png,pixel,train,ISIC_0010325,train
ISIC_0010327,0,skin/Train/ISBI2016_ISIC_Part3B_Training_Data/ISIC_0010327.jpg,skin/Train/ISBI2016_ISIC_Part1_Training_GroundTruth/ISIC_0010327_Segmentation.png,pixel,train,ISIC_0010327,train
ISIC_0010329,1,skin/Train/ISBI2016_ISIC_Part3B_Training_Data/ISIC_0010329.jpg,skin/Train/ISBI2016_ISIC_Part1_Training_GroundTruth/ISIC_0010329_Segmentation.png,pixel,train,ISIC_0010329,train
ISIC_0010330,0,skin/Train/ISBI2016_ISIC_Part3B_Training_Data/ISIC_0010330.jpg,skin/Train/ISBI2016_ISIC_Part1_Training_GroundTruth/ISIC_0010330_Segmentation.png,pixel,train,ISIC_0010330,train
ISIC_0010332,0,skin/Train/ISBI2016_ISIC_Part3B_Training_Data/ISIC_0010332.jpg,skin/Train/ISBI2016_ISIC_Part1_Training_GroundTruth/ISIC_0010332_Segmentation.png,pixel,train,ISIC_0010332,val
ISIC_0010333,0,skin/Train/ISBI2016_ISIC_Part3B_Training_Data/ISIC_0010333.jpg,skin/Train/ISBI2016_ISIC_Part1_Training_GroundTruth/ISIC_0010333_Segmentation.png,pixel,train,ISIC_0010333,train
ISIC_0010334,0,skin/Train/ISBI2016_ISIC_Part3B_Training_Data/ISIC_0010334.jpg,skin/Train/ISBI2016_ISIC_Part1_Training_GroundTruth/ISIC_0010334_Segmentation.png,pixel,train,ISIC_0010334,train
ISIC_0010335,0,skin/Train/ISBI2016_ISIC_Part3B_Training_Data/ISIC_0010335.jpg,skin/Train/ISBI2016_ISIC_Part1_Training_GroundTruth/ISIC_0010335_Segmentation.png,pixel,train,ISIC_0010335,train
ISIC_0010337,0,skin/Train/ISBI2016_ISIC_Part3B_Training_Data/ISIC_0010337.jpg,skin/Train/ISBI2016_ISIC_Part1_Training_GroundTruth/ISIC_0010337_Segmentation.png,pixel,train,ISIC_0010337,train
ISIC_0010339,0,skin/Train/ISBI2016_ISIC_Part3B_Training_Data/ISIC_0010339.jpg,skin/Train/ISBI2016_ISIC_Part1_Training_GroundTruth/ISIC_0010339_Segmentation.png,pixel,train,ISIC_0010339,train
ISIC_0010341,0,skin/Train/ISBI2016_ISIC_Part3B_Training_Data/ISIC_0010341.jpg,skin/Train/ISBI2016_ISIC_Part1_Training_GroundTruth/ISIC_0010341_Segmentation.png,pixel,train,ISIC_0010341,train
ISIC_0010342,0,skin/Train/ISBI2016_ISIC_Part3B_Training_Data/ISIC_0010342.jpg,skin/Train/ISBI2016_ISIC_Part1_Training_GroundTruth/ISIC_0010342_Segmentation.png,pixel,train,ISIC_0010342,val
ISIC_0010344,0,skin/Train/ISBI2016_ISIC_Part3B_Training_Data/ISIC_0010344.jpg,skin/Train/ISBI2016_ISIC_Part1_Training_GroundTruth/ISIC_0010344_Segmentation.png,pixel,train,ISIC_0010344,train
ISIC_0010349,1,skin/Train/ISBI2016_ISIC_Part3B_Training_Data/ISIC_0010349.jpg,skin/Train/ISBI2016_ISIC_Part1_Training_GroundTruth/ISIC_0010349_Segmentation.png,pixel,train,ISIC_0010349,train
ISIC_0010350,1,skin/Train/ISBI2016_ISIC_Part3B_Training_Data/ISIC_0010350.jpg,skin/Train/ISBI2016_ISIC_Part1_Training_GroundTruth/ISIC_0010350_Segmentation.png,pixel,train,ISIC_0010350,train
ISIC_0010351,0,skin/Train/ISBI2016_ISIC_Part3B_Training_Data/ISIC_0010351.jpg,skin/Train/ISBI2016_ISIC_Part1_Training_GroundTruth/ISIC_0010351_Segmentation.png,pixel,train,ISIC_0010351,val
ISIC_0010352,0,skin/Train/ISBI2016_ISIC_Part3B_Training_Data/ISIC_0010352.jpg,skin/Train/ISBI2016_ISIC_Part1_Training_GroundTruth/ISIC_0010352_Segmentation.png,pixel,train,ISIC_0010352,val
ISIC_0010356,0,skin/Train/ISBI2016_ISIC_Part3B_Training_Data/ISIC_0010356.jpg,skin/Train/ISBI2016_ISIC_Part1_Training_GroundTruth/ISIC_0010356_Segmentation.png,pixel,train,ISIC_0010356,train
ISIC_0010357,0,skin/Train/ISBI2016_ISIC_Part3B_Training_Data/ISIC_0010357.jpg,skin/Train/ISBI2016_ISIC_Part1_Training_GroundTruth/ISIC_0010357_Segmentation.png,pixel,train,ISIC_0010357,train
ISIC_0010358,1,skin/Train/ISBI2016_ISIC_Part3B_Training_Data/ISIC_0010358.jpg,skin/Train/ISBI2016_ISIC_Part1_Training_GroundTruth/ISIC_0010358_Segmentation.png,pixel,train,ISIC_0010358,train
ISIC_0010361,0,skin/Train/ISBI2016_ISIC_Part3B_Training_Data/ISIC_0010361.jpg,skin/Train/ISBI2016_ISIC_Part1_Training_GroundTruth/ISIC_0010361_Segmentation.png,pixel,train,ISIC_0010361,train
ISIC_0010362,0,skin/Train/ISBI2016_ISIC_Part3B_Training_Data/ISIC_0010362.jpg,skin/Train/ISBI2016_ISIC_Part1_Training_GroundTruth/ISIC_0010362_Segmentation.png,pixel,train,ISIC_0010362,val
ISIC_0010364,1,skin/Train/ISBI2016_ISIC_Part3B_Training_Data/ISIC_0010364.jpg,skin/Train/ISBI2016_ISIC_Part1_Training_GroundTruth/ISIC_0010364_Segmentation.png,pixel,train,ISIC_0010364,train
ISIC_0010365,0,skin/Train/ISBI2016_ISIC_Part3B_Training_Data/ISIC_0010365.jpg,skin/Train/ISBI2016_ISIC_Part1_Training_GroundTruth/ISIC_0010365_Segmentation.png,pixel,train,ISIC_0010365,val
ISIC_0010367,0,skin/Train/ISBI2016_ISIC_Part3B_Training_Data/ISIC_0010367.jpg,skin/Train/ISBI2016_ISIC_Part1_Training_GroundTruth/ISIC_0010367_Segmentation.png,pixel,train,ISIC_0010367,val
ISIC_0010370,0,skin/Train/ISBI2016_ISIC_Part3B_Training_Data/ISIC_0010370.jpg,skin/Train/ISBI2016_ISIC_Part1_Training_GroundTruth/ISIC_0010370_Segmentation.png,pixel,train,ISIC_0010370,val
ISIC_0010371,0,skin/Train/ISBI2016_ISIC_Part3B_Training_Data/ISIC_0010371.jpg,skin/Train/ISBI2016_ISIC_Part1_Training_GroundTruth/ISIC_0010371_Segmentation.png,pixel,train,ISIC_0010371,val
ISIC_0010372,1,skin/Train/ISBI2016_ISIC_Part3B_Training_Data/ISIC_0010372.jpg,skin/Train/ISBI2016_ISIC_Part1_Training_GroundTruth/ISIC_0010372_Segmentation.png,pixel,train,ISIC_0010372,val
ISIC_0010380,1,skin/Train/ISBI2016_ISIC_Part3B_Training_Data/ISIC_0010380.jpg,skin/Train/ISBI2016_ISIC_Part1_Training_GroundTruth/ISIC_0010380_Segmentation.png,pixel,train,ISIC_0010380,train
ISIC_0010382,0,skin/Train/ISBI2016_ISIC_Part3B_Training_Data/ISIC_0010382.jpg,skin/Train/ISBI2016_ISIC_Part1_Training_GroundTruth/ISIC_0010382_Segmentation.png,pixel,train,ISIC_0010382,val
ISIC_0010435,0,skin/Train/ISBI2016_ISIC_Part3B_Training_Data/ISIC_0010435.jpg,skin/Train/ISBI2016_ISIC_Part1_Training_GroundTruth/ISIC_0010435_Segmentation.png,pixel,train,ISIC_0010435,val
ISIC_0010436,0,skin/Train/ISBI2016_ISIC_Part3B_Training_Data/ISIC_0010436.jpg,skin/Train/ISBI2016_ISIC_Part1_Training_GroundTruth/ISIC_0010436_Segmentation.png,pixel,train,ISIC_0010436,train
ISIC_0010438,0,skin/Train/ISBI2016_ISIC_Part3B_Training_Data/ISIC_0010438.jpg,skin/Train/ISBI2016_ISIC_Part1_Training_GroundTruth/ISIC_0010438_Segmentation.png,pixel,train,ISIC_0010438,train
ISIC_0010439,0,skin/Train/ISBI2016_ISIC_Part3B_Training_Data/ISIC_0010439.jpg,skin/Train/ISBI2016_ISIC_Part1_Training_GroundTruth/ISIC_0010439_Segmentation.png,pixel,train,ISIC_0010439,train
ISIC_0010440,0,skin/Train/ISBI2016_ISIC_Part3B_Training_Data/ISIC_0010440.jpg,skin/Train/ISBI2016_ISIC_Part1_Training_GroundTruth/ISIC_0010440_Segmentation.png,pixel,train,ISIC_0010440,train
ISIC_0010441,1,skin/Train/ISBI2016_ISIC_Part3B_Training_Data/ISIC_0010441.jpg,skin/Train/ISBI2016_ISIC_Part1_Training_GroundTruth/ISIC_0010441_Segmentation.png,pixel,train,ISIC_0010441,train
ISIC_0010442,0,skin/Train/ISBI2016_ISIC_Part3B_Training_Data/ISIC_0010442.jpg,skin/Train/ISBI2016_ISIC_Part1_Training_GroundTruth/ISIC_0010442_Segmentation.png,pixel,train,ISIC_0010442,train
ISIC_0010443,0,skin/Train/ISBI2016_ISIC_Part3B_Training_Data/ISIC_0010443.jpg,skin/Train/ISBI2016_ISIC_Part1_Training_GroundTruth/ISIC_0010443_Segmentation.png,pixel,train,ISIC_0010443,train
ISIC_0010445,0,skin/Train/ISBI2016_ISIC_Part3B_Training_Data/ISIC_0010445.jpg,skin/Train/ISBI2016_ISIC_Part1_Training_GroundTruth/ISIC_0010445_Segmentation.png,pixel,train,ISIC_0010445,val
ISIC_0010447,0,skin/Train/ISBI2016_ISIC_Part3B_Training_Data/ISIC_0010447.jpg,skin/Train/ISBI2016_ISIC_Part1_Training_GroundTruth/ISIC_0010447_Segmentation.png,pixel,train,ISIC_0010447,val
ISIC_0010450,0,skin/Train/ISBI2016_ISIC_Part3B_Training_Data/ISIC_0010450.jpg,skin/Train/ISBI2016_ISIC_Part1_Training_GroundTruth/ISIC_0010450_Segmentation.png,pixel,train,ISIC_0010450,train
ISIC_0010455,0,skin/Train/ISBI2016_ISIC_Part3B_Training_Data/ISIC_0010455.jpg,skin/Train/ISBI2016_ISIC_Part1_Training_GroundTruth/ISIC_0010455_Segmentation.png,pixel,train,ISIC_0010455,train
ISIC_0010457,0,skin/Train/ISBI2016_ISIC_Part3B_Training_Data/ISIC_0010457.jpg,skin/Train/ISBI2016_ISIC_Part1_Training_GroundTruth/ISIC_0010457_Segmentation.png,pixel,train,ISIC_0010457,val
ISIC_0010458,0,skin/Train/ISBI2016_ISIC_Part3B_Training_Data/ISIC_0010458.jpg,skin/Train/ISBI2016_ISIC_Part1_Training_GroundTruth/ISIC_0010458_Segmentation.png,pixel,train,ISIC_0010458,train
ISIC_0010459,0,skin/Train/ISBI2016_ISIC_Part3B_Training_Data/ISIC_0010459.jpg,skin/Train/ISBI2016_ISIC_Part1_Training_GroundTruth/ISIC_0010459_Segmentation.png,pixel,train,ISIC_0010459,train
ISIC_0010461,0,skin/Train/ISBI2016_ISIC_Part3B_Training_Data/ISIC_0010461.jpg,skin/Train/ISBI2016_ISIC_Part1_Training_GroundTruth/ISIC_0010461_Segmentation.png,pixel,train,ISIC_0010461,train
ISIC_0010462,0,skin/Train/ISBI2016_ISIC_Part3B_Training_Data/ISIC_0010462.jpg,skin/Train/ISBI2016_ISIC_Part1_Training_GroundTruth/ISIC_0010462_Segmentation.png,pixel,train,ISIC_0010462,train
ISIC_0010464,0,skin/Train/ISBI2016_ISIC_Part3B_Training_Data/ISIC_0010464.jpg,skin/Train/ISBI2016_ISIC_Part1_Training_GroundTruth/ISIC_0010464_Segmentation.png,pixel,train,ISIC_0010464,train
ISIC_0010465,0,skin/Train/ISBI2016_ISIC_Part3B_Training_Data/ISIC_0010465.jpg,skin/Train/ISBI2016_ISIC_Part1_Training_GroundTruth/ISIC_0010465_Segmentation.png,pixel,train,ISIC_0010465,train
ISIC_0010466,1,skin/Train/ISBI2016_ISIC_Part3B_Training_Data/ISIC_0010466.jpg,skin/Train/ISBI2016_ISIC_Part1_Training_GroundTruth/ISIC_0010466_Segmentation.png,pixel,train,ISIC_0010466,train
ISIC_0010467,0,skin/Train/ISBI2016_ISIC_Part3B_Training_Data/ISIC_0010467.jpg,skin/Train/ISBI2016_ISIC_Part1_Training_GroundTruth/ISIC_0010467_Segmentation.png,pixel,train,ISIC_0010467,train
ISIC_0010468,1,skin/Train/ISBI2016_ISIC_Part3B_Training_Data/ISIC_0010468.jpg,skin/Train/ISBI2016_ISIC_Part1_Training_GroundTruth/ISIC_0010468_Segmentation.png,pixel,train,ISIC_0010468,train
ISIC_0010471,0,skin/Train/ISBI2016_ISIC_Part3B_Training_Data/ISIC_0010471.jpg,skin/Train/ISBI2016_ISIC_Part1_Training_GroundTruth/ISIC_0010471_Segmentation.png,pixel,train,ISIC_0010471,train
ISIC_0010472,0,skin/Train/ISBI2016_ISIC_Part3B_Training_Data/ISIC_0010472.jpg,skin/Train/ISBI2016_ISIC_Part1_Training_GroundTruth/ISIC_0010472_Segmentation.png,pixel,train,ISIC_0010472,train
ISIC_0010473,0,skin/Train/ISBI2016_ISIC_Part3B_Training_Data/ISIC_0010473.jpg,skin/Train/ISBI2016_ISIC_Part1_Training_GroundTruth/ISIC_0010473_Segmentation.png,pixel,train,ISIC_0010473,train
ISIC_0010475,0,skin/Train/ISBI2016_ISIC_Part3B_Training_Data/ISIC_0010475.jpg,skin/Train/ISBI2016_ISIC_Part1_Training_GroundTruth/ISIC_0010475_Segmentation.png,pixel,train,ISIC_0010475,train
ISIC_0010476,1,skin/Train/ISBI2016_ISIC_Part3B_Training_Data/ISIC_0010476.jpg,skin/Train/ISBI2016_ISIC_Part1_Training_GroundTruth/ISIC_0010476_Segmentation.png,pixel,train,ISIC_0010476,train
ISIC_0010479,0,skin/Train/ISBI2016_ISIC_Part3B_Training_Data/ISIC_0010479.jpg,skin/Train/ISBI2016_ISIC_Part1_Training_GroundTruth/ISIC_0010479_Segmentation.png,pixel,train,ISIC_0010479,train
ISIC_0010480,0,skin/Train/ISBI2016_ISIC_Part3B_Training_Data/ISIC_0010480.jpg,skin/Train/ISBI2016_ISIC_Part1_Training_GroundTruth/ISIC_0010480_Segmentation.png,pixel,train,ISIC_0010480,train
ISIC_0010481,0,skin/Train/ISBI2016_ISIC_Part3B_Training_Data/ISIC_0010481.jpg,skin/Train/ISBI2016_ISIC_Part1_Training_GroundTruth/ISIC_0010481_Segmentation.png,pixel,train,ISIC_0010481,train
ISIC_0010487,0,skin/Train/ISBI2016_ISIC_Part3B_Training_Data/ISIC_0010487.jpg,skin/Train/ISBI2016_ISIC_Part1_Training_GroundTruth/ISIC_0010487_Segmentation.png,pixel,train,ISIC_0010487,val
ISIC_0010488,0,skin/Train/ISBI2016_ISIC_Part3B_Training_Data/ISIC_0010488.jpg,skin/Train/ISBI2016_ISIC_Part1_Training_GroundTruth/ISIC_0010488_Segmentation.png,pixel,train,ISIC_0010488,train
ISIC_0010490,0,skin/Train/ISBI2016_ISIC_Part3B_Training_Data/ISIC_0010490.jpg,skin/Train/ISBI2016_ISIC_Part1_Training_GroundTruth/ISIC_0010490_Segmentation.png,pixel,train,ISIC_0010490,train
ISIC_0010491,0,skin/Train/ISBI2016_ISIC_Part3B_Training_Data/ISIC_0010491.jpg,skin/Train/ISBI2016_ISIC_Part1_Training_GroundTruth/ISIC_0010491_Segmentation.png,pixel,train,ISIC_0010491,train
ISIC_0010492,0,skin/Train/ISBI2016_ISIC_Part3B_Training_Data/ISIC_0010492.jpg,skin/Train/ISBI2016_ISIC_Part1_Training_GroundTruth/ISIC_0010492_Segmentation.png,pixel,train,ISIC_0010492,train
ISIC_0010493,0,skin/Train/ISBI2016_ISIC_Part3B_Training_Data/ISIC_0010493.jpg,skin/Train/ISBI2016_ISIC_Part1_Training_GroundTruth/ISIC_0010493_Segmentation.png,pixel,train,ISIC_0010493,train
ISIC_0010495,1,skin/Train/ISBI2016_ISIC_Part3B_Training_Data/ISIC_0010495.jpg,skin/Train/ISBI2016_ISIC_Part1_Training_GroundTruth/ISIC_0010495_Segmentation.png,pixel,train,ISIC_0010495,train
ISIC_0010496,0,skin/Train/ISBI2016_ISIC_Part3B_Training_Data/ISIC_0010496.jpg,skin/Train/ISBI2016_ISIC_Part1_Training_GroundTruth/ISIC_0010496_Segmentation.png,pixel,train,ISIC_0010496,train
ISIC_0010497,0,skin/Train/ISBI2016_ISIC_Part3B_Training_Data/ISIC_0010497.jpg,skin/Train/ISBI2016_ISIC_Part1_Training_GroundTruth/ISIC_0010497_Segmentation.png,pixel,train,ISIC_0010497,train
ISIC_0010554,0,skin/Train/ISBI2016_ISIC_Part3B_Training_Data/ISIC_0010554.jpg,skin/Train/ISBI2016_ISIC_Part1_Training_GroundTruth/ISIC_0010554_Segmentation.png,pixel,train,ISIC_0010554,val
ISIC_0010557,0,skin/Train/ISBI2016_ISIC_Part3B_Training_Data/ISIC_0010557.jpg,skin/Train/ISBI2016_ISIC_Part1_Training_GroundTruth/ISIC_0010557_Segmentation.png,pixel,train,ISIC_0010557,train
ISIC_0010558,0,skin/Train/ISBI2016_ISIC_Part3B_Training_Data/ISIC_0010558.jpg,skin/Train/ISBI2016_ISIC_Part1_Training_GroundTruth/ISIC_0010558_Segmentation.png,pixel,train,ISIC_0010558,train
ISIC_0010562,0,skin/Train/ISBI2016_ISIC_Part3B_Training_Data/ISIC_0010562.jpg,skin/Train/ISBI2016_ISIC_Part1_Training_GroundTruth/ISIC_0010562_Segmentation.png,pixel,train,ISIC_0010562,train
ISIC_0010566,0,skin/Train/ISBI2016_ISIC_Part3B_Training_Data/ISIC_0010566.jpg,skin/Train/ISBI2016_ISIC_Part1_Training_GroundTruth/ISIC_0010566_Segmentation.png,pixel,train,ISIC_0010566,train
ISIC_0010567,0,skin/Train/ISBI2016_ISIC_Part3B_Training_Data/ISIC_0010567.jpg,skin/Train/ISBI2016_ISIC_Part1_Training_GroundTruth/ISIC_0010567_Segmentation.png,pixel,train,ISIC_0010567,train
ISIC_0010568,0,skin/Train/ISBI2016_ISIC_Part3B_Training_Data/ISIC_0010568.jpg,skin/Train/ISBI2016_ISIC_Part1_Training_GroundTruth/ISIC_0010568_Segmentation.png,pixel,train,ISIC_0010568,train
ISIC_0010569,0,skin/Train/ISBI2016_ISIC_Part3B_Training_Data/ISIC_0010569.jpg,skin/Train/ISBI2016_ISIC_Part1_Training_GroundTruth/ISIC_0010569_Segmentation.png,pixel,train,ISIC_0010569,train
ISIC_0010570,0,skin/Train/ISBI2016_ISIC_Part3B_Training_Data/ISIC_0010570.jpg,skin/Train/ISBI2016_ISIC_Part1_Training_GroundTruth/ISIC_0010570_Segmentation.png,pixel,train,ISIC_0010570,train
ISIC_0010571,0,skin/Train/ISBI2016_ISIC_Part3B_Training_Data/ISIC_0010571.jpg,skin/Train/ISBI2016_ISIC_Part1_Training_GroundTruth/ISIC_0010571_Segmentation.png,pixel,train,ISIC_0010571,train
ISIC_0010572,0,skin/Train/ISBI2016_ISIC_Part3B_Training_Data/ISIC_0010572.jpg,skin/Train/ISBI2016_ISIC_Part1_Training_GroundTruth/ISIC_0010572_Segmentation.png,pixel,train,ISIC_0010572,train
ISIC_0010573,0,skin/Train/ISBI2016_ISIC_Part3B_Training_Data/ISIC_0010573.jpg,skin/Train/ISBI2016_ISIC_Part1_Training_GroundTruth/ISIC_0010573_Segmentation.png,pixel,train,ISIC_0010573,train
ISIC_0010575,0,skin/Train/ISBI2016_ISIC_Part3B_Training_Data/ISIC_0010575.jpg,skin/Train/ISBI2016_ISIC_Part1_Training_GroundTruth/ISIC_0010575_Segmentation.png,pixel,train,ISIC_0010575,val
ISIC_0010576,1,skin/Train/ISBI2016_ISIC_Part3B_Training_Data/ISIC_0010576.jpg,skin/Train/ISBI2016_ISIC_Part1_Training_GroundTruth/ISIC_0010576_Segmentation.png,pixel,train,ISIC_0010576,train
ISIC_0010577,0,skin/Train/ISBI2016_ISIC_Part3B_Training_Data/ISIC_0010577.jpg,skin/Train/ISBI2016_ISIC_Part1_Training_GroundTruth/ISIC_0010577_Segmentation.png,pixel,train,ISIC_0010577,val
ISIC_0010581,0,skin/Train/ISBI2016_ISIC_Part3B_Training_Data/ISIC_0010581.jpg,skin/Train/ISBI2016_ISIC_Part1_Training_GroundTruth/ISIC_0010581_Segmentation.png,pixel,train,ISIC_0010581,val
ISIC_0010585,0,skin/Train/ISBI2016_ISIC_Part3B_Training_Data/ISIC_0010585.jpg,skin/Train/ISBI2016_ISIC_Part1_Training_GroundTruth/ISIC_0010585_Segmentation.png,pixel,train,ISIC_0010585,train
ISIC_0010586,0,skin/Train/ISBI2016_ISIC_Part3B_Training_Data/ISIC_0010586.jpg,skin/Train/ISBI2016_ISIC_Part1_Training_GroundTruth/ISIC_0010586_Segmentation.png,pixel,train,ISIC_0010586,train
ISIC_0010589,0,skin/Train/ISBI2016_ISIC_Part3B_Training_Data/ISIC_0010589.jpg,skin/Train/ISBI2016_ISIC_Part1_Training_GroundTruth/ISIC_0010589_Segmentation.png,pixel,train,ISIC_0010589,train
ISIC_0010590,0,skin/Train/ISBI2016_ISIC_Part3B_Training_Data/ISIC_0010590.jpg,skin/Train/ISBI2016_ISIC_Part1_Training_GroundTruth/ISIC_0010590_Segmentation.png,pixel,train,ISIC_0010590,train
ISIC_0010593,0,skin/Train/ISBI2016_ISIC_Part3B_Training_Data/ISIC_0010593.jpg,skin/Train/ISBI2016_ISIC_Part1_Training_GroundTruth/ISIC_0010593_Segmentation.png,pixel,train,ISIC_0010593,val
ISIC_0010594,0,skin/Train/ISBI2016_ISIC_Part3B_Training_Data/ISIC_0010594.jpg,skin/Train/ISBI2016_ISIC_Part1_Training_GroundTruth/ISIC_0010594_Segmentation.png,pixel,train,ISIC_0010594,train
ISIC_0010595,0,skin/Train/ISBI2016_ISIC_Part3B_Training_Data/ISIC_0010595.jpg,skin/Train/ISBI2016_ISIC_Part1_Training_GroundTruth/ISIC_0010595_Segmentation.png,pixel,train,ISIC_0010595,val
ISIC_0010602,0,skin/Train/ISBI2016_ISIC_Part3B_Training_Data/ISIC_0010602.jpg,skin/Train/ISBI2016_ISIC_Part1_Training_GroundTruth/ISIC_0010602_Segmentation.png,pixel,train,ISIC_0010602,train
ISIC_0010603,0,skin/Train/ISBI2016_ISIC_Part3B_Training_Data/ISIC_0010603.jpg,skin/Train/ISBI2016_ISIC_Part1_Training_GroundTruth/ISIC_0010603_Segmentation.png,pixel,train,ISIC_0010603,train
ISIC_0010605,0,skin/Train/ISBI2016_ISIC_Part3B_Training_Data/ISIC_0010605.jpg,skin/Train/ISBI2016_ISIC_Part1_Training_GroundTruth/ISIC_0010605_Segmentation.png,pixel,train,ISIC_0010605,train
ISIC_0010844,0,skin/Train/ISBI2016_ISIC_Part3B_Training_Data/ISIC_0010844.jpg,skin/Train/ISBI2016_ISIC_Part1_Training_GroundTruth/ISIC_0010844_Segmentation.png,pixel,train,ISIC_0010844,train
ISIC_0010848,0,skin/Train/ISBI2016_ISIC_Part3B_Training_Data/ISIC_0010848.jpg,skin/Train/ISBI2016_ISIC_Part1_Training_GroundTruth/ISIC_0010848_Segmentation.png,pixel,train,ISIC_0010848,train
ISIC_0010849,0,skin/Train/ISBI2016_ISIC_Part3B_Training_Data/ISIC_0010849.jpg,skin/Train/ISBI2016_ISIC_Part1_Training_GroundTruth/ISIC_0010849_Segmentation.png,pixel,train,ISIC_0010849,train
ISIC_0010850,0,skin/Train/ISBI2016_ISIC_Part3B_Training_Data/ISIC_0010850.jpg,skin/Train/ISBI2016_ISIC_Part1_Training_GroundTruth/ISIC_0010850_Segmentation.png,pixel,train,ISIC_0010850,train
ISIC_0010851,0,skin/Train/ISBI2016_ISIC_Part3B_Training_Data/ISIC_0010851.jpg,skin/Train/ISBI2016_ISIC_Part1_Training_GroundTruth/ISIC_0010851_Segmentation.png,pixel,train,ISIC_0010851,train
ISIC_0010852,1,skin/Train/ISBI2016_ISIC_Part3B_Training_Data/ISIC_0010852.jpg,skin/Train/ISBI2016_ISIC_Part1_Training_GroundTruth/ISIC_0010852_Segmentation.png,pixel,train,ISIC_0010852,train
ISIC_0010853,0,skin/Train/ISBI2016_ISIC_Part3B_Training_Data/ISIC_0010853.jpg,skin/Train/ISBI2016_ISIC_Part1_Training_GroundTruth/ISIC_0010853_Segmentation.png,pixel,train,ISIC_0010853,train
ISIC_0010857,0,skin/Train/ISBI2016_ISIC_Part3B_Training_Data/ISIC_0010857.jpg,skin/Train/ISBI2016_ISIC_Part1_Training_GroundTruth/ISIC_0010857_Segmentation.png,pixel,train,ISIC_0010857,train
ISIC_0010858,0,skin/Train/ISBI2016_ISIC_Part3B_Training_Data/ISIC_0010858.jpg,skin/Train/ISBI2016_ISIC_Part1_Training_GroundTruth/ISIC_0010858_Segmentation.png,pixel,train,ISIC_0010858,train
ISIC_0010860,1,skin/Train/ISBI2016_ISIC_Part3B_Training_Data/ISIC_0010860.jpg,skin/Train/ISBI2016_ISIC_Part1_Training_GroundTruth/ISIC_0010860_Segmentation.png,pixel,train,ISIC_0010860,val
ISIC_0010861,0,skin/Train/ISBI2016_ISIC_Part3B_Training_Data/ISIC_0010861.jpg,skin/Train/ISBI2016_ISIC_Part1_Training_GroundTruth/ISIC_0010861_Segmentation.png,pixel,train,ISIC_0010861,train
ISIC_0010862,1,skin/Train/ISBI2016_ISIC_Part3B_Training_Data/ISIC_0010862.jpg,skin/Train/ISBI2016_ISIC_Part1_Training_GroundTruth/ISIC_0010862_Segmentation.png,pixel,train,ISIC_0010862,train
ISIC_0010864,0,skin/Train/ISBI2016_ISIC_Part3B_Training_Data/ISIC_0010864.jpg,skin/Train/ISBI2016_ISIC_Part1_Training_GroundTruth/ISIC_0010864_Segmentation.png,pixel,train,ISIC_0010864,train
ISIC_0011079,0,skin/Train/ISBI2016_ISIC_Part3B_Training_Data/ISIC_0011079.jpg,skin/Train/ISBI2016_ISIC_Part1_Training_GroundTruth/ISIC_0011079_Segmentation.png,pixel,train,ISIC_0011079,train
ISIC_0011082,0,skin/Train/ISBI2016_ISIC_Part3B_Training_Data/ISIC_0011082.jpg,skin/Train/ISBI2016_ISIC_Part1_Training_GroundTruth/ISIC_0011082_Segmentation.png,pixel,train,ISIC_0011082,val
ISIC_0011084,0,skin/Train/ISBI2016_ISIC_Part3B_Training_Data/ISIC_0011084.jpg,skin/Train/ISBI2016_ISIC_Part1_Training_GroundTruth/ISIC_0011084_Segmentation.png,pixel,train,ISIC_0011084,train
ISIC_0011085,0,skin/Train/ISBI2016_ISIC_Part3B_Training_Data/ISIC_0011085.jpg,skin/Train/ISBI2016_ISIC_Part1_Training_GroundTruth/ISIC_0011085_Segmentation.png,pixel,train,ISIC_0011085,val
ISIC_0011088,0,skin/Train/ISBI2016_ISIC_Part3B_Training_Data/ISIC_0011088.jpg,skin/Train/ISBI2016_ISIC_Part1_Training_GroundTruth/ISIC_0011088_Segmentation.png,pixel,train,ISIC_0011088,train
ISIC_0011095,1,skin/Train/ISBI2016_ISIC_Part3B_Training_Data/ISIC_0011095.jpg,skin/Train/ISBI2016_ISIC_Part1_Training_GroundTruth/ISIC_0011095_Segmentation.png,pixel,train,ISIC_0011095,train
ISIC_0011097,0,skin/Train/ISBI2016_ISIC_Part3B_Training_Data/ISIC_0011097.jpg,skin/Train/ISBI2016_ISIC_Part1_Training_GroundTruth/ISIC_0011097_Segmentation.png,pixel,train,ISIC_0011097,train
ISIC_0011099,1,skin/Train/ISBI2016_ISIC_Part3B_Training_Data/ISIC_0011099.jpg,skin/Train/ISBI2016_ISIC_Part1_Training_GroundTruth/ISIC_0011099_Segmentation.png,pixel,train,ISIC_0011099,val
ISIC_0011100,0,skin/Train/ISBI2016_ISIC_Part3B_Training_Data/ISIC_0011100.jpg,skin/Train/ISBI2016_ISIC_Part1_Training_GroundTruth/ISIC_0011100_Segmentation.png,pixel,train,ISIC_0011100,train
ISIC_0011102,0,skin/Train/ISBI2016_ISIC_Part3B_Training_Data/ISIC_0011102.jpg,skin/Train/ISBI2016_ISIC_Part1_Training_GroundTruth/ISIC_0011102_Segmentation.png,pixel,train,ISIC_0011102,train
ISIC_0011105,0,skin/Train/ISBI2016_ISIC_Part3B_Training_Data/ISIC_0011105.jpg,skin/Train/ISBI2016_ISIC_Part1_Training_GroundTruth/ISIC_0011105_Segmentation.png,pixel,train,ISIC_0011105,train
ISIC_0011109,0,skin/Train/ISBI2016_ISIC_Part3B_Training_Data/ISIC_0011109.jpg,skin/Train/ISBI2016_ISIC_Part1_Training_GroundTruth/ISIC_0011109_Segmentation.png,pixel,train,ISIC_0011109,train
ISIC_0011114,0,skin/Train/ISBI2016_ISIC_Part3B_Training_Data/ISIC_0011114.jpg,skin/Train/ISBI2016_ISIC_Part1_Training_GroundTruth/ISIC_0011114_Segmentation.png,pixel,train,ISIC_0011114,train
ISIC_0011115,0,skin/Train/ISBI2016_ISIC_Part3B_Training_Data/ISIC_0011115.jpg,skin/Train/ISBI2016_ISIC_Part1_Training_GroundTruth/ISIC_0011115_Segmentation.png,pixel,train,ISIC_0011115,val
ISIC_0011116,0,skin/Train/ISBI2016_ISIC_Part3B_Training_Data/ISIC_0011116.jpg,skin/Train/ISBI2016_ISIC_Part1_Training_GroundTruth/ISIC_0011116_Segmentation.png,pixel,train,ISIC_0011116,val
ISIC_0011117,0,skin/Train/ISBI2016_ISIC_Part3B_Training_Data/ISIC_0011117.jpg,skin/Train/ISBI2016_ISIC_Part1_Training_GroundTruth/ISIC_0011117_Segmentation.png,pixel,train,ISIC_0011117,train
ISIC_0011118,1,skin/Train/ISBI2016_ISIC_Part3B_Training_Data/ISIC_0011118.jpg,skin/Train/ISBI2016_ISIC_Part1_Training_GroundTruth/ISIC_0011118_Segmentation.png,pixel,train,ISIC_0011118,train
ISIC_0011119,0,skin/Train/ISBI2016_ISIC_Part3B_Training_Data/ISIC_0011119.jpg,skin/Train/ISBI2016_ISIC_Part1_Training_GroundTruth/ISIC_0011119_Segmentation.png,pixel,train,ISIC_0011119,train
ISIC_0011120,0,skin/Train/ISBI2016_ISIC_Part3B_Training_Data/ISIC_0011120.jpg,skin/Train/ISBI2016_ISIC_Part1_Training_GroundTruth/ISIC_0011120_Segmentation.png,pixel,train,ISIC_0011120,train
ISIC_0011121,1,skin/Train/ISBI2016_ISIC_Part3B_Training_Data/ISIC_0011121.jpg,skin/Train/ISBI2016_ISIC_Part1_Training_GroundTruth/ISIC_0011121_Segmentation.png,pixel,train,ISIC_0011121,train
ISIC_0011123,0,skin/Train/ISBI2016_ISIC_Part3B_Training_Data/ISIC_0011123.jpg,skin/Train/ISBI2016_ISIC_Part1_Training_GroundTruth/ISIC_0011123_Segmentation.png,pixel,train,ISIC_0011123,train
ISIC_0011124,0,skin/Train/ISBI2016_ISIC_Part3B_Training_Data/ISIC_0011124.jpg,skin/Train/ISBI2016_ISIC_Part1_Training_GroundTruth/ISIC_0011124_Segmentation.png,pixel,train,ISIC_0011124,train
ISIC_0011125,1,skin/Train/ISBI2016_ISIC_Part3B_Training_Data/ISIC_0011125.jpg,skin/Train/ISBI2016_ISIC_Part1_Training_GroundTruth/ISIC_0011125_Segmentation.png,pixel,train,ISIC_0011125,train
ISIC_0011126,1,skin/Train/ISBI2016_ISIC_Part3B_Training_Data/ISIC_0011126.jpg,skin/Train/ISBI2016_ISIC_Part1_Training_GroundTruth/ISIC_0011126_Segmentation.png,pixel,train,ISIC_0011126,train
ISIC_0011127,0,skin/Train/ISBI2016_ISIC_Part3B_Training_Data/ISIC_0011127.jpg,skin/Train/ISBI2016_ISIC_Part1_Training_GroundTruth/ISIC_0011127_Segmentation.png,pixel,train,ISIC_0011127,train
ISIC_0011128,1,skin/Train/ISBI2016_ISIC_Part3B_Training_Data/ISIC_0011128.jpg,skin/Train/ISBI2016_ISIC_Part1_Training_GroundTruth/ISIC_0011128_Segmentation.png,pixel,train,ISIC_0011128,train
ISIC_0011130,1,skin/Train/ISBI2016_ISIC_Part3B_Training_Data/ISIC_0011130.jpg,skin/Train/ISBI2016_ISIC_Part1_Training_GroundTruth/ISIC_0011130_Segmentation.png,pixel,train,ISIC_0011130,train
ISIC_0011131,0,skin/Train/ISBI2016_ISIC_Part3B_Training_Data/ISIC_0011131.jpg,skin/Train/ISBI2016_ISIC_Part1_Training_GroundTruth/ISIC_0011131_Segmentation.png,pixel,train,ISIC_0011131,train
ISIC_0011135,1,skin/Train/ISBI2016_ISIC_Part3B_Training_Data/ISIC_0011135.jpg,skin/Train/ISBI2016_ISIC_Part1_Training_GroundTruth/ISIC_0011135_Segmentation.png,pixel,train,ISIC_0011135,train
ISIC_0011136,1,skin/Train/ISBI2016_ISIC_Part3B_Training_Data/ISIC_0011136.jpg,skin/Train/ISBI2016_ISIC_Part1_Training_GroundTruth/ISIC_0011136_Segmentation.png,pixel,train,ISIC_0011136,train
ISIC_0011137,1,skin/Train/ISBI2016_ISIC_Part3B_Training_Data/ISIC_0011137.jpg,skin/Train/ISBI2016_ISIC_Part1_Training_GroundTruth/ISIC_0011137_Segmentation.png,pixel,train,ISIC_0011137,val
ISIC_0011139,1,skin/Train/ISBI2016_ISIC_Part3B_Training_Data/ISIC_0011139.jpg,skin/Train/ISBI2016_ISIC_Part1_Training_GroundTruth/ISIC_0011139_Segmentation.png,pixel,train,ISIC_0011139,train
ISIC_0011140,1,skin/Train/ISBI2016_ISIC_Part3B_Training_Data/ISIC_0011140.jpg,skin/Train/ISBI2016_ISIC_Part1_Training_GroundTruth/ISIC_0011140_Segmentation.png,pixel,train,ISIC_0011140,val
ISIC_0011141,1,skin/Train/ISBI2016_ISIC_Part3B_Training_Data/ISIC_0011141.jpg,skin/Train/ISBI2016_ISIC_Part1_Training_GroundTruth/ISIC_0011141_Segmentation.png,pixel,train,ISIC_0011141,train
ISIC_0011144,0,skin/Train/ISBI2016_ISIC_Part3B_Training_Data/ISIC_0011144.jpg,skin/Train/ISBI2016_ISIC_Part1_Training_GroundTruth/ISIC_0011144_Segmentation.png,pixel,train,ISIC_0011144,train
ISIC_0011145,0,skin/Train/ISBI2016_ISIC_Part3B_Training_Data/ISIC_0011145.jpg,skin/Train/ISBI2016_ISIC_Part1_Training_GroundTruth/ISIC_0011145_Segmentation.png,pixel,train,ISIC_0011145,train
ISIC_0011146,0,skin/Train/ISBI2016_ISIC_Part3B_Training_Data/ISIC_0011146.jpg,skin/Train/ISBI2016_ISIC_Part1_Training_GroundTruth/ISIC_0011146_Segmentation.png,pixel,train,ISIC_0011146,train
ISIC_0011156,0,skin/Train/ISBI2016_ISIC_Part3B_Training_Data/ISIC_0011156.jpg,skin/Train/ISBI2016_ISIC_Part1_Training_GroundTruth/ISIC_0011156_Segmentation.png,pixel,train,ISIC_0011156,train
ISIC_0011157,0,skin/Train/ISBI2016_ISIC_Part3B_Training_Data/ISIC_0011157.jpg,skin/Train/ISBI2016_ISIC_Part1_Training_GroundTruth/ISIC_0011157_Segmentation.png,pixel,train,ISIC_0011157,train
ISIC_0011158,1,skin/Train/ISBI2016_ISIC_Part3B_Training_Data/ISIC_0011158.jpg,skin/Train/ISBI2016_ISIC_Part1_Training_GroundTruth/ISIC_0011158_Segmentation.png,pixel,train,ISIC_0011158,train
ISIC_0011159,0,skin/Train/ISBI2016_ISIC_Part3B_Training_Data/ISIC_0011159.jpg,skin/Train/ISBI2016_ISIC_Part1_Training_GroundTruth/ISIC_0011159_Segmentation.png,pixel,train,ISIC_0011159,train
ISIC_0011161,1,skin/Train/ISBI2016_ISIC_Part3B_Training_Data/ISIC_0011161.jpg,skin/Train/ISBI2016_ISIC_Part1_Training_GroundTruth/ISIC_0011161_Segmentation.png,pixel,train,ISIC_0011161,train
ISIC_0011163,1,skin/Train/ISBI2016_ISIC_Part3B_Training_Data/ISIC_0011163.jpg,skin/Train/ISBI2016_ISIC_Part1_Training_GroundTruth/ISIC_0011163_Segmentation.png,pixel,train,ISIC_0011163,train
ISIC_0011164,0,skin/Train/ISBI2016_ISIC_Part3B_Training_Data/ISIC_0011164.jpg,skin/Train/ISBI2016_ISIC_Part1_Training_GroundTruth/ISIC_0011164_Segmentation.png,pixel,train,ISIC_0011164,val
ISIC_0011165,0,skin/Train/ISBI2016_ISIC_Part3B_Training_Data/ISIC_0011165.jpg,skin/Train/ISBI2016_ISIC_Part1_Training_GroundTruth/ISIC_0011165_Segmentation.png,pixel,train,ISIC_0011165,train
ISIC_0011166,1,skin/Train/ISBI2016_ISIC_Part3B_Training_Data/ISIC_0011166.jpg,skin/Train/ISBI2016_ISIC_Part1_Training_GroundTruth/ISIC_0011166_Segmentation.png,pixel,train,ISIC_0011166,train
ISIC_0011169,1,skin/Train/ISBI2016_ISIC_Part3B_Training_Data/ISIC_0011169.jpg,skin/Train/ISBI2016_ISIC_Part1_Training_GroundTruth/ISIC_0011169_Segmentation.png,pixel,train,ISIC_0011169,train
ISIC_0011170,0,skin/Train/ISBI2016_ISIC_Part3B_Training_Data/ISIC_0011170.jpg,skin/Train/ISBI2016_ISIC_Part1_Training_GroundTruth/ISIC_0011170_Segmentation.png,pixel,train,ISIC_0011170,val
ISIC_0011173,0,skin/Train/ISBI2016_ISIC_Part3B_Training_Data/ISIC_0011173.jpg,skin/Train/ISBI2016_ISIC_Part1_Training_GroundTruth/ISIC_0011173_Segmentation.png,pixel,train,ISIC_0011173,train
ISIC_0011199,0,skin/Train/ISBI2016_ISIC_Part3B_Training_Data/ISIC_0011199.jpg,skin/Train/ISBI2016_ISIC_Part1_Training_GroundTruth/ISIC_0011199_Segmentation.png,pixel,train,ISIC_0011199,train
ISIC_0011200,0,skin/Train/ISBI2016_ISIC_Part3B_Training_Data/ISIC_0011200.jpg,skin/Train/ISBI2016_ISIC_Part1_Training_GroundTruth/ISIC_0011200_Segmentation.png,pixel,train,ISIC_0011200,train
ISIC_0011202,0,skin/Train/ISBI2016_ISIC_Part3B_Training_Data/ISIC_0011202.jpg,skin/Train/ISBI2016_ISIC_Part1_Training_GroundTruth/ISIC_0011202_Segmentation.png,pixel,train,ISIC_0011202,train
ISIC_0011203,0,skin/Train/ISBI2016_ISIC_Part3B_Training_Data/ISIC_0011203.jpg,skin/Train/ISBI2016_ISIC_Part1_Training_GroundTruth/ISIC_0011203_Segmentation.png,pixel,train,ISIC_0011203,train
ISIC_0011207,0,skin/Train/ISBI2016_ISIC_Part3B_Training_Data/ISIC_0011207.jpg,skin/Train/ISBI2016_ISIC_Part1_Training_GroundTruth/ISIC_0011207_Segmentation.png,pixel,train,ISIC_0011207,train
ISIC_0011208,0,skin/Train/ISBI2016_ISIC_Part3B_Training_Data/ISIC_0011208.jpg,skin/Train/ISBI2016_ISIC_Part1_Training_GroundTruth/ISIC_0011208_Segmentation.png,pixel,train,ISIC_0011208,train
ISIC_0011210,1,skin/Train/ISBI2016_ISIC_Part3B_Training_Data/ISIC_0011210.jpg,skin/Train/ISBI2016_ISIC_Part1_Training_GroundTruth/ISIC_0011210_Segmentation.png,pixel,train,ISIC_0011210,train
ISIC_0011211,0,skin/Train/ISBI2016_ISIC_Part3B_Training_Data/ISIC_0011211.jpg,skin/Train/ISBI2016_ISIC_Part1_Training_GroundTruth/ISIC_0011211_Segmentation.png,pixel,train,ISIC_0011211,train
ISIC_0011212,0,skin/Train/ISBI2016_ISIC_Part3B_Training_Data/ISIC_0011212.jpg,skin/Train/ISBI2016_ISIC_Part1_Training_GroundTruth/ISIC_0011212_Segmentation.png,pixel,train,ISIC_0011212,train
ISIC_0011214,0,skin/Train/ISBI2016_ISIC_Part3B_Training_Data/ISIC_0011214.jpg,skin/Train/ISBI2016_ISIC_Part1_Training_GroundTruth/ISIC_0011214_Segmentation.png,pixel,train,ISIC_0011214,train
ISIC_0011215,0,skin/Train/ISBI2016_ISIC_Part3B_Training_Data/ISIC_0011215.jpg,skin/Train/ISBI2016_ISIC_Part1_Training_GroundTruth/ISIC_0011215_Segmentation.png,pixel,train,ISIC_0011215,train
ISIC_0011217,0,skin/Train/ISBI2016_ISIC_Part3B_Training_Data/ISIC_0011217.jpg,skin/Train/ISBI2016_ISIC_Part1_Training_GroundTruth/ISIC_0011217_Segmentation.png,pixel,train,ISIC_0011217,train
ISIC_0011218,0,skin/Train/ISBI2016_ISIC_Part3B_Training_Data/ISIC_0011218.jpg,skin/Train/ISBI2016_ISIC_Part1_Training_GroundTruth/ISIC_0011218_Segmentation.png,pixel,train,ISIC_0011218,train
ISIC_0011220,0,skin/Train/ISBI2016_ISIC_Part3B_Training_Data/ISIC_0011220.jpg,skin/Train/ISBI2016_ISIC_Part1_Training_GroundTruth/ISIC_0011220_Segmentation.png,pixel,train,ISIC_0011220,val
ISIC_0011223,0,skin/Train/ISBI2016_ISIC_Part3B_Training_Data/ISIC_0011223.jpg,skin/Train/ISBI2016_ISIC_Part1_Training_GroundTruth/ISIC_0011223_Segmentation.png,pixel,train,ISIC_0011223,train
ISIC_0011225,0,skin/Train/ISBI2016_ISIC_Part3B_Training_Data/ISIC_0011225.jpg,skin/Train/ISBI2016_ISIC_Part1_Training_GroundTruth/ISIC_0011225_Segmentation.png,pixel,train,ISIC_0011225,train
ISIC_0011226,0,skin/Train/ISBI2016_ISIC_Part3B_Training_Data/ISIC_0011226.jpg,skin/Train/ISBI2016_ISIC_Part1_Training_GroundTruth/ISIC_0011226_Segmentation.png,pixel,train,ISIC_0011226,train
ISIC_0011228,0,skin/Train/ISBI2016_ISIC_Part3B_Training_Data/ISIC_0011228.jpg,skin/Train/ISBI2016_ISIC_Part1_Training_GroundTruth/ISIC_0011228_Segmentation.png,pixel,train,ISIC_0011228,val
ISIC_0011229,0,skin/Train/ISBI2016_ISIC_Part3B_Training_Data/ISIC_0011229.jpg,skin/Train/ISBI2016_ISIC_Part1_Training_GroundTruth/ISIC_0011229_Segmentation.png,pixel,train,ISIC_0011229,val
ISIC_0011230,0,skin/Train/ISBI2016_ISIC_Part3B_Training_Data/ISIC_0011230.jpg,skin/Train/ISBI2016_ISIC_Part1_Training_GroundTruth/ISIC_0011230_Segmentation.png,pixel,train,ISIC_0011230,train
ISIC_0011295,1,skin/Train/ISBI2016_ISIC_Part3B_Training_Data/ISIC_0011295.jpg,skin/Train/ISBI2016_ISIC_Part1_Training_GroundTruth/ISIC_0011295_Segmentation.png,pixel,train,ISIC_0011295,train
ISIC_0011296,0,skin/Train/ISBI2016_ISIC_Part3B_Training_Data/ISIC_0011296.jpg,skin/Train/ISBI2016_ISIC_Part1_Training_GroundTruth/ISIC_0011296_Segmentation.png,pixel,train,ISIC_0011296,train
ISIC_0011297,0,skin/Train/ISBI2016_ISIC_Part3B_Training_Data/ISIC_0011297.jpg,skin/Train/ISBI2016_ISIC_Part1_Training_GroundTruth/ISIC_0011297_Segmentation.png,pixel,train,ISIC_0011297,train
ISIC_0011299,0,skin/Train/ISBI2016_ISIC_Part3B_Training_Data/ISIC_0011299.jpg,skin/Train/ISBI2016_ISIC_Part1_Training_GroundTruth/ISIC_0011299_Segmentation.png,pixel,train,ISIC_0011299,val
ISIC_0011301,0,skin/Train/ISBI2016_ISIC_Part3B_Training_Data/ISIC_0011301.jpg,skin/Train/ISBI2016_ISIC_Part1_Training_GroundTruth/ISIC_0011301_Segmentation.png,pixel,train,ISIC_0011301,train
ISIC_0011303,0,skin/Train/ISBI2016_ISIC_Part3B_Training_Data/ISIC_0011303.jpg,skin/Train/ISBI2016_ISIC_Part1_Training_GroundTruth/ISIC_0011303_Segmentation.png,pixel,train,ISIC_0011303,train
ISIC_0011304,0,skin/Train/ISBI2016_ISIC_Part3B_Training_Data/ISIC_0011304.jpg,skin/Train/ISBI2016_ISIC_Part1_Training_GroundTruth/ISIC_0011304_Segmentation.png,pixel,train,ISIC_0011304,train
ISIC_0011306,0,skin/Train/ISBI2016_ISIC_Part3B_Training_Data/ISIC_0011306.jpg,skin/Train/ISBI2016_ISIC_Part1_Training_GroundTruth/ISIC_0011306_Segmentation.png,pixel,train,ISIC_0011306,train
ISIC_0011315,1,skin/Train/ISBI2016_ISIC_Part3B_Training_Data/ISIC_0011315.jpg,skin/Train/ISBI2016_ISIC_Part1_Training_GroundTruth/ISIC_0011315_Segmentation.png,pixel,train,ISIC_0011315,train
ISIC_0011317,0,skin/Train/ISBI2016_ISIC_Part3B_Training_Data/ISIC_0011317.jpg,skin/Train/ISBI2016_ISIC_Part1_Training_GroundTruth/ISIC_0011317_Segmentation.png,pixel,train,ISIC_0011317,train
ISIC_0011322,0,skin/Train/ISBI2016_ISIC_Part3B_Training_Data/ISIC_0011322.jpg,skin/Train/ISBI2016_ISIC_Part1_Training_GroundTruth/ISIC_0011322_Segmentation.png,pixel,train,ISIC_0011322,train
ISIC_0011323,0,skin/Train/ISBI2016_ISIC_Part3B_Training_Data/ISIC_0011323.jpg,skin/Train/ISBI2016_ISIC_Part1_Training_GroundTruth/ISIC_0011323_Segmentation.png,pixel,train,ISIC_0011323,train
ISIC_0011324,0,skin/Train/ISBI2016_ISIC_Part3B_Training_Data/ISIC_0011324.jpg,skin/Train/ISBI2016_ISIC_Part1_Training_GroundTruth/ISIC_0011324_Segmentation.png,pixel,train,ISIC_0011324,train
ISIC_0011326,0,skin/Train/ISBI2016_ISIC_Part3B_Training_Data/ISIC_0011326.jpg,skin/Train/ISBI2016_ISIC_Part1_Training_GroundTruth/ISIC_0011326_Segmentation.png,pixel,train,ISIC_0011326,train
ISIC_0011327,0,skin/Train/ISBI2016_ISIC_Part3B_Training_Data/ISIC_0011327.jpg,skin/Train/ISBI2016_ISIC_Part1_Training_GroundTruth/ISIC_0011327_Segmentation.png,pixel,train,ISIC_0011327,train
ISIC_0011328,0,skin/Train/ISBI2016_ISIC_Part3B_Training_Data/ISIC_0011328.jpg,skin/Train/ISBI2016_ISIC_Part1_Training_GroundTruth/ISIC_0011328_Segmentation.png,pixel,train,ISIC_0011328,train
ISIC_0011329,1,skin/Train/ISBI2016_ISIC_Part3B_Training_Data/ISIC_0011329.jpg,skin/Train/ISBI2016_ISIC_Part1_Training_GroundTruth/ISIC_0011329_Segmentation.png,pixel,train,ISIC_0011329,train
ISIC_0011330,0,skin/Train/ISBI2016_ISIC_Part3B_Training_Data/ISIC_0011330.jpg,skin/Train/ISBI2016_ISIC_Part1_Training_GroundTruth/ISIC_0011330_Segmentation.png,pixel,train,ISIC_0011330,train
ISIC_0011331,0,skin/Train/ISBI2016_ISIC_Part3B_Training_Data/ISIC_0011331.jpg,skin/Train/ISBI2016_ISIC_Part1_Training_GroundTruth/ISIC_0011331_Segmentation.png,pixel,train,ISIC_0011331,train
ISIC_0011332,0,skin/Train/ISBI2016_ISIC_Part3B_Training_Data/ISIC_0011332.jpg,skin/Train/ISBI2016_ISIC_Part1_Training_GroundTruth/ISIC_0011332_Segmentation.png,pixel,train,ISIC_0011332,val
ISIC_0011334,1,skin/Train/ISBI2016_ISIC_Part3B_Training_Data/ISIC_0011334.jpg,skin/Train/ISBI2016_ISIC_Part1_Training_GroundTruth/ISIC_0011334_Segmentation.png,pixel,train,ISIC_0011334,train
ISIC_0011339,0,skin/Train/ISBI2016_ISIC_Part3B_Training_Data/ISIC_0011339.jpg,skin/Train/ISBI2016_ISIC_Part1_Training_GroundTruth/ISIC_0011339_Segmentation.png,pixel,train,ISIC_0011339,train
ISIC_0011341,0,skin/Train/ISBI2016_ISIC_Part3B_Training_Data/ISIC_0011341.jpg,skin/Train/ISBI2016_ISIC_Part1_Training_GroundTruth/ISIC_0011341_Segmentation.png,pixel,train,ISIC_0011341,train
ISIC_0011343,0,skin/Train/ISBI2016_ISIC_Part3B_Training_Data/ISIC_0011343.jpg,skin/Train/ISBI2016_ISIC_Part1_Training_GroundTruth/ISIC_0011343_Segmentation.png,pixel,train,ISIC_0011343,train
ISIC_0011345,0,skin/Train/ISBI2016_ISIC_Part3B_Training_Data/ISIC_0011345.jpg,skin/Train/ISBI2016_ISIC_Part1_Training_GroundTruth/ISIC_0011345_Segmentation.png,pixel,train,ISIC_0011345,train
ISIC_0011346,0,skin/Train/ISBI2016_ISIC_Part3B_Training_Data/ISIC_0011346.jpg,skin/Train/ISBI2016_ISIC_Part1_Training_GroundTruth/ISIC_0011346_Segmentation.png,pixel,train,ISIC_0011346,train
ISIC_0011347,0,skin/Train/ISBI2016_ISIC_Part3B_Training_Data/ISIC_0011347.jpg,skin/Train/ISBI2016_ISIC_Part1_Training_GroundTruth/ISIC_0011347_Segmentation.png,pixel,train,ISIC_0011347,val
ISIC_0011348,1,skin/Train/ISBI2016_ISIC_Part3B_Training_Data/ISIC_0011348.jpg,skin/Train/ISBI2016_ISIC_Part1_Training_GroundTruth/ISIC_0011348_Segmentation.png,pixel,train,ISIC_0011348,train
ISIC_0011350,1,skin/Train/ISBI2016_ISIC_Part3B_Training_Data/ISIC_0011350.jpg,skin/Train/ISBI2016_ISIC_Part1_Training_GroundTruth/ISIC_0011350_Segmentation.png,pixel,train,ISIC_0011350,train
ISIC_0011352,0,skin/Train/ISBI2016_ISIC_Part3B_Training_Data/ISIC_0011352.jpg,skin/Train/ISBI2016_ISIC_Part1_Training_GroundTruth/ISIC_0011352_Segmentation.png,pixel,train,ISIC_0011352,train
ISIC_0011353,0,skin/Train/ISBI2016_ISIC_Part3B_Training_Data/ISIC_0011353.jpg,skin/Train/ISBI2016_ISIC_Part1_Training_GroundTruth/ISIC_0011353_Segmentation.png,pixel,train,ISIC_0011353,train
ISIC_0011354,0,skin/Train/ISBI2016_ISIC_Part3B_Training_Data/ISIC_0011354.jpg,skin/Train/ISBI2016_ISIC_Part1_Training_GroundTruth/ISIC_0011354_Segmentation.png,pixel,train,ISIC_0011354,val
ISIC_0011356,1,skin/Train/ISBI2016_ISIC_Part3B_Training_Data/ISIC_0011356.jpg,skin/Train/ISBI2016_ISIC_Part1_Training_GroundTruth/ISIC_0011356_Segmentation.png,pixel,train,ISIC_0011356,train
ISIC_0011357,0,skin/Train/ISBI2016_ISIC_Part3B_Training_Data/ISIC_0011357.jpg,skin/Train/ISBI2016_ISIC_Part1_Training_GroundTruth/ISIC_0011357_Segmentation.png,pixel,train,ISIC_0011357,train
ISIC_0011358,0,skin/Train/ISBI2016_ISIC_Part3B_Training_Data/ISIC_0011358.jpg,skin/Train/ISBI2016_ISIC_Part1_Training_GroundTruth/ISIC_0011358_Segmentation.png,pixel,train,ISIC_0011358,train
ISIC_0011360,0,skin/Train/ISBI2016_ISIC_Part3B_Training_Data/ISIC_0011360.jpg,skin/Train/ISBI2016_ISIC_Part1_Training_GroundTruth/ISIC_0011360_Segmentation.png,pixel,train,ISIC_0011360,train
ISIC_0011361,0,skin/Train/ISBI2016_ISIC_Part3B_Training_Data/ISIC_0011361.jpg,skin/Train/ISBI2016_ISIC_Part1_Training_GroundTruth/ISIC_0011361_Segmentation.png,pixel,train,ISIC_0011361,train
ISIC_0011362,0,skin/Train/ISBI2016_ISIC_Part3B_Training_Data/ISIC_0011362.jpg,skin/Train/ISBI2016_ISIC_Part1_Training_GroundTruth/ISIC_0011362_Segmentation.png,pixel,train,ISIC_0011362,train
ISIC_0011366,1,skin/Train/ISBI2016_ISIC_Part3B_Training_Data/ISIC_0011366.jpg,skin/Train/ISBI2016_ISIC_Part1_Training_GroundTruth/ISIC_0011366_Segmentation.png,pixel,train,ISIC_0011366,train
ISIC_0011372,0,skin/Train/ISBI2016_ISIC_Part3B_Training_Data/ISIC_0011372.jpg,skin/Train/ISBI2016_ISIC_Part1_Training_GroundTruth/ISIC_0011372_Segmentation.png,pixel,train,ISIC_0011372,train
ISIC_0011373,0,skin/Train/ISBI2016_ISIC_Part3B_Training_Data/ISIC_0011373.jpg,skin/Train/ISBI2016_ISIC_Part1_Training_GroundTruth/ISIC_0011373_Segmentation.png,pixel,train,ISIC_0011373,train
ISIC_0011378,0,skin/Train/ISBI2016_ISIC_Part3B_Training_Data/ISIC_0011378.jpg,skin/Train/ISBI2016_ISIC_Part1_Training_GroundTruth/ISIC_0011378_Segmentation.png,pixel,train,ISIC_0011378,train
ISIC_0011380,0,skin/Train/ISBI2016_ISIC_Part3B_Training_Data/ISIC_0011380.jpg,skin/Train/ISBI2016_ISIC_Part1_Training_GroundTruth/ISIC_0011380_Segmentation.png,pixel,train,ISIC_0011380,train
ISIC_0011382,0,skin/Train/ISBI2016_ISIC_Part3B_Training_Data/ISIC_0011382.jpg,skin/Train/ISBI2016_ISIC_Part1_Training_GroundTruth/ISIC_0011382_Segmentation.png,pixel,train,ISIC_0011382,val
ISIC_0011383,0,skin/Train/ISBI2016_ISIC_Part3B_Training_Data/ISIC_0011383.jpg,skin/Train/ISBI2016_ISIC_Part1_Training_GroundTruth/ISIC_0011383_Segmentation.png,pixel,train,ISIC_0011383,val
ISIC_0011385,0,skin/Train/ISBI2016_ISIC_Part3B_Training_Data/ISIC_0011385.jpg,skin/Train/ISBI2016_ISIC_Part1_Training_GroundTruth/ISIC_0011385_Segmentation.png,pixel,train,ISIC_0011385,train
ISIC_0011387,1,skin/Train/ISBI2016_ISIC_Part3B_Training_Data/ISIC_0011387.jpg,skin/Train/ISBI2016_ISIC_Part1_Training_GroundTruth/ISIC_0011387_Segmentation.png,pixel,train,ISIC_0011387,train
ISIC_0011390,1,skin/Train/ISBI2016_ISIC_Part3B_Training_Data/ISIC_0011390.jpg,skin/Train/ISBI2016_ISIC_Part1_Training_GroundTruth/ISIC_0011390_Segmentation.png,pixel,train,ISIC_0011390,val
ISIC_0011393,0,skin/Train/ISBI2016_ISIC_Part3B_Training_Data/ISIC_0011393.jpg,skin/Train/ISBI2016_ISIC_Part1_Training_GroundTruth/ISIC_0011393_Segmentation.png,pixel,train,ISIC_0011393,train
ISIC_0011397,0,skin/Train/ISBI2016_ISIC_Part3B_Training_Data/ISIC_0011397.jpg,skin/Train/ISBI2016_ISIC_Part1_Training_GroundTruth/ISIC_0011397_Segmentation.png,pixel,train,ISIC_0011397,train
ISIC_0011398,0,skin/Train/ISBI2016_ISIC_Part3B_Training_Data/ISIC_0011398.jpg,skin/Train/ISBI2016_ISIC_Part1_Training_GroundTruth/ISIC_0011398_Segmentation.png,pixel,train,ISIC_0011398,val
ISIC_0011400,0,skin/Train/ISBI2016_ISIC_Part3B_Training_Data/ISIC_0011400.jpg,skin/Train/ISBI2016_ISIC_Part1_Training_GroundTruth/ISIC_0011400_Segmentation.png,pixel,train,ISIC_0011400,train
ISIC_0011402,0,skin/Train/ISBI2016_ISIC_Part3B_Training_Data/ISIC_0011402.jpg,skin/Train/ISBI2016_ISIC_Part1_Training_GroundTruth/ISIC_0011402_Segmentation.png,pixel,train,ISIC_0011402,train
ISIC_0000003,0,skin/Test/ISBI2016_ISIC_Part3B_Test_Data/ISIC_0000003.jpg,skin/Test/ISBI2016_ISIC_Part1_Test_GroundTruth/ISIC_0000003_Segmentation.png,pixel,test,ISIC_0000003,test
ISIC_0000012,0,skin/Test/ISBI2016_ISIC_Part3B_Test_Data/ISIC_0000012.jpg,skin/Test/ISBI2016_ISIC_Part1_Test_GroundTruth/ISIC_0000012_Segmentation.png,pixel,test,ISIC_0000012,test
ISIC_0000013,1,skin/Test/ISBI2016_ISIC_Part3B_Test_Data/ISIC_0000013.jpg,skin/Test/ISBI2016_ISIC_Part1_Test_GroundTruth/ISIC_0000013_Segmentation.png,pixel,test,ISIC_0000013,test
ISIC_0000014,0,skin/Test/ISBI2016_ISIC_Part3B_Test_Data/ISIC_0000014.jpg,skin/Test/ISBI2016_ISIC_Part1_Test_GroundTruth/ISIC_0000014_Segmentation.png,pixel,test,ISIC_0000014,test
ISIC_0000015,0,skin/Test/ISBI2016_ISIC_Part3B_Test_Data/ISIC_0000015.jpg,skin/Test/ISBI2016_ISIC_Part1_Test_GroundTruth/ISIC_0000015_Segmentation.png,pixel,test,ISIC_0000015,test
ISIC_0000020,0,skin/Test/ISBI2016_ISIC_Part3B_Test_Data/ISIC_0000020.jpg,skin/Test/ISBI2016_ISIC_Part1_Test_GroundTruth/ISIC_0000020_Segmentation.png,pixel,test,ISIC_0000020,test
ISIC_0000022,1,skin/Test/ISBI2016_ISIC_Part3B_Test_Data/ISIC_0000022.jpg,skin/Test/ISBI2016_ISIC_Part1_Test_GroundTruth/ISIC_0000022_Segmentation.png,pixel,test,ISIC_0000022,test
ISIC_0000023,0,skin/Test/ISBI2016_ISIC_Part3B_Test_Data/ISIC_0000023.jpg,skin/Test/ISBI2016_ISIC_Part1_Test_GroundTruth/ISIC_0000023_Segmentation.png,pixel,test,ISIC_0000023,test
ISIC_0000027,0,skin/Test/ISBI2016_ISIC_Part3B_Test_Data/ISIC_0000027.jpg,skin/Test/ISBI2016_ISIC_Part1_Test_GroundTruth/ISIC_0000027_Segmentation.png,pixel,test,ISIC_0000027,test
ISIC_0000036,1,skin/Test/ISBI2016_ISIC_Part3B_Test_Data/ISIC_0000036.jpg,skin/Test/ISBI2016_ISIC_Part1_Test_GroundTruth/ISIC_0000036_Segmentation.png,pixel,test,ISIC_0000036,test
ISIC_0000037,0,skin/Test/ISBI2016_ISIC_Part3B_Test_Data/ISIC_0000037.jpg,skin/Test/ISBI2016_ISIC_Part1_Test_GroundTruth/ISIC_0000037_Segmentation.png,pixel,test,ISIC_0000037,test
ISIC_0000040,1,skin/Test/ISBI2016_ISIC_Part3B_Test_Data/ISIC_0000040.jpg,skin/Test/ISBI2016_ISIC_Part1_Test_GroundTruth/ISIC_0000040_Segmentation.png,pixel,test,ISIC_0000040,test
ISIC_0000043,1,skin/Test/ISBI2016_ISIC_Part3B_Test_Data/ISIC_0000043.jpg,skin/Test/ISBI2016_ISIC_Part1_Test_GroundTruth/ISIC_0000043_Segmentation.png,pixel,test,ISIC_0000043,test
ISIC_0000052,0,skin/Test/ISBI2016_ISIC_Part3B_Test_Data/ISIC_0000052.jpg,skin/Test/ISBI2016_ISIC_Part1_Test_GroundTruth/ISIC_0000052_Segmentation.png,pixel,test,ISIC_0000052,test
ISIC_0000053,0,skin/Test/ISBI2016_ISIC_Part3B_Test_Data/ISIC_0000053.jpg,skin/Test/ISBI2016_ISIC_Part1_Test_GroundTruth/ISIC_0000053_Segmentation.png,pixel,test,ISIC_0000053,test
ISIC_0000056,1,skin/Test/ISBI2016_ISIC_Part3B_Test_Data/ISIC_0000056.jpg,skin/Test/ISBI2016_ISIC_Part1_Test_GroundTruth/ISIC_0000056_Segmentation.png,pixel,test,ISIC_0000056,test
ISIC_0000057,0,skin/Test/ISBI2016_ISIC_Part3B_Test_Data/ISIC_0000057.jpg,skin/Test/ISBI2016_ISIC_Part1_Test_GroundTruth/ISIC_0000057_Segmentation.png,pixel,test,ISIC_0000057,test
ISIC_0000064,0,skin/Test/ISBI2016_ISIC_Part3B_Test_Data/ISIC_0000064.jpg,skin/Test/ISBI2016_ISIC_Part1_Test_GroundTruth/ISIC_0000064_Segmentation.png,pixel,test,ISIC_0000064,test
ISIC_0000066,0,skin/Test/ISBI2016_ISIC_Part3B_Test_Data/ISIC_0000066.jpg,skin/Test/ISBI2016_ISIC_Part1_Test_GroundTruth/ISIC_0000066_Segmentation.png,pixel,test,ISIC_0000066,test
ISIC_0000069,0,skin/Test/ISBI2016_ISIC_Part3B_Test_Data/ISIC_0000069.jpg,skin/Test/ISBI2016_ISIC_Part1_Test_GroundTruth/ISIC_0000069_Segmentation.png,pixel,test,ISIC_0000069,test
ISIC_0000071,0,skin/Test/ISBI2016_ISIC_Part3B_Test_Data/ISIC_0000071.jpg,skin/Test/ISBI2016_ISIC_Part1_Test_GroundTruth/ISIC_0000071_Segmentation.png,pixel,test,ISIC_0000071,test
ISIC_0000072,0,skin/Test/ISBI2016_ISIC_Part3B_Test_Data/ISIC_0000072.jpg,skin/Test/ISBI2016_ISIC_Part1_Test_GroundTruth/ISIC_0000072_Segmentation.png,pixel,test,ISIC_0000072,test
ISIC_0000088,0,skin/Test/ISBI2016_ISIC_Part3B_Test_Data/ISIC_0000088.jpg,skin/Test/ISBI2016_ISIC_Part1_Test_GroundTruth/ISIC_0000088_Segmentation.png,pixel,test,ISIC_0000088,test
ISIC_0000092,0,skin/Test/ISBI2016_ISIC_Part3B_Test_Data/ISIC_0000092.jpg,skin/Test/ISBI2016_ISIC_Part1_Test_GroundTruth/ISIC_0000092_Segmentation.png,pixel,test,ISIC_0000092,test
ISIC_0000098,0,skin/Test/ISBI2016_ISIC_Part3B_Test_Data/ISIC_0000098.jpg,skin/Test/ISBI2016_ISIC_Part1_Test_GroundTruth/ISIC_0000098_Segmentation.png,pixel,test,ISIC_0000098,test
ISIC_0000099,0,skin/Test/ISBI2016_ISIC_Part3B_Test_Data/ISIC_0000099.jpg,skin/Test/ISBI2016_ISIC_Part1_Test_GroundTruth/ISIC_0000099_Segmentation.png,pixel,test,ISIC_0000099,test
ISIC_0000101,0,skin/Test/ISBI2016_ISIC_Part3B_Test_Data/ISIC_0000101.jpg,skin/Test/ISBI2016_ISIC_Part1_Test_GroundTruth/ISIC_0000101_Segmentation.png,pixel,test,ISIC_0000101,test
ISIC_0000107,0,skin/Test/ISBI2016_ISIC_Part3B_Test_Data/ISIC_0000107.jpg,skin/Test/ISBI2016_ISIC_Part1_Test_GroundTruth/ISIC_0000107_Segmentation.png,pixel,test,ISIC_0000107,test
ISIC_0000111,0,skin/Test/ISBI2016_ISIC_Part3B_Test_Data/ISIC_0000111.jpg,skin/Test/ISBI2016_ISIC_Part1_Test_GroundTruth/ISIC_0000111_Segmentation.png,pixel,test,ISIC_0000111,test
ISIC_0000113,0,skin/Test/ISBI2016_ISIC_Part3B_Test_Data/ISIC_0000113.jpg,skin/Test/ISBI2016_ISIC_Part1_Test_GroundTruth/ISIC_0000113_Segmentation.png,pixel,test,ISIC_0000113,test
ISIC_0000115,0,skin/Test/ISBI2016_ISIC_Part3B_Test_Data/ISIC_0000115.jpg,skin/Test/ISBI2016_ISIC_Part1_Test_GroundTruth/ISIC_0000115_Segmentation.png,pixel,test,ISIC_0000115,test
ISIC_0000117,0,skin/Test/ISBI2016_ISIC_Part3B_Test_Data/ISIC_0000117.jpg,skin/Test/ISBI2016_ISIC_Part1_Test_GroundTruth/ISIC_0000117_Segmentation.png,pixel,test,ISIC_0000117,test
ISIC_0000125,0,skin/Test/ISBI2016_ISIC_Part3B_Test_Data/ISIC_0000125.jpg,skin/Test/ISBI2016_ISIC_Part1_Test_GroundTruth/ISIC_0000125_Segmentation.png,pixel,test,ISIC_0000125,test
ISIC_0000126,0,skin/Test/ISBI2016_ISIC_Part3B_Test_Data/ISIC_0000126.jpg,skin/Test/ISBI2016_ISIC_Part1_Test_GroundTruth/ISIC_0000126_Segmentation.png,pixel,test,ISIC_0000126,test
ISIC_0000129,0,skin/Test/ISBI2016_ISIC_Part3B_Test_Data/ISIC_0000129.jpg,skin/Test/ISBI2016_ISIC_Part1_Test_GroundTruth/ISIC_0000129_Segmentation.png,pixel,test,ISIC_0000129,test
ISIC_0000132,0,skin/Test/ISBI2016_ISIC_Part3B_Test_Data/ISIC_0000132.jpg,skin/Test/ISBI2016_ISIC_Part1_Test_GroundTruth/ISIC_0000132_Segmentation.png,pixel,test,ISIC_0000132,test
ISIC_0000136,0,skin/Test/ISBI2016_ISIC_Part3B_Test_Data/ISIC_0000136.jpg,skin/Test/ISBI2016_ISIC_Part1_Test_GroundTruth/ISIC_0000136_Segmentation.png,pixel,test,ISIC_0000136,test
ISIC_0000138,0,skin/Test/ISBI2016_ISIC_Part3B_Test_Data/ISIC_0000138.jpg,skin/Test/ISBI2016_ISIC_Part1_Test_GroundTruth/ISIC_0000138_Segmentation.png,pixel,test,ISIC_0000138,test
ISIC_0000141,1,skin/Test/ISBI2016_ISIC_Part3B_Test_Data/ISIC_0000141.jpg,skin/Test/ISBI2016_ISIC_Part1_Test_GroundTruth/ISIC_0000141_Segmentation.png,pixel,test,ISIC_0000141,test
ISIC_0000149,1,skin/Test/ISBI2016_ISIC_Part3B_Test_Data/ISIC_0000149.jpg,skin/Test/ISBI2016_ISIC_Part1_Test_GroundTruth/ISIC_0000149_Segmentation.png,pixel,test,ISIC_0000149,test
ISIC_0000160,1,skin/Test/ISBI2016_ISIC_Part3B_Test_Data/ISIC_0000160.jpg,skin/Test/ISBI2016_ISIC_Part1_Test_GroundTruth/ISIC_0000160_Segmentation.png,pixel,test,ISIC_0000160,test
ISIC_0000161,1,skin/Test/ISBI2016_ISIC_Part3B_Test_Data/ISIC_0000161.jpg,skin/Test/ISBI2016_ISIC_Part1_Test_GroundTruth/ISIC_0000161_Segmentation.png,pixel,test,ISIC_0000161,test
ISIC_0000164,1,skin/Test/ISBI2016_ISIC_Part3B_Test_Data/ISIC_0000164.jpg,skin/Test/ISBI2016_ISIC_Part1_Test_GroundTruth/ISIC_0000164_Segmentation.png,pixel,test,ISIC_0000164,test
ISIC_0000165,1,skin/Test/ISBI2016_ISIC_Part3B_Test_Data/ISIC_0000165.jpg,skin/Test/ISBI2016_ISIC_Part1_Test_GroundTruth/ISIC_0000165_Segmentation.png,pixel,test,ISIC_0000165,test
ISIC_0000169,1,skin/Test/ISBI2016_ISIC_Part3B_Test_Data/ISIC_0000169.jpg,skin/Test/ISBI2016_ISIC_Part1_Test_GroundTruth/ISIC_0000169_Segmentation.png,pixel,test,ISIC_0000169,test
ISIC_0000172,1,skin/Test/ISBI2016_ISIC_Part3B_Test_Data/ISIC_0000172.jpg,skin/Test/ISBI2016_ISIC_Part1_Test_GroundTruth/ISIC_0000172_Segmentation.png,pixel,test,ISIC_0000172,test
ISIC_0000174,1,skin/Test/ISBI2016_ISIC_Part3B_Test_Data/ISIC_0000174.jpg,skin/Test/ISBI2016_ISIC_Part1_Test_GroundTruth/ISIC_0000174_Segmentation.png,pixel,test,ISIC_0000174,test
ISIC_0000177,0,skin/Test/ISBI2016_ISIC_Part3B_Test_Data/ISIC_0000177.jpg,skin/Test/ISBI2016_ISIC_Part1_Test_GroundTruth/ISIC_0000177_Segmentation.png,pixel,test,ISIC_0000177,test
ISIC_0000188,0,skin/Test/ISBI2016_ISIC_Part3B_Test_Data/ISIC_0000188.jpg,skin/Test/ISBI2016_ISIC_Part1_Test_GroundTruth/ISIC_0000188_Segmentation.png,pixel,test,ISIC_0000188,test
ISIC_0000195,0,skin/Test/ISBI2016_ISIC_Part3B_Test_Data/ISIC_0000195.jpg,skin/Test/ISBI2016_ISIC_Part1_Test_GroundTruth/ISIC_0000195_Segmentation.png,pixel,test,ISIC_0000195,test
ISIC_0000196,0,skin/Test/ISBI2016_ISIC_Part3B_Test_Data/ISIC_0000196.jpg,skin/Test/ISBI2016_ISIC_Part1_Test_GroundTruth/ISIC_0000196_Segmentation.png,pixel,test,ISIC_0000196,test
ISIC_0000197,0,skin/Test/ISBI2016_ISIC_Part3B_Test_Data/ISIC_0000197.jpg,skin/Test/ISBI2016_ISIC_Part1_Test_GroundTruth/ISIC_0000197_Segmentation.png,pixel,test,ISIC_0000197,test
ISIC_0000198,0,skin/Test/ISBI2016_ISIC_Part3B_Test_Data/ISIC_0000198.jpg,skin/Test/ISBI2016_ISIC_Part1_Test_GroundTruth/ISIC_0000198_Segmentation.png,pixel,test,ISIC_0000198,test
ISIC_0000200,0,skin/Test/ISBI2016_ISIC_Part3B_Test_Data/ISIC_0000200.jpg,skin/Test/ISBI2016_ISIC_Part1_Test_GroundTruth/ISIC_0000200_Segmentation.png,pixel,test,ISIC_0000200,test
ISIC_0000201,0,skin/Test/ISBI2016_ISIC_Part3B_Test_Data/ISIC_0000201.jpg,skin/Test/ISBI2016_ISIC_Part1_Test_GroundTruth/ISIC_0000201_Segmentation.png,pixel,test,ISIC_0000201,test
ISIC_0000202,0,skin/Test/ISBI2016_ISIC_Part3B_Test_Data/ISIC_0000202.jpg,skin/Test/ISBI2016_ISIC_Part1_Test_GroundTruth/ISIC_0000202_Segmentation.png,pixel,test,ISIC_0000202,test
ISIC_0000212,0,skin/Test/ISBI2016_ISIC_Part3B_Test_Data/ISIC_0000212.jpg,skin/Test/ISBI2016_ISIC_Part1_Test_GroundTruth/ISIC_0000212_Segmentation.png,pixel,test,ISIC_0000212,test
ISIC_0000213,0,skin/Test/ISBI2016_ISIC_Part3B_Test_Data/ISIC_0000213.jpg,skin/Test/ISBI2016_ISIC_Part1_Test_GroundTruth/ISIC_0000213_Segmentation.png,pixel,test,ISIC_0000213,test
ISIC_0000222,0,skin/Test/ISBI2016_ISIC_Part3B_Test_Data/ISIC_0000222.jpg,skin/Test/ISBI2016_ISIC_Part1_Test_GroundTruth/ISIC_0000222_Segmentation.png,pixel,test,ISIC_0000222,test
ISIC_0000226,0,skin/Test/ISBI2016_ISIC_Part3B_Test_Data/ISIC_0000226.jpg,skin/Test/ISBI2016_ISIC_Part1_Test_GroundTruth/ISIC_0000226_Segmentation.png,pixel,test,ISIC_0000226,test
ISIC_0000227,0,skin/Test/ISBI2016_ISIC_Part3B_Test_Data/ISIC_0000227.jpg,skin/Test/ISBI2016_ISIC_Part1_Test_GroundTruth/ISIC_0000227_Segmentation.png,pixel,test,ISIC_0000227,test
ISIC_0000228,0,skin/Test/ISBI2016_ISIC_Part3B_Test_Data/ISIC_0000228.jpg,skin/Test/ISBI2016_ISIC_Part1_Test_GroundTruth/ISIC_0000228_Segmentation.png,pixel,test,ISIC_0000228,test
ISIC_0000230,0,skin/Test/ISBI2016_ISIC_Part3B_Test_Data/ISIC_0000230.jpg,skin/Test/ISBI2016_ISIC_Part1_Test_GroundTruth/ISIC_0000230_Segmentation.png,pixel,test,ISIC_0000230,test
ISIC_0000231,0,skin/Test/ISBI2016_ISIC_Part3B_Test_Data/ISIC_0000231.jpg,skin/Test/ISBI2016_ISIC_Part1_Test_GroundTruth/ISIC_0000231_Segmentation.png,pixel,test,ISIC_0000231,test
ISIC_0000233,0,skin/Test/ISBI2016_ISIC_Part3B_Test_Data/ISIC_0000233.jpg,skin/Test/ISBI2016_ISIC_Part1_Test_GroundTruth/ISIC_0000233_Segmentation.png,pixel,test,ISIC_0000233,test
ISIC_0000234,0,skin/Test/ISBI2016_ISIC_Part3B_Test_Data/ISIC_0000234.jpg,skin/Test/ISBI2016_ISIC_Part1_Test_GroundTruth/ISIC_0000234_Segmentation.png,pixel,test,ISIC_0000234,test
ISIC_0000246,0,skin/Test/ISBI2016_ISIC_Part3B_Test_Data/ISIC_0000246.jpg,skin/Test/ISBI2016_ISIC_Part1_Test_GroundTruth/ISIC_0000246_Segmentation.png,pixel,test,ISIC_0000246,test
ISIC_0000253,0,skin/Test/ISBI2016_ISIC_Part3B_Test_Data/ISIC_0000253.jpg,skin/Test/ISBI2016_ISIC_Part1_Test_GroundTruth/ISIC_0000253_Segmentation.png,pixel,test,ISIC_0000253,test
ISIC_0000254,0,skin/Test/ISBI2016_ISIC_Part3B_Test_Data/ISIC_0000254.jpg,skin/Test/ISBI2016_ISIC_Part1_Test_GroundTruth/ISIC_0000254_Segmentation.png,pixel,test,ISIC_0000254,test
ISIC_0000257,0,skin/Test/ISBI2016_ISIC_Part3B_Test_Data/ISIC_0000257.jpg,skin/Test/ISBI2016_ISIC_Part1_Test_GroundTruth/ISIC_0000257_Segmentation.png,pixel,test,ISIC_0000257,test
ISIC_0000258,0,skin/Test/ISBI2016_ISIC_Part3B_Test_Data/ISIC_0000258.jpg,skin/Test/ISBI2016_ISIC_Part1_Test_GroundTruth/ISIC_0000258_Segmentation.png,pixel,test,ISIC_0000258,test
ISIC_0000271,0,skin/Test/ISBI2016_ISIC_Part3B_Test_Data/ISIC_0000271.jpg,skin/Test/ISBI2016_ISIC_Part1_Test_GroundTruth/ISIC_0000271_Segmentation.png,pixel,test,ISIC_0000271,test
ISIC_0000279,1,skin/Test/ISBI2016_ISIC_Part3B_Test_Data/ISIC_0000279.jpg,skin/Test/ISBI2016_ISIC_Part1_Test_GroundTruth/ISIC_0000279_Segmentation.png,pixel,test,ISIC_0000279,test
ISIC_0000287,1,skin/Test/ISBI2016_ISIC_Part3B_Test_Data/ISIC_0000287.jpg,skin/Test/ISBI2016_ISIC_Part1_Test_GroundTruth/ISIC_0000287_Segmentation.png,pixel,test,ISIC_0000287,test
ISIC_0000289,1,skin/Test/ISBI2016_ISIC_Part3B_Test_Data/ISIC_0000289.jpg,skin/Test/ISBI2016_ISIC_Part1_Test_GroundTruth/ISIC_0000289_Segmentation.png,pixel,test,ISIC_0000289,test
ISIC_0000298,1,skin/Test/ISBI2016_ISIC_Part3B_Test_Data/ISIC_0000298.jpg,skin/Test/ISBI2016_ISIC_Part1_Test_GroundTruth/ISIC_0000298_Segmentation.png,pixel,test,ISIC_0000298,test
ISIC_0000299,1,skin/Test/ISBI2016_ISIC_Part3B_Test_Data/ISIC_0000299.jpg,skin/Test/ISBI2016_ISIC_Part1_Test_GroundTruth/ISIC_0000299_Segmentation.png,pixel,test,ISIC_0000299,test
ISIC_0000302,1,skin/Test/ISBI2016_ISIC_Part3B_Test_Data/ISIC_0000302.jpg,skin/Test/ISBI2016_ISIC_Part1_Test_GroundTruth/ISIC_0000302_Segmentation.png,pixel,test,ISIC_0000302,test
ISIC_0000306,1,skin/Test/ISBI2016_ISIC_Part3B_Test_Data/ISIC_0000306.jpg,skin/Test/ISBI2016_ISIC_Part1_Test_GroundTruth/ISIC_0000306_Segmentation.png,pixel,test,ISIC_0000306,test
ISIC_0000310,1,skin/Test/ISBI2016_ISIC_Part3B_Test_Data/ISIC_0000310.jpg,skin/Test/ISBI2016_ISIC_Part1_Test_GroundTruth/ISIC_0000310_Segmentation.png,pixel,test,ISIC_0000310,test
ISIC_0000311,1,skin/Test/ISBI2016_ISIC_Part3B_Test_Data/ISIC_0000311.jpg,skin/Test/ISBI2016_ISIC_Part1_Test_GroundTruth/ISIC_0000311_Segmentation.png,pixel,test,ISIC_0000311,test
ISIC_0000319,0,skin/Test/ISBI2016_ISIC_Part3B_Test_Data/ISIC_0000319.jpg,skin/Test/ISBI2016_ISIC_Part1_Test_GroundTruth/ISIC_0000319_Segmentation.png,pixel,test,ISIC_0000319,test
ISIC_0000320,0,skin/Test/ISBI2016_ISIC_Part3B_Test_Data/ISIC_0000320.jpg,skin/Test/ISBI2016_ISIC_Part1_Test_GroundTruth/ISIC_0000320_Segmentation.png,pixel,test,ISIC_0000320,test
ISIC_0000325,0,skin/Test/ISBI2016_ISIC_Part3B_Test_Data/ISIC_0000325.jpg,skin/Test/ISBI2016_ISIC_Part1_Test_GroundTruth/ISIC_0000325_Segmentation.png,pixel,test,ISIC_0000325,test
ISIC_0000327,0,skin/Test/ISBI2016_ISIC_Part3B_Test_Data/ISIC_0000327.jpg,skin/Test/ISBI2016_ISIC_Part1_Test_GroundTruth/ISIC_0000327_Segmentation.png,pixel,test,ISIC_0000327,test
ISIC_0000328,0,skin/Test/ISBI2016_ISIC_Part3B_Test_Data/ISIC_0000328.jpg,skin/Test/ISBI2016_ISIC_Part1_Test_GroundTruth/ISIC_0000328_Segmentation.png,pixel,test,ISIC_0000328,test
ISIC_0000340,0,skin/Test/ISBI2016_ISIC_Part3B_Test_Data/ISIC_0000340.jpg,skin/Test/ISBI2016_ISIC_Part1_Test_GroundTruth/ISIC_0000340_Segmentation.png,pixel,test,ISIC_0000340,test
ISIC_0000343,0,skin/Test/ISBI2016_ISIC_Part3B_Test_Data/ISIC_0000343.jpg,skin/Test/ISBI2016_ISIC_Part1_Test_GroundTruth/ISIC_0000343_Segmentation.png,pixel,test,ISIC_0000343,test
ISIC_0000354,0,skin/Test/ISBI2016_ISIC_Part3B_Test_Data/ISIC_0000354.jpg,skin/Test/ISBI2016_ISIC_Part1_Test_GroundTruth/ISIC_0000354_Segmentation.png,pixel,test,ISIC_0000354,test
ISIC_0000357,0,skin/Test/ISBI2016_ISIC_Part3B_Test_Data/ISIC_0000357.jpg,skin/Test/ISBI2016_ISIC_Part1_Test_GroundTruth/ISIC_0000357_Segmentation.png,pixel,test,ISIC_0000357,test
ISIC_0000368,0,skin/Test/ISBI2016_ISIC_Part3B_Test_Data/ISIC_0000368.jpg,skin/Test/ISBI2016_ISIC_Part1_Test_GroundTruth/ISIC_0000368_Segmentation.png,pixel,test,ISIC_0000368,test
ISIC_0000371,0,skin/Test/ISBI2016_ISIC_Part3B_Test_Data/ISIC_0000371.jpg,skin/Test/ISBI2016_ISIC_Part1_Test_GroundTruth/ISIC_0000371_Segmentation.png,pixel,test,ISIC_0000371,test
ISIC_0000377,0,skin/Test/ISBI2016_ISIC_Part3B_Test_Data/ISIC_0000377.jpg,skin/Test/ISBI2016_ISIC_Part1_Test_GroundTruth/ISIC_0000377_Segmentation.png,pixel,test,ISIC_0000377,test
ISIC_0000378,0,skin/Test/ISBI2016_ISIC_Part3B_Test_Data/ISIC_0000378.jpg,skin/Test/ISBI2016_ISIC_Part1_Test_GroundTruth/ISIC_0000378_Segmentation.png,pixel,test,ISIC_0000378,test
ISIC_0000380,0,skin/Test/ISBI2016_ISIC_Part3B_Test_Data/ISIC_0000380.jpg,skin/Test/ISBI2016_ISIC_Part1_Test_GroundTruth/ISIC_0000380_Segmentation.png,pixel,test,ISIC_0000380,test
ISIC_0000388,0,skin/Test/ISBI2016_ISIC_Part3B_Test_Data/ISIC_0000388.jpg,skin/Test/ISBI2016_ISIC_Part1_Test_GroundTruth/ISIC_0000388_Segmentation.png,pixel,test,ISIC_0000388,test
ISIC_0000392,0,skin/Test/ISBI2016_ISIC_Part3B_Test_Data/ISIC_0000392.jpg,skin/Test/ISBI2016_ISIC_Part1_Test_GroundTruth/ISIC_0000392_Segmentation.png,pixel,test,ISIC_0000392,test
ISIC_0000393,1,skin/Test/ISBI2016_ISIC_Part3B_Test_Data/ISIC_0000393.jpg,skin/Test/ISBI2016_ISIC_Part1_Test_GroundTruth/ISIC_0000393_Segmentation.png,pixel,test,ISIC_0000393,test
ISIC_0000407,0,skin/Test/ISBI2016_ISIC_Part3B_Test_Data/ISIC_0000407.jpg,skin/Test/ISBI2016_ISIC_Part1_Test_GroundTruth/ISIC_0000407_Segmentation.png,pixel,test,ISIC_0000407,test
ISIC_0000418,0,skin/Test/ISBI2016_ISIC_Part3B_Test_Data/ISIC_0000418.jpg,skin/Test/ISBI2016_ISIC_Part1_Test_GroundTruth/ISIC_0000418_Segmentation.png,pixel,test,ISIC_0000418,test
ISIC_0000420,1,skin/Test/ISBI2016_ISIC_Part3B_Test_Data/ISIC_0000420.jpg,skin/Test/ISBI2016_ISIC_Part1_Test_GroundTruth/ISIC_0000420_Segmentation.png,pixel,test,ISIC_0000420,test
ISIC_0000433,0,skin/Test/ISBI2016_ISIC_Part3B_Test_Data/ISIC_0000433.jpg,skin/Test/ISBI2016_ISIC_Part1_Test_GroundTruth/ISIC_0000433_Segmentation.png,pixel,test,ISIC_0000433,test
ISIC_0000448,0,skin/Test/ISBI2016_ISIC_Part3B_Test_Data/ISIC_0000448.jpg,skin/Test/ISBI2016_ISIC_Part1_Test_GroundTruth/ISIC_0000448_Segmentation.png,pixel,test,ISIC_0000448,test
ISIC_0000449,0,skin/Test/ISBI2016_ISIC_Part3B_Test_Data/ISIC_0000449.jpg,skin/Test/ISBI2016_ISIC_Part1_Test_GroundTruth/ISIC_0000449_Segmentation.png,pixel,test,ISIC_0000449,test
ISIC_0000456,0,skin/Test/ISBI2016_ISIC_Part3B_Test_Data/ISIC_0000456.jpg,skin/Test/ISBI2016_ISIC_Part1_Test_GroundTruth/ISIC_0000456_Segmentation.png,pixel,test,ISIC_0000456,test
ISIC_0000466,1,skin/Test/ISBI2016_ISIC_Part3B_Test_Data/ISIC_0000466.jpg,skin/Test/ISBI2016_ISIC_Part1_Test_GroundTruth/ISIC_0000466_Segmentation.png,pixel,test,ISIC_0000466,test
ISIC_0000470,0,skin/Test/ISBI2016_ISIC_Part3B_Test_Data/ISIC_0000470.jpg,skin/Test/ISBI2016_ISIC_Part1_Test_GroundTruth/ISIC_0000470_Segmentation.png,pixel,test,ISIC_0000470,test
ISIC_0000476,0,skin/Test/ISBI2016_ISIC_Part3B_Test_Data/ISIC_0000476.jpg,skin/Test/ISBI2016_ISIC_Part1_Test_GroundTruth/ISIC_0000476_Segmentation.png,pixel,test,ISIC_0000476,test
ISIC_0000479,0,skin/Test/ISBI2016_ISIC_Part3B_Test_Data/ISIC_0000479.jpg,skin/Test/ISBI2016_ISIC_Part1_Test_GroundTruth/ISIC_0000479_Segmentation.png,pixel,test,ISIC_0000479,test
ISIC_0000482,1,skin/Test/ISBI2016_ISIC_Part3B_Test_Data/ISIC_0000482.jpg,skin/Test/ISBI2016_ISIC_Part1_Test_GroundTruth/ISIC_0000482_Segmentation.png,pixel,test,ISIC_0000482,test
ISIC_0000484,1,skin/Test/ISBI2016_ISIC_Part3B_Test_Data/ISIC_0000484.jpg,skin/Test/ISBI2016_ISIC_Part1_Test_GroundTruth/ISIC_0000484_Segmentation.png,pixel,test,ISIC_0000484,test
ISIC_0000487,1,skin/Test/ISBI2016_ISIC_Part3B_Test_Data/ISIC_0000487.jpg,skin/Test/ISBI2016_ISIC_Part1_Test_GroundTruth/ISIC_0000487_Segmentation.png,pixel,test,ISIC_0000487,test
ISIC_0000490,0,skin/Test/ISBI2016_ISIC_Part3B_Test_Data/ISIC_0000490.jpg,skin/Test/ISBI2016_ISIC_Part1_Test_GroundTruth/ISIC_0000490_Segmentation.png,pixel,test,ISIC_0000490,test
ISIC_0000494,0,skin/Test/ISBI2016_ISIC_Part3B_Test_Data/ISIC_0000494.jpg,skin/Test/ISBI2016_ISIC_Part1_Test_GroundTruth/ISIC_0000494_Segmentation.png,pixel,test,ISIC_0000494,test
ISIC_0000499,0,skin/Test/ISBI2016_ISIC_Part3B_Test_Data/ISIC_0000499.jpg,skin/Test/ISBI2016_ISIC_Part1_Test_GroundTruth/ISIC_0000499_Segmentation.png,pixel,test,ISIC_0000499,test
ISIC_0000501,0,skin/Test/ISBI2016_ISIC_Part3B_Test_Data/ISIC_0000501.jpg,skin/Test/ISBI2016_ISIC_Part1_Test_GroundTruth/ISIC_0000501_Segmentation.png,pixel,test,ISIC_0000501,test
ISIC_0000508,0,skin/Test/ISBI2016_ISIC_Part3B_Test_Data/ISIC_0000508.jpg,skin/Test/ISBI2016_ISIC_Part1_Test_GroundTruth/ISIC_0000508_Segmentation.png,pixel,test,ISIC_0000508,test
ISIC_0000509,0,skin/Test/ISBI2016_ISIC_Part3B_Test_Data/ISIC_0000509.jpg,skin/Test/ISBI2016_ISIC_Part1_Test_GroundTruth/ISIC_0000509_Segmentation.png,pixel,test,ISIC_0000509,test
ISIC_0000510,0,skin/Test/ISBI2016_ISIC_Part3B_Test_Data/ISIC_0000510.jpg,skin/Test/ISBI2016_ISIC_Part1_Test_GroundTruth/ISIC_0000510_Segmentation.png,pixel,test,ISIC_0000510,test
ISIC_0000515,0,skin/Test/ISBI2016_ISIC_Part3B_Test_Data/ISIC_0000515.jpg,skin/Test/ISBI2016_ISIC_Part1_Test_GroundTruth/ISIC_0000515_Segmentation.png,pixel,test,ISIC_0000515,test
ISIC_0000518,1,skin/Test/ISBI2016_ISIC_Part3B_Test_Data/ISIC_0000518.jpg,skin/Test/ISBI2016_ISIC_Part1_Test_GroundTruth/ISIC_0000518_Segmentation.png,pixel,test,ISIC_0000518,test
ISIC_0000525,0,skin/Test/ISBI2016_ISIC_Part3B_Test_Data/ISIC_0000525.jpg,skin/Test/ISBI2016_ISIC_Part1_Test_GroundTruth/ISIC_0000525_Segmentation.png,pixel,test,ISIC_0000525,test
ISIC_0000527,0,skin/Test/ISBI2016_ISIC_Part3B_Test_Data/ISIC_0000527.jpg,skin/Test/ISBI2016_ISIC_Part1_Test_GroundTruth/ISIC_0000527_Segmentation.png,pixel,test,ISIC_0000527,test
ISIC_0000533,1,skin/Test/ISBI2016_ISIC_Part3B_Test_Data/ISIC_0000533.jpg,skin/Test/ISBI2016_ISIC_Part1_Test_GroundTruth/ISIC_0000533_Segmentation.png,pixel,test,ISIC_0000533,test
ISIC_0000534,0,skin/Test/ISBI2016_ISIC_Part3B_Test_Data/ISIC_0000534.jpg,skin/Test/ISBI2016_ISIC_Part1_Test_GroundTruth/ISIC_0000534_Segmentation.png,pixel,test,ISIC_0000534,test
ISIC_0000537,0,skin/Test/ISBI2016_ISIC_Part3B_Test_Data/ISIC_0000537.jpg,skin/Test/ISBI2016_ISIC_Part1_Test_GroundTruth/ISIC_0000537_Segmentation.png,pixel,test,ISIC_0000537,test
ISIC_0000539,0,skin/Test/ISBI2016_ISIC_Part3B_Test_Data/ISIC_0000539.jpg,skin/Test/ISBI2016_ISIC_Part1_Test_GroundTruth/ISIC_0000539_Segmentation.png,pixel,test,ISIC_0000539,test
ISIC_0000540,0,skin/Test/ISBI2016_ISIC_Part3B_Test_Data/ISIC_0000540.jpg,skin/Test/ISBI2016_ISIC_Part1_Test_GroundTruth/ISIC_0000540_Segmentation.png,pixel,test,ISIC_0000540,test
ISIC_0000547,1,skin/Test/ISBI2016_ISIC_Part3B_Test_Data/ISIC_0000547.jpg,skin/Test/ISBI2016_ISIC_Part1_Test_GroundTruth/ISIC_0000547_Segmentation.png,pixel,test,ISIC_0000547,test
ISIC_0000549,1,skin/Test/ISBI2016_ISIC_Part3B_Test_Data/ISIC_0000549.jpg,skin/Test/ISBI2016_ISIC_Part1_Test_GroundTruth/ISIC_0000549_Segmentation.png,pixel,test,ISIC_0000549,test
ISIC_0000550,1,skin/Test/ISBI2016_ISIC_Part3B_Test_Data/ISIC_0000550.jpg,skin/Test/ISBI2016_ISIC_Part1_Test_GroundTruth/ISIC_0000550_Segmentation.png,pixel,test,ISIC_0000550,test
ISIC_0001100,1,skin/Test/ISBI2016_ISIC_Part3B_Test_Data/ISIC_0001100.jpg,skin/Test/ISBI2016_ISIC_Part1_Test_GroundTruth/ISIC_0001100_Segmentation.png,pixel,test,ISIC_0001100,test
ISIC_0001103,1,skin/Test/ISBI2016_ISIC_Part3B_Test_Data/ISIC_0001103.jpg,skin/Test/ISBI2016_ISIC_Part1_Test_GroundTruth/ISIC_0001103_Segmentation.png,pixel,test,ISIC_0001103,test
ISIC_0001128,1,skin/Test/ISBI2016_ISIC_Part3B_Test_Data/ISIC_0001128.jpg,skin/Test/ISBI2016_ISIC_Part1_Test_GroundTruth/ISIC_0001128_Segmentation.png,pixel,test,ISIC_0001128,test
ISIC_0001131,1,skin/Test/ISBI2016_ISIC_Part3B_Test_Data/ISIC_0001131.jpg,skin/Test/ISBI2016_ISIC_Part1_Test_GroundTruth/ISIC_0001131_Segmentation.png,pixel,test,ISIC_0001131,test
ISIC_0001142,1,skin/Test/ISBI2016_ISIC_Part3B_Test_Data/ISIC_0001142.jpg,skin/Test/ISBI2016_ISIC_Part1_Test_GroundTruth/ISIC_0001142_Segmentation.png,pixel,test,ISIC_0001142,test
ISIC_0001181,0,skin/Test/ISBI2016_ISIC_Part3B_Test_Data/ISIC_0001181.jpg,skin/Test/ISBI2016_ISIC_Part1_Test_GroundTruth/ISIC_0001181_Segmentation.png,pixel,test,ISIC_0001181,test
ISIC_0001185,0,skin/Test/ISBI2016_ISIC_Part3B_Test_Data/ISIC_0001185.jpg,skin/Test/ISBI2016_ISIC_Part1_Test_GroundTruth/ISIC_0001185_Segmentation.png,pixel,test,ISIC_0001185,test
ISIC_0001186,0,skin/Test/ISBI2016_ISIC_Part3B_Test_Data/ISIC_0001186.jpg,skin/Test/ISBI2016_ISIC_Part1_Test_GroundTruth/ISIC_0001186_Segmentation.png,pixel,test,ISIC_0001186,test
ISIC_0001190,0,skin/Test/ISBI2016_ISIC_Part3B_Test_Data/ISIC_0001190.jpg,skin/Test/ISBI2016_ISIC_Part1_Test_GroundTruth/ISIC_0001190_Segmentation.png,pixel,test,ISIC_0001190,test
ISIC_0001204,0,skin/Test/ISBI2016_ISIC_Part3B_Test_Data/ISIC_0001204.jpg,skin/Test/ISBI2016_ISIC_Part1_Test_GroundTruth/ISIC_0001204_Segmentation.png,pixel,test,ISIC_0001204,test
ISIC_0001242,0,skin/Test/ISBI2016_ISIC_Part3B_Test_Data/ISIC_0001242.jpg,skin/Test/ISBI2016_ISIC_Part1_Test_GroundTruth/ISIC_0001242_Segmentation.png,pixel,test,ISIC_0001242,test
ISIC_0001299,0,skin/Test/ISBI2016_ISIC_Part3B_Test_Data/ISIC_0001299.jpg,skin/Test/ISBI2016_ISIC_Part1_Test_GroundTruth/ISIC_0001299_Segmentation.png,pixel,test,ISIC_0001299,test
ISIC_0001427,0,skin/Test/ISBI2016_ISIC_Part3B_Test_Data/ISIC_0001427.jpg,skin/Test/ISBI2016_ISIC_Part1_Test_GroundTruth/ISIC_0001427_Segmentation.png,pixel,test,ISIC_0001427,test
ISIC_0001484,0,skin/Test/ISBI2016_ISIC_Part3B_Test_Data/ISIC_0001484.jpg,skin/Test/ISBI2016_ISIC_Part1_Test_GroundTruth/ISIC_0001484_Segmentation.png,pixel,test,ISIC_0001484,test
ISIC_0001685,0,skin/Test/ISBI2016_ISIC_Part3B_Test_Data/ISIC_0001685.jpg,skin/Test/ISBI2016_ISIC_Part1_Test_GroundTruth/ISIC_0001685_Segmentation.png,pixel,test,ISIC_0001685,test
ISIC_0001960,0,skin/Test/ISBI2016_ISIC_Part3B_Test_Data/ISIC_0001960.jpg,skin/Test/ISBI2016_ISIC_Part1_Test_GroundTruth/ISIC_0001960_Segmentation.png,pixel,test,ISIC_0001960,test
ISIC_0002107,0,skin/Test/ISBI2016_ISIC_Part3B_Test_Data/ISIC_0002107.jpg,skin/Test/ISBI2016_ISIC_Part1_Test_GroundTruth/ISIC_0002107_Segmentation.png,pixel,test,ISIC_0002107,test
ISIC_0002246,0,skin/Test/ISBI2016_ISIC_Part3B_Test_Data/ISIC_0002246.jpg,skin/Test/ISBI2016_ISIC_Part1_Test_GroundTruth/ISIC_0002246_Segmentation.png,pixel,test,ISIC_0002246,test
ISIC_0002673,0,skin/Test/ISBI2016_ISIC_Part3B_Test_Data/ISIC_0002673.jpg,skin/Test/ISBI2016_ISIC_Part1_Test_GroundTruth/ISIC_0002673_Segmentation.png,pixel,test,ISIC_0002673,test
ISIC_0002829,0,skin/Test/ISBI2016_ISIC_Part3B_Test_Data/ISIC_0002829.jpg,skin/Test/ISBI2016_ISIC_Part1_Test_GroundTruth/ISIC_0002829_Segmentation.png,pixel,test,ISIC_0002829,test
ISIC_0002871,0,skin/Test/ISBI2016_ISIC_Part3B_Test_Data/ISIC_0002871.jpg,skin/Test/ISBI2016_ISIC_Part1_Test_GroundTruth/ISIC_0002871_Segmentation.png,pixel,test,ISIC_0002871,test
ISIC_0003056,0,skin/Test/ISBI2016_ISIC_Part3B_Test_Data/ISIC_0003056.jpg,skin/Test/ISBI2016_ISIC_Part1_Test_GroundTruth/ISIC_0003056_Segmentation.png,pixel,test,ISIC_0003056,test
ISIC_0003559,0,skin/Test/ISBI2016_ISIC_Part3B_Test_Data/ISIC_0003559.jpg,skin/Test/ISBI2016_ISIC_Part1_Test_GroundTruth/ISIC_0003559_Segmentation.png,pixel,test,ISIC_0003559,test
ISIC_0003728,0,skin/Test/ISBI2016_ISIC_Part3B_Test_Data/ISIC_0003728.jpg,skin/Test/ISBI2016_ISIC_Part1_Test_GroundTruth/ISIC_0003728_Segmentation.png,pixel,test,ISIC_0003728,test
ISIC_0004115,0,skin/Test/ISBI2016_ISIC_Part3B_Test_Data/ISIC_0004115.jpg,skin/Test/ISBI2016_ISIC_Part1_Test_GroundTruth/ISIC_0004115_Segmentation.png,pixel,test,ISIC_0004115,test
ISIC_0004346,0,skin/Test/ISBI2016_ISIC_Part3B_Test_Data/ISIC_0004346.jpg,skin/Test/ISBI2016_ISIC_Part1_Test_GroundTruth/ISIC_0004346_Segmentation.png,pixel,test,ISIC_0004346,test
ISIC_0005000,0,skin/Test/ISBI2016_ISIC_Part3B_Test_Data/ISIC_0005000.jpg,skin/Test/ISBI2016_ISIC_Part1_Test_GroundTruth/ISIC_0005000_Segmentation.png,pixel,test,ISIC_0005000,test
ISIC_0006193,0,skin/Test/ISBI2016_ISIC_Part3B_Test_Data/ISIC_0006193.jpg,skin/Test/ISBI2016_ISIC_Part1_Test_GroundTruth/ISIC_0006193_Segmentation.png,pixel,test,ISIC_0006193,test
ISIC_0006711,0,skin/Test/ISBI2016_ISIC_Part3B_Test_Data/ISIC_0006711.jpg,skin/Test/ISBI2016_ISIC_Part1_Test_GroundTruth/ISIC_0006711_Segmentation.png,pixel,test,ISIC_0006711,test
ISIC_0007322,0,skin/Test/ISBI2016_ISIC_Part3B_Test_Data/ISIC_0007322.jpg,skin/Test/ISBI2016_ISIC_Part1_Test_GroundTruth/ISIC_0007322_Segmentation.png,pixel,test,ISIC_0007322,test
ISIC_0007693,0,skin/Test/ISBI2016_ISIC_Part3B_Test_Data/ISIC_0007693.jpg,skin/Test/ISBI2016_ISIC_Part1_Test_GroundTruth/ISIC_0007693_Segmentation.png,pixel,test,ISIC_0007693,test
ISIC_0008116,0,skin/Test/ISBI2016_ISIC_Part3B_Test_Data/ISIC_0008116.jpg,skin/Test/ISBI2016_ISIC_Part1_Test_GroundTruth/ISIC_0008116_Segmentation.png,pixel,test,ISIC_0008116,test
ISIC_0008207,0,skin/Test/ISBI2016_ISIC_Part3B_Test_Data/ISIC_0008207.jpg,skin/Test/ISBI2016_ISIC_Part1_Test_GroundTruth/ISIC_0008207_Segmentation.png,pixel,test,ISIC_0008207,test
ISIC_0008406,0,skin/Test/ISBI2016_ISIC_Part3B_Test_Data/ISIC_0008406.jpg,skin/Test/ISBI2016_ISIC_Part1_Test_GroundTruth/ISIC_0008406_Segmentation.png,pixel,test,ISIC_0008406,test
ISIC_0008507,0,skin/Test/ISBI2016_ISIC_Part3B_Test_Data/ISIC_0008507.jpg,skin/Test/ISBI2016_ISIC_Part1_Test_GroundTruth/ISIC_0008507_Segmentation.png,pixel,test,ISIC_0008507,test
ISIC_0008600,0,skin/Test/ISBI2016_ISIC_Part3B_Test_Data/ISIC_0008600.jpg,skin/Test/ISBI2016_ISIC_Part1_Test_GroundTruth/ISIC_0008600_Segmentation.png,pixel,test,ISIC_0008600,test
ISIC_0008626,0,skin/Test/ISBI2016_ISIC_Part3B_Test_Data/ISIC_0008626.jpg,skin/Test/ISBI2016_ISIC_Part1_Test_GroundTruth/ISIC_0008626_Segmentation.png,pixel,test,ISIC_0008626,test
ISIC_0008659,0,skin/Test/ISBI2016_ISIC_Part3B_Test_Data/ISIC_0008659.jpg,skin/Test/ISBI2016_ISIC_Part1_Test_GroundTruth/ISIC_0008659_Segmentation.png,pixel,test,ISIC_0008659,test
ISIC_0008992,0,skin/Test/ISBI2016_ISIC_Part3B_Test_Data/ISIC_0008992.jpg,skin/Test/ISBI2016_ISIC_Part1_Test_GroundTruth/ISIC_0008992_Segmentation.png,pixel,test,ISIC_0008992,test
ISIC_0008998,0,skin/Test/ISBI2016_ISIC_Part3B_Test_Data/ISIC_0008998.jpg,skin/Test/ISBI2016_ISIC_Part1_Test_GroundTruth/ISIC_0008998_Segmentation.png,pixel,test,ISIC_0008998,test
ISIC_0009035,0,skin/Test/ISBI2016_ISIC_Part3B_Test_Data/ISIC_0009035.jpg,skin/Test/ISBI2016_ISIC_Part1_Test_GroundTruth/ISIC_0009035_Segmentation.png,pixel,test,ISIC_0009035,test
ISIC_0009078,0,skin/Test/ISBI2016_ISIC_Part3B_Test_Data/ISIC_0009078.jpg,skin/Test/ISBI2016_ISIC_Part1_Test_GroundTruth/ISIC_0009078_Segmentation.png,pixel,test,ISIC_0009078,test
ISIC_0009083,0,skin/Test/ISBI2016_ISIC_Part3B_Test_Data/ISIC_0009083.jpg,skin/Test/ISBI2016_ISIC_Part1_Test_GroundTruth/ISIC_0009083_Segmentation.png,pixel,test,ISIC_0009083,test
ISIC_0009201,0,skin/Test/ISBI2016_ISIC_Part3B_Test_Data/ISIC_0009201.jpg,skin/Test/ISBI2016_ISIC_Part1_Test_GroundTruth/ISIC_0009201_Segmentation.png,pixel,test,ISIC_0009201,test
ISIC_0009298,0,skin/Test/ISBI2016_ISIC_Part3B_Test_Data/ISIC_0009298.jpg,skin/Test/ISBI2016_ISIC_Part1_Test_GroundTruth/ISIC_0009298_Segmentation.png,pixel,test,ISIC_0009298,test
ISIC_0009564,0,skin/Test/ISBI2016_ISIC_Part3B_Test_Data/ISIC_0009564.jpg,skin/Test/ISBI2016_ISIC_Part1_Test_GroundTruth/ISIC_0009564_Segmentation.png,pixel,test,ISIC_0009564,test
ISIC_0009869,0,skin/Test/ISBI2016_ISIC_Part3B_Test_Data/ISIC_0009869.jpg,skin/Test/ISBI2016_ISIC_Part1_Test_GroundTruth/ISIC_0009869_Segmentation.png,pixel,test,ISIC_0009869,test
ISIC_0009872,0,skin/Test/ISBI2016_ISIC_Part3B_Test_Data/ISIC_0009872.jpg,skin/Test/ISBI2016_ISIC_Part1_Test_GroundTruth/ISIC_0009872_Segmentation.png,pixel,test,ISIC_0009872,test
ISIC_0009874,0,skin/Test/ISBI2016_ISIC_Part3B_Test_Data/ISIC_0009874.jpg,skin/Test/ISBI2016_ISIC_Part1_Test_GroundTruth/ISIC_0009874_Segmentation.png,pixel,test,ISIC_0009874,test
ISIC_0009879,0,skin/Test/ISBI2016_ISIC_Part3B_Test_Data/ISIC_0009879.jpg,skin/Test/ISBI2016_ISIC_Part1_Test_GroundTruth/ISIC_0009879_Segmentation.png,pixel,test,ISIC_0009879,test
ISIC_0009880,0,skin/Test/ISBI2016_ISIC_Part3B_Test_Data/ISIC_0009880.jpg,skin/Test/ISBI2016_ISIC_Part1_Test_GroundTruth/ISIC_0009880_Segmentation.png,pixel,test,ISIC_0009880,test
ISIC_0009881,0,skin/Test/ISBI2016_ISIC_Part3B_Test_Data/ISIC_0009881.jpg,skin/Test/ISBI2016_ISIC_Part1_Test_GroundTruth/ISIC_0009881_Segmentation.png,pixel,test,ISIC_0009881,test
ISIC_0009882,1,skin/Test/ISBI2016_ISIC_Part3B_Test_Data/ISIC_0009882.jpg,skin/Test/ISBI2016_ISIC_Part1_Test_GroundTruth/ISIC_0009882_Segmentation.png,pixel,test,ISIC_0009882,test
ISIC_0009885,0,skin/Test/ISBI2016_ISIC_Part3B_Test_Data/ISIC_0009885.jpg,skin/Test/ISBI2016_ISIC_Part1_Test_GroundTruth/ISIC_0009885_Segmentation.png,pixel,test,ISIC_0009885,test
ISIC_0009889,0,skin/Test/ISBI2016_ISIC_Part3B_Test_Data/ISIC_0009889.jpg,skin/Test/ISBI2016_ISIC_Part1_Test_GroundTruth/ISIC_0009889_Segmentation.png,pixel,test,ISIC_0009889,test
ISIC_0009891,0,skin/Test/ISBI2016_ISIC_Part3B_Test_Data/ISIC_0009891.jpg,skin/Test/ISBI2016_ISIC_Part1_Test_GroundTruth/ISIC_0009891_Segmentation.png,pixel,test,ISIC_0009891,test
ISIC_0009898,1,skin/Test/ISBI2016_ISIC_Part3B_Test_Data/ISIC_0009898.jpg,skin/Test/ISBI2016_ISIC_Part1_Test_GroundTruth/ISIC_0009898_Segmentation.png,pixel,test,ISIC_0009898,test
ISIC_0009901,0,skin/Test/ISBI2016_ISIC_Part3B_Test_Data/ISIC_0009901.jpg,skin/Test/ISBI2016_ISIC_Part1_Test_GroundTruth/ISIC_0009901_Segmentation.png,pixel,test,ISIC_0009901,test
ISIC_0009902,0,skin/Test/ISBI2016_ISIC_Part3B_Test_Data/ISIC_0009902.jpg,skin/Test/ISBI2016_ISIC_Part1_Test_GroundTruth/ISIC_0009902_Segmentation.png,pixel,test,ISIC_0009902,test
ISIC_0009906,0,skin/Test/ISBI2016_ISIC_Part3B_Test_Data/ISIC_0009906.jpg,skin/Test/ISBI2016_ISIC_Part1_Test_GroundTruth/ISIC_0009906_Segmentation.png,pixel,test,ISIC_0009906,test
ISIC_0009918,1,skin/Test/ISBI2016_ISIC_Part3B_Test_Data/ISIC_0009918.jpg,skin/Test/ISBI2016_ISIC_Part1_Test_GroundTruth/ISIC_0009918_Segmentation.png,pixel,test,ISIC_0009918,test
ISIC_0009920,0,skin/Test/ISBI2016_ISIC_Part3B_Test_Data/ISIC_0009920.jpg,skin/Test/ISBI2016_ISIC_Part1_Test_GroundTruth/ISIC_0009920_Segmentation.png,pixel,test,ISIC_0009920,test
ISIC_0009923,0,skin/Test/ISBI2016_ISIC_Part3B_Test_Data/ISIC_0009923.jpg,skin/Test/ISBI2016_ISIC_Part1_Test_GroundTruth/ISIC_0009923_Segmentation.png,pixel,test,ISIC_0009923,test
ISIC_0009926,0,skin/Test/ISBI2016_ISIC_Part3B_Test_Data/ISIC_0009926.jpg,skin/Test/ISBI2016_ISIC_Part1_Test_GroundTruth/ISIC_0009926_Segmentation.png,pixel,test,ISIC_0009926,test
ISIC_0009927,1,skin/Test/ISBI2016_ISIC_Part3B_Test_Data/ISIC_0009927.jpg,skin/Test/ISBI2016_ISIC_Part1_Test_GroundTruth/ISIC_0009927_Segmentation.png,pixel,test,ISIC_0009927,test
ISIC_0009928,0,skin/Test/ISBI2016_ISIC_Part3B_Test_Data/ISIC_0009928.jpg,skin/Test/ISBI2016_ISIC_Part1_Test_GroundTruth/ISIC_0009928_Segmentation.png,pixel,test,ISIC_0009928,test
ISIC_0009930,0,skin/Test/ISBI2016_ISIC_Part3B_Test_Data/ISIC_0009930.jpg,skin/Test/ISBI2016_ISIC_Part1_Test_GroundTruth/ISIC_0009930_Segmentation.png,pixel,test,ISIC_0009930,test
ISIC_0009931,0,skin/Test/ISBI2016_ISIC_Part3B_Test_Data/ISIC_0009931.jpg,skin/Test/ISBI2016_ISIC_Part1_Test_GroundTruth/ISIC_0009931_Segmentation.png,pixel,test,ISIC_0009931,test
ISIC_0009943,0,skin/Test/ISBI2016_ISIC_Part3B_Test_Data/ISIC_0009943.jpg,skin/Test/ISBI2016_ISIC_Part1_Test_GroundTruth/ISIC_0009943_Segmentation.png,pixel,test,ISIC_0009943,test
ISIC_0009945,0,skin/Test/ISBI2016_ISIC_Part3B_Test_Data/ISIC_0009945.jpg,skin/Test/ISBI2016_ISIC_Part1_Test_GroundTruth/ISIC_0009945_Segmentation.png,pixel,test,ISIC_0009945,test
ISIC_0009946,0,skin/Test/ISBI2016_ISIC_Part3B_Test_Data/ISIC_0009946.jpg,skin/Test/ISBI2016_ISIC_Part1_Test_GroundTruth/ISIC_0009946_Segmentation.png,pixel,test,ISIC_0009946,test
ISIC_0009948,0,skin/Test/ISBI2016_ISIC_Part3B_Test_Data/ISIC_0009948.jpg,skin/Test/ISBI2016_ISIC_Part1_Test_GroundTruth/ISIC_0009948_Segmentation.png,pixel,test,ISIC_0009948,test
ISIC_0009954,0,skin/Test/ISBI2016_ISIC_Part3B_Test_Data/ISIC_0009954.jpg,skin/Test/ISBI2016_ISIC_Part1_Test_GroundTruth/ISIC_0009954_Segmentation.png,pixel,test,ISIC_0009954,test
ISIC_0009955,1,skin/Test/ISBI2016_ISIC_Part3B_Test_Data/ISIC_0009955.jpg,skin/Test/ISBI2016_ISIC_Part1_Test_GroundTruth/ISIC_0009955_Segmentation.png,pixel,test,ISIC_0009955,test
ISIC_0009956,0,skin/Test/ISBI2016_ISIC_Part3B_Test_Data/ISIC_0009956.jpg,skin/Test/ISBI2016_ISIC_Part1_Test_GroundTruth/ISIC_0009956_Segmentation.png,pixel,test,ISIC_0009956,test
ISIC_0009958,0,skin/Test/ISBI2016_ISIC_Part3B_Test_Data/ISIC_0009958.jpg,skin/Test/ISBI2016_ISIC_Part1_Test_GroundTruth/ISIC_0009958_Segmentation.png,pixel,test,ISIC_0009958,test
ISIC_0009959,1,skin/Test/ISBI2016_ISIC_Part3B_Test_Data/ISIC_0009959.jpg,skin/Test/ISBI2016_ISIC_Part1_Test_GroundTruth/ISIC_0009959_Segmentation.png,pixel,test,ISIC_0009959,test
ISIC_0009965,0,skin/Test/ISBI2016_ISIC_Part3B_Test_Data/ISIC_0009965.jpg,skin/Test/ISBI2016_ISIC_Part1_Test_GroundTruth/ISIC_0009965_Segmentation.png,pixel,test,ISIC_0009965,test
ISIC_0009970,0,skin/Test/ISBI2016_ISIC_Part3B_Test_Data/ISIC_0009970.jpg,skin/Test/ISBI2016_ISIC_Part1_Test_GroundTruth/ISIC_0009970_Segmentation.png,pixel,test,ISIC_0009970,test
ISIC_0009977,0,skin/Test/ISBI2016_ISIC_Part3B_Test_Data/ISIC_0009977.jpg,skin/Test/ISBI2016_ISIC_Part1_Test_GroundTruth/ISIC_0009977_Segmentation.png,pixel,test,ISIC_0009977,test
ISIC_0009980,0,skin/Test/ISBI2016_ISIC_Part3B_Test_Data/ISIC_0009980.jpg,skin/Test/ISBI2016_ISIC_Part1_Test_GroundTruth/ISIC_0009980_Segmentation.png,pixel,test,ISIC_0009980,test
ISIC_0009982,0,skin/Test/ISBI2016_ISIC_Part3B_Test_Data/ISIC_0009982.jpg,skin/Test/ISBI2016_ISIC_Part1_Test_GroundTruth/ISIC_0009982_Segmentation.png,pixel,test,ISIC_0009982,test
ISIC_0009988,0,skin/Test/ISBI2016_ISIC_Part3B_Test_Data/ISIC_0009988.jpg,skin/Test/ISBI2016_ISIC_Part1_Test_GroundTruth/ISIC_0009988_Segmentation.png,pixel,test,ISIC_0009988,test
ISIC_0009990,0,skin/Test/ISBI2016_ISIC_Part3B_Test_Data/ISIC_0009990.jpg,skin/Test/ISBI2016_ISIC_Part1_Test_GroundTruth/ISIC_0009990_Segmentation.png,pixel,test,ISIC_0009990,test
ISIC_0009992,1,skin/Test/ISBI2016_ISIC_Part3B_Test_Data/ISIC_0009992.jpg,skin/Test/ISBI2016_ISIC_Part1_Test_GroundTruth/ISIC_0009992_Segmentation.png,pixel,test,ISIC_0009992,test
ISIC_0009993,1,skin/Test/ISBI2016_ISIC_Part3B_Test_Data/ISIC_0009993.jpg,skin/Test/ISBI2016_ISIC_Part1_Test_GroundTruth/ISIC_0009993_Segmentation.png,pixel,test,ISIC_0009993,test
ISIC_0009994,0,skin/Test/ISBI2016_ISIC_Part3B_Test_Data/ISIC_0009994.jpg,skin/Test/ISBI2016_ISIC_Part1_Test_GroundTruth/ISIC_0009994_Segmentation.png,pixel,test,ISIC_0009994,test
ISIC_0009998,0,skin/Test/ISBI2016_ISIC_Part3B_Test_Data/ISIC_0009998.jpg,skin/Test/ISBI2016_ISIC_Part1_Test_GroundTruth/ISIC_0009998_Segmentation.png,pixel,test,ISIC_0009998,test
ISIC_0010004,0,skin/Test/ISBI2016_ISIC_Part3B_Test_Data/ISIC_0010004.jpg,skin/Test/ISBI2016_ISIC_Part1_Test_GroundTruth/ISIC_0010004_Segmentation.png,pixel,test,ISIC_0010004,test
ISIC_0010009,0,skin/Test/ISBI2016_ISIC_Part3B_Test_Data/ISIC_0010009.jpg,skin/Test/ISBI2016_ISIC_Part1_Test_GroundTruth/ISIC_0010009_Segmentation.png,pixel,test,ISIC_0010009,test
ISIC_0010011,1,skin/Test/ISBI2016_ISIC_Part3B_Test_Data/ISIC_0010011.jpg,skin/Test/ISBI2016_ISIC_Part1_Test_GroundTruth/ISIC_0010011_Segmentation.png,pixel,test,ISIC_0010011,test
ISIC_0010013,0,skin/Test/ISBI2016_ISIC_Part3B_Test_Data/ISIC_0010013.jpg,skin/Test/ISBI2016_ISIC_Part1_Test_GroundTruth/ISIC_0010013_Segmentation.png,pixel,test,ISIC_0010013,test
ISIC_0010016,1,skin/Test/ISBI2016_ISIC_Part3B_Test_Data/ISIC_0010016.jpg,skin/Test/ISBI2016_ISIC_Part1_Test_GroundTruth/ISIC_0010016_Segmentation.png,pixel,test,ISIC_0010016,test
ISIC_0010018,0,skin/Test/ISBI2016_ISIC_Part3B_Test_Data/ISIC_0010018.jpg,skin/Test/ISBI2016_ISIC_Part1_Test_GroundTruth/ISIC_0010018_Segmentation.png,pixel,test,ISIC_0010018,test
ISIC_0010020,0,skin/Test/ISBI2016_ISIC_Part3B_Test_Data/ISIC_0010020.jpg,skin/Test/ISBI2016_ISIC_Part1_Test_GroundTruth/ISIC_0010020_Segmentation.png,pixel,test,ISIC_0010020,test
ISIC_0010023,1,skin/Test/ISBI2016_ISIC_Part3B_Test_Data/ISIC_0010023.jpg,skin/Test/ISBI2016_ISIC_Part1_Test_GroundTruth/ISIC_0010023_Segmentation.png,pixel,test,ISIC_0010023,test
ISIC_0010028,0,skin/Test/ISBI2016_ISIC_Part3B_Test_Data/ISIC_0010028.jpg,skin/Test/ISBI2016_ISIC_Part1_Test_GroundTruth/ISIC_0010028_Segmentation.png,pixel,test,ISIC_0010028,test
ISIC_0010033,0,skin/Test/ISBI2016_ISIC_Part3B_Test_Data/ISIC_0010033.jpg,skin/Test/ISBI2016_ISIC_Part1_Test_GroundTruth/ISIC_0010033_Segmentation.png,pixel,test,ISIC_0010033,test
ISIC_0010034,1,skin/Test/ISBI2016_ISIC_Part3B_Test_Data/ISIC_0010034.jpg,skin/Test/ISBI2016_ISIC_Part1_Test_GroundTruth/ISIC_0010034_Segmentation.png,pixel,test,ISIC_0010034,test
ISIC_0010037,0,skin/Test/ISBI2016_ISIC_Part3B_Test_Data/ISIC_0010037.jpg,skin/Test/ISBI2016_ISIC_Part1_Test_GroundTruth/ISIC_0010037_Segmentation.png,pixel,test,ISIC_0010037,test
ISIC_0010038,0,skin/Test/ISBI2016_ISIC_Part3B_Test_Data/ISIC_0010038.jpg,skin/Test/ISBI2016_ISIC_Part1_Test_GroundTruth/ISIC_0010038_Segmentation.png,pixel,test,ISIC_0010038,test
ISIC_0010041,0,skin/Test/ISBI2016_ISIC_Part3B_Test_Data/ISIC_0010041.jpg,skin/Test/ISBI2016_ISIC_Part1_Test_GroundTruth/ISIC_0010041_Segmentation.png,pixel,test,ISIC_0010041,test
ISIC_0010047,0,skin/Test/ISBI2016_ISIC_Part3B_Test_Data/ISIC_0010047.jpg,skin/Test/ISBI2016_ISIC_Part1_Test_GroundTruth/ISIC_0010047_Segmentation.png,pixel,test,ISIC_0010047,test
ISIC_0010055,0,skin/Test/ISBI2016_ISIC_Part3B_Test_Data/ISIC_0010055.jpg,skin/Test/ISBI2016_ISIC_Part1_Test_GroundTruth/ISIC_0010055_Segmentation.png,pixel,test,ISIC_0010055,test
ISIC_0010058,0,skin/Test/ISBI2016_ISIC_Part3B_Test_Data/ISIC_0010058.jpg,skin/Test/ISBI2016_ISIC_Part1_Test_GroundTruth/ISIC_0010058_Segmentation.png,pixel,test,ISIC_0010058,test
ISIC_0010059,0,skin/Test/ISBI2016_ISIC_Part3B_Test_Data/ISIC_0010059.jpg,skin/Test/ISBI2016_ISIC_Part1_Test_GroundTruth/ISIC_0010059_Segmentation.png,pixel,test,ISIC_0010059,test
ISIC_0010061,0,skin/Test/ISBI2016_ISIC_Part3B_Test_Data/ISIC_0010061.jpg,skin/Test/ISBI2016_ISIC_Part1_Test_GroundTruth/ISIC_0010061_Segmentation.png,pixel,test,ISIC_0010061,test
ISIC_0010062,0,skin/Test/ISBI2016_ISIC_Part3B_Test_Data/ISIC_0010062.jpg,skin/Test/ISBI2016_ISIC_Part1_Test_GroundTruth/ISIC_0010062_Segmentation.png,pixel,test,ISIC_0010062,test
ISIC_0010073,0,skin/Test/ISBI2016_ISIC_Part3B_Test_Data/ISIC_0010073.jpg,skin/Test/ISBI2016_ISIC_Part1_Test_GroundTruth/ISIC_0010073_Segmentation.png,pixel,test,ISIC_0010073,test
ISIC_0010077,0,skin/Test/ISBI2016_ISIC_Part3B_Test_Data/ISIC_0010077.jpg,skin/Test/ISBI2016_ISIC_Part1_Test_GroundTruth/ISIC_0010077_Segmentation.png,pixel,test,ISIC_0010077,test
ISIC_0010088,0,skin/Test/ISBI2016_ISIC_Part3B_Test_Data/ISIC_0010088.jpg,skin/Test/ISBI2016_ISIC_Part1_Test_GroundTruth/ISIC_0010088_Segmentation.png,pixel,test,ISIC_0010088,test
ISIC_0010089,1,skin/Test/ISBI2016_ISIC_Part3B_Test_Data/ISIC_0010089.jpg,skin/Test/ISBI2016_ISIC_Part1_Test_GroundTruth/ISIC_0010089_Segmentation.png,pixel,test,ISIC_0010089,test
ISIC_0010092,0,skin/Test/ISBI2016_ISIC_Part3B_Test_Data/ISIC_0010092.jpg,skin/Test/ISBI2016_ISIC_Part1_Test_GroundTruth/ISIC_0010092_Segmentation.png,pixel,test,ISIC_0010092,test
ISIC_0010100,0,skin/Test/ISBI2016_ISIC_Part3B_Test_Data/ISIC_0010100.jpg,skin/Test/ISBI2016_ISIC_Part1_Test_GroundTruth/ISIC_0010100_Segmentation.png,pixel,test,ISIC_0010100,test
ISIC_0010103,0,skin/Test/ISBI2016_ISIC_Part3B_Test_Data/ISIC_0010103.jpg,skin/Test/ISBI2016_ISIC_Part1_Test_GroundTruth/ISIC_0010103_Segmentation.png,pixel,test,ISIC_0010103,test
ISIC_0010171,1,skin/Test/ISBI2016_ISIC_Part3B_Test_Data/ISIC_0010171.jpg,skin/Test/ISBI2016_ISIC_Part1_Test_GroundTruth/ISIC_0010171_Segmentation.png,pixel,test,ISIC_0010171,test
ISIC_0010173,0,skin/Test/ISBI2016_ISIC_Part3B_Test_Data/ISIC_0010173.jpg,skin/Test/ISBI2016_ISIC_Part1_Test_GroundTruth/ISIC_0010173_Segmentation.png,pixel,test,ISIC_0010173,test
ISIC_0010175,1,skin/Test/ISBI2016_ISIC_Part3B_Test_Data/ISIC_0010175.jpg,skin/Test/ISBI2016_ISIC_Part1_Test_GroundTruth/ISIC_0010175_Segmentation.png,pixel,test,ISIC_0010175,test
ISIC_0010180,0,skin/Test/ISBI2016_ISIC_Part3B_Test_Data/ISIC_0010180.jpg,skin/Test/ISBI2016_ISIC_Part1_Test_GroundTruth/ISIC_0010180_Segmentation.png,pixel,test,ISIC_0010180,test
ISIC_0010183,0,skin/Test/ISBI2016_ISIC_Part3B_Test_Data/ISIC_0010183.jpg,skin/Test/ISBI2016_ISIC_Part1_Test_GroundTruth/ISIC_0010183_Segmentation.png,pixel,test,ISIC_0010183,test
ISIC_0010187,0,skin/Test/ISBI2016_ISIC_Part3B_Test_Data/ISIC_0010187.jpg,skin/Test/ISBI2016_ISIC_Part1_Test_GroundTruth/ISIC_0010187_Segmentation.png,pixel,test,ISIC_0010187,test
ISIC_0010190,0,skin/Test/ISBI2016_ISIC_Part3B_Test_Data/ISIC_0010190.jpg,skin/Test/ISBI2016_ISIC_Part1_Test_GroundTruth/ISIC_0010190_Segmentation.png,pixel,test,ISIC_0010190,test
ISIC_0010192,0,skin/Test/ISBI2016_ISIC_Part3B_Test_Data/ISIC_0010192.jpg,skin/Test/ISBI2016_ISIC_Part1_Test_GroundTruth/ISIC_0010192_Segmentation.png,pixel,test,ISIC_0010192,test
ISIC_0010193,0,skin/Test/ISBI2016_ISIC_Part3B_Test_Data/ISIC_0010193.jpg,skin/Test/ISBI2016_ISIC_Part1_Test_GroundTruth/ISIC_0010193_Segmentation.png,pixel,test,ISIC_0010193,test
ISIC_0010201,0,skin/Test/ISBI2016_ISIC_Part3B_Test_Data/ISIC_0010201.jpg,skin/Test/ISBI2016_ISIC_Part1_Test_GroundTruth/ISIC_0010201_Segmentation.png,pixel,test,ISIC_0010201,test
ISIC_0010202,0,skin/Test/ISBI2016_ISIC_Part3B_Test_Data/ISIC_0010202.jpg,skin/Test/ISBI2016_ISIC_Part1_Test_GroundTruth/ISIC_0010202_Segmentation.png,pixel,test,ISIC_0010202,test
ISIC_0010206,0,skin/Test/ISBI2016_ISIC_Part3B_Test_Data/ISIC_0010206.jpg,skin/Test/ISBI2016_ISIC_Part1_Test_GroundTruth/ISIC_0010206_Segmentation.png,pixel,test,ISIC_0010206,test
ISIC_0010207,1,skin/Test/ISBI2016_ISIC_Part3B_Test_Data/ISIC_0010207.jpg,skin/Test/ISBI2016_ISIC_Part1_Test_GroundTruth/ISIC_0010207_Segmentation.png,pixel,test,ISIC_0010207,test
ISIC_0010215,0,skin/Test/ISBI2016_ISIC_Part3B_Test_Data/ISIC_0010215.jpg,skin/Test/ISBI2016_ISIC_Part1_Test_GroundTruth/ISIC_0010215_Segmentation.png,pixel,test,ISIC_0010215,test
ISIC_0010216,0,skin/Test/ISBI2016_ISIC_Part3B_Test_Data/ISIC_0010216.jpg,skin/Test/ISBI2016_ISIC_Part1_Test_GroundTruth/ISIC_0010216_Segmentation.png,pixel,test,ISIC_0010216,test
ISIC_0010229,0,skin/Test/ISBI2016_ISIC_Part3B_Test_Data/ISIC_0010229.jpg,skin/Test/ISBI2016_ISIC_Part1_Test_GroundTruth/ISIC_0010229_Segmentation.png,pixel,test,ISIC_0010229,test
ISIC_0010231,1,skin/Test/ISBI2016_ISIC_Part3B_Test_Data/ISIC_0010231.jpg,skin/Test/ISBI2016_ISIC_Part1_Test_GroundTruth/ISIC_0010231_Segmentation.png,pixel,test,ISIC_0010231,test
ISIC_0010234,0,skin/Test/ISBI2016_ISIC_Part3B_Test_Data/ISIC_0010234.jpg,skin/Test/ISBI2016_ISIC_Part1_Test_GroundTruth/ISIC_0010234_Segmentation.png,pixel,test,ISIC_0010234,test
ISIC_0010238,0,skin/Test/ISBI2016_ISIC_Part3B_Test_Data/ISIC_0010238.jpg,skin/Test/ISBI2016_ISIC_Part1_Test_GroundTruth/ISIC_0010238_Segmentation.png,pixel,test,ISIC_0010238,test
ISIC_0010254,0,skin/Test/ISBI2016_ISIC_Part3B_Test_Data/ISIC_0010254.jpg,skin/Test/ISBI2016_ISIC_Part1_Test_GroundTruth/ISIC_0010254_Segmentation.png,pixel,test,ISIC_0010254,test
ISIC_0010255,0,skin/Test/ISBI2016_ISIC_Part3B_Test_Data/ISIC_0010255.jpg,skin/Test/ISBI2016_ISIC_Part1_Test_GroundTruth/ISIC_0010255_Segmentation.png,pixel,test,ISIC_0010255,test
ISIC_0010257,0,skin/Test/ISBI2016_ISIC_Part3B_Test_Data/ISIC_0010257.jpg,skin/Test/ISBI2016_ISIC_Part1_Test_GroundTruth/ISIC_0010257_Segmentation.png,pixel,test,ISIC_0010257,test
ISIC_0010261,0,skin/Test/ISBI2016_ISIC_Part3B_Test_Data/ISIC_0010261.jpg,skin/Test/ISBI2016_ISIC_Part1_Test_GroundTruth/ISIC_0010261_Segmentation.png,pixel,test,ISIC_0010261,test
ISIC_0010326,0,skin/Test/ISBI2016_ISIC_Part3B_Test_Data/ISIC_0010326.jpg,skin/Test/ISBI2016_ISIC_Part1_Test_GroundTruth/ISIC_0010326_Segmentation.png,pixel,test,ISIC_0010326,test
ISIC_0010331,0,skin/Test/ISBI2016_ISIC_Part3B_Test_Data/ISIC_0010331.jpg,skin/Test/ISBI2016_ISIC_Part1_Test_GroundTruth/ISIC_0010331_Segmentation.png,pixel,test,ISIC_0010331,test
ISIC_0010336,0,skin/Test/ISBI2016_ISIC_Part3B_Test_Data/ISIC_0010336.jpg,skin/Test/ISBI2016_ISIC_Part1_Test_GroundTruth/ISIC_0010336_Segmentation.png,pixel,test,ISIC_0010336,test
ISIC_0010340,0,skin/Test/ISBI2016_ISIC_Part3B_Test_Data/ISIC_0010340.jpg,skin/Test/ISBI2016_ISIC_Part1_Test_GroundTruth/ISIC_0010340_Segmentation.png,pixel,test,ISIC_0010340,test
ISIC_0010346,0,skin/Test/ISBI2016_ISIC_Part3B_Test_Data/ISIC_0010346.jpg,skin/Test/ISBI2016_ISIC_Part1_Test_GroundTruth/ISIC_0010346_Segmentation.png,pixel,test,ISIC_0010346,test
ISIC_0010347,0,skin/Test/ISBI2016_ISIC_Part3B_Test_Data/ISIC_0010347.jpg,skin/Test/ISBI2016_ISIC_Part1_Test_GroundTruth/ISIC_0010347_Segmentation.png,pixel,test,ISIC_0010347,test
ISIC_0010348,0,skin/Test/ISBI2016_ISIC_Part3B_Test_Data/ISIC_0010348.jpg,skin/Test/ISBI2016_ISIC_Part1_Test_GroundTruth/ISIC_0010348_Segmentation.png,pixel,test,ISIC_0010348,test
ISIC_0010360,1,skin/Test/ISBI2016_ISIC_Part3B_Test_Data/ISIC_0010360.jpg,skin/Test/ISBI2016_ISIC_Part1_Test_GroundTruth/ISIC_0010360_Segmentation.png,pixel,test,ISIC_0010360,test
ISIC_0010368,0,skin/Test/ISBI2016_ISIC_Part3B_Test_Data/ISIC_0010368.jpg,skin/Test/ISBI2016_ISIC_Part1_Test_GroundTruth/ISIC_0010368_Segmentation.png,pixel,test,ISIC_0010368,test
ISIC_0010369,1,skin/Test/ISBI2016_ISIC_Part3B_Test_Data/ISIC_0010369.jpg,skin/Test/ISBI2016_ISIC_Part1_Test_GroundTruth/ISIC_0010369_Segmentation.png,pixel,test,ISIC_0010369,test
ISIC_0010373,0,skin/Test/ISBI2016_ISIC_Part3B_Test_Data/ISIC_0010373.jpg,skin/Test/ISBI2016_ISIC_Part1_Test_GroundTruth/ISIC_0010373_Segmentation.png,pixel,test,ISIC_0010373,test
ISIC_0010374,0,skin/Test/ISBI2016_ISIC_Part3B_Test_Data/ISIC_0010374.jpg,skin/Test/ISBI2016_ISIC_Part1_Test_GroundTruth/ISIC_0010374_Segmentation.png,pixel,test,ISIC_0010374,test
ISIC_0010377,0,skin/Test/ISBI2016_ISIC_Part3B_Test_Data/ISIC_0010377.jpg,skin/Test/ISBI2016_ISIC_Part1_Test_GroundTruth/ISIC_0010377_Segmentation.png,pixel,test,ISIC_0010377,test
ISIC_0010378,0,skin/Test/ISBI2016_ISIC_Part3B_Test_Data/ISIC_0010378.jpg,skin/Test/ISBI2016_ISIC_Part1_Test_GroundTruth/ISIC_0010378_Segmentation.png,pixel,test,ISIC_0010378,test
ISIC_0010379,1,skin/Test/ISBI2016_ISIC_Part3B_Test_Data/ISIC_0010379.jpg,skin/Test/ISBI2016_ISIC_Part1_Test_GroundTruth/ISIC_0010379_Segmentation.png,pixel,test,ISIC_0010379,test
ISIC_0010437,0,skin/Test/ISBI2016_ISIC_Part3B_Test_Data/ISIC_0010437.jpg,skin/Test/ISBI2016_ISIC_Part1_Test_GroundTruth/ISIC_0010437_Segmentation.png,pixel,test,ISIC_0010437,test
ISIC_0010444,0,skin/Test/ISBI2016_ISIC_Part3B_Test_Data/ISIC_0010444.jpg,skin/Test/ISBI2016_ISIC_Part1_Test_GroundTruth/ISIC_0010444_Segmentation.png,pixel,test,ISIC_0010444,test
ISIC_0010448,0,skin/Test/ISBI2016_ISIC_Part3B_Test_Data/ISIC_0010448.jpg,skin/Test/ISBI2016_ISIC_Part1_Test_GroundTruth/ISIC_0010448_Segmentation.png,pixel,test,ISIC_0010448,test
ISIC_0010449,0,skin/Test/ISBI2016_ISIC_Part3B_Test_Data/ISIC_0010449.jpg,skin/Test/ISBI2016_ISIC_Part1_Test_GroundTruth/ISIC_0010449_Segmentation.png,pixel,test,ISIC_0010449,test
ISIC_0010451,0,skin/Test/ISBI2016_ISIC_Part3B_Test_Data/ISIC_0010451.jpg,skin/Test/ISBI2016_ISIC_Part1_Test_GroundTruth/ISIC_0010451_Segmentation.png,pixel,test,ISIC_0010451,test
ISIC_0010452,0,skin/Test/ISBI2016_ISIC_Part3B_Test_Data/ISIC_0010452.jpg,skin/Test/ISBI2016_ISIC_Part1_Test_GroundTruth/ISIC_0010452_Segmentation.png,pixel,test,ISIC_0010452,test
ISIC_0010454,1,skin/Test/ISBI2016_ISIC_Part3B_Test_Data/ISIC_0010454.jpg,skin/Test/ISBI2016_ISIC_Part1_Test_GroundTruth/ISIC_0010454_Segmentation.png,pixel,test,ISIC_0010454,test
ISIC_0010456,0,skin/Test/ISBI2016_ISIC_Part3B_Test_Data/ISIC_0010456.jpg,skin/Test/ISBI2016_ISIC_Part1_Test_GroundTruth/ISIC_0010456_Segmentation.png,pixel,test,ISIC_0010456,test
ISIC_0010460,0,skin/Test/ISBI2016_ISIC_Part3B_Test_Data/ISIC_0010460.jpg,skin/Test/ISBI2016_ISIC_Part1_Test_GroundTruth/ISIC_0010460_Segmentation.png,pixel,test,ISIC_0010460,test
ISIC_0010463,0,skin/Test/ISBI2016_ISIC_Part3B_Test_Data/ISIC_0010463.jpg,skin/Test/ISBI2016_ISIC_Part1_Test_GroundTruth/ISIC_0010463_Segmentation.png,pixel,test,ISIC_0010463,test
ISIC_0010474,0,skin/Test/ISBI2016_ISIC_Part3B_Test_Data/ISIC_0010474.jpg,skin/Test/ISBI2016_ISIC_Part1_Test_GroundTruth/ISIC_0010474_Segmentation.png,pixel,test,ISIC_0010474,test
ISIC_0010477,0,skin/Test/ISBI2016_ISIC_Part3B_Test_Data/ISIC_0010477.jpg,skin/Test/ISBI2016_ISIC_Part1_Test_GroundTruth/ISIC_0010477_Segmentation.png,pixel,test,ISIC_0010477,test
ISIC_0010483,0,skin/Test/ISBI2016_ISIC_Part3B_Test_Data/ISIC_0010483.jpg,skin/Test/ISBI2016_ISIC_Part1_Test_GroundTruth/ISIC_0010483_Segmentation.png,pixel,test,ISIC_0010483,test
ISIC_0010494,0,skin/Test/ISBI2016_ISIC_Part3B_Test_Data/ISIC_0010494.jpg,skin/Test/ISBI2016_ISIC_Part1_Test_GroundTruth/ISIC_0010494_Segmentation.png,pixel,test,ISIC_0010494,test
ISIC_0010498,0,skin/Test/ISBI2016_ISIC_Part3B_Test_Data/ISIC_0010498.jpg,skin/Test/ISBI2016_ISIC_Part1_Test_GroundTruth/ISIC_0010498_Segmentation.png,pixel,test,ISIC_0010498,test
ISIC_0010552,0,skin/Test/ISBI2016_ISIC_Part3B_Test_Data/ISIC_0010552.jpg,skin/Test/ISBI2016_ISIC_Part1_Test_GroundTruth/ISIC_0010552_Segmentation.png,pixel,test,ISIC_0010552,test
ISIC_0010553,0,skin/Test/ISBI2016_ISIC_Part3B_Test_Data/ISIC_0010553.jpg,skin/Test/ISBI2016_ISIC_Part1_Test_GroundTruth/ISIC_0010553_Segmentation.png,pixel,test,ISIC_0010553,test
ISIC_0010556,0,skin/Test/ISBI2016_ISIC_Part3B_Test_Data/ISIC_0010556.jpg,skin/Test/ISBI2016_ISIC_Part1_Test_GroundTruth/ISIC_0010556_Segmentation.png,pixel,test,ISIC_0010556,test
ISIC_0010565,0,skin/Test/ISBI2016_ISIC_Part3B_Test_Data/ISIC_0010565.jpg,skin/Test/ISBI2016_ISIC_Part1_Test_GroundTruth/ISIC_0010565_Segmentation.png,pixel,test,ISIC_0010565,test
ISIC_0010574,0,skin/Test/ISBI2016_ISIC_Part3B_Test_Data/ISIC_0010574.jpg,skin/Test/ISBI2016_ISIC_Part1_Test_GroundTruth/ISIC_0010574_Segmentation.png,pixel,test,ISIC_0010574,test
ISIC_0010582,0,skin/Test/ISBI2016_ISIC_Part3B_Test_Data/ISIC_0010582.jpg,skin/Test/ISBI2016_ISIC_Part1_Test_GroundTruth/ISIC_0010582_Segmentation.png,pixel,test,ISIC_0010582,test
ISIC_0010584,0,skin/Test/ISBI2016_ISIC_Part3B_Test_Data/ISIC_0010584.jpg,skin/Test/ISBI2016_ISIC_Part1_Test_GroundTruth/ISIC_0010584_Segmentation.png,pixel,test,ISIC_0010584,test
ISIC_0010587,1,skin/Test/ISBI2016_ISIC_Part3B_Test_Data/ISIC_0010587.jpg,skin/Test/ISBI2016_ISIC_Part1_Test_GroundTruth/ISIC_0010587_Segmentation.png,pixel,test,ISIC_0010587,test
ISIC_0010588,0,skin/Test/ISBI2016_ISIC_Part3B_Test_Data/ISIC_0010588.jpg,skin/Test/ISBI2016_ISIC_Part1_Test_GroundTruth/ISIC_0010588_Segmentation.png,pixel,test,ISIC_0010588,test
ISIC_0010591,1,skin/Test/ISBI2016_ISIC_Part3B_Test_Data/ISIC_0010591.jpg,skin/Test/ISBI2016_ISIC_Part1_Test_GroundTruth/ISIC_0010591_Segmentation.png,pixel,test,ISIC_0010591,test
ISIC_0010592,0,skin/Test/ISBI2016_ISIC_Part3B_Test_Data/ISIC_0010592.jpg,skin/Test/ISBI2016_ISIC_Part1_Test_GroundTruth/ISIC_0010592_Segmentation.png,pixel,test,ISIC_0010592,test
ISIC_0010596,1,skin/Test/ISBI2016_ISIC_Part3B_Test_Data/ISIC_0010596.jpg,skin/Test/ISBI2016_ISIC_Part1_Test_GroundTruth/ISIC_0010596_Segmentation.png,pixel,test,ISIC_0010596,test
ISIC_0010597,1,skin/Test/ISBI2016_ISIC_Part3B_Test_Data/ISIC_0010597.jpg,skin/Test/ISBI2016_ISIC_Part1_Test_GroundTruth/ISIC_0010597_Segmentation.png,pixel,test,ISIC_0010597,test
ISIC_0010598,0,skin/Test/ISBI2016_ISIC_Part3B_Test_Data/ISIC_0010598.jpg,skin/Test/ISBI2016_ISIC_Part1_Test_GroundTruth/ISIC_0010598_Segmentation.png,pixel,test,ISIC_0010598,test
ISIC_0010599,0,skin/Test/ISBI2016_ISIC_Part3B_Test_Data/ISIC_0010599.jpg,skin/Test/ISBI2016_ISIC_Part1_Test_GroundTruth/ISIC_0010599_Segmentation.png,pixel,test,ISIC_0010599,test
ISIC_0010604,0,skin/Test/ISBI2016_ISIC_Part3B_Test_Data/ISIC_0010604.jpg,skin/Test/ISBI2016_ISIC_Part1_Test_GroundTruth/ISIC_0010604_Segmentation.png,pixel,test,ISIC_0010604,test
ISIC_0010606,0,skin/Test/ISBI2016_ISIC_Part3B_Test_Data/ISIC_0010606.jpg,skin/Test/ISBI2016_ISIC_Part1_Test_GroundTruth/ISIC_0010606_Segmentation.png,pixel,test,ISIC_0010606,test
ISIC_0010607,0,skin/Test/ISBI2016_ISIC_Part3B_Test_Data/ISIC_0010607.jpg,skin/Test/ISBI2016_ISIC_Part1_Test_GroundTruth/ISIC_0010607_Segmentation.png,pixel,test,ISIC_0010607,test
ISIC_0010846,0,skin/Test/ISBI2016_ISIC_Part3B_Test_Data/ISIC_0010846.jpg,skin/Test/ISBI2016_ISIC_Part1_Test_GroundTruth/ISIC_0010846_Segmentation.png,pixel,test,ISIC_0010846,test
ISIC_0010847,0,skin/Test/ISBI2016_ISIC_Part3B_Test_Data/ISIC_0010847.jpg,skin/Test/ISBI2016_ISIC_Part1_Test_GroundTruth/ISIC_0010847_Segmentation.png,pixel,test,ISIC_0010847,test
ISIC_0010854,0,skin/Test/ISBI2016_ISIC_Part3B_Test_Data/ISIC_0010854.jpg,skin/Test/ISBI2016_ISIC_Part1_Test_GroundTruth/ISIC_0010854_Segmentation.png,pixel,test,ISIC_0010854,test
ISIC_0010856,0,skin/Test/ISBI2016_ISIC_Part3B_Test_Data/ISIC_0010856.jpg,skin/Test/ISBI2016_ISIC_Part1_Test_GroundTruth/ISIC_0010856_Segmentation.png,pixel,test,ISIC_0010856,test
ISIC_0010863,1,skin/Test/ISBI2016_ISIC_Part3B_Test_Data/ISIC_0010863.jpg,skin/Test/ISBI2016_ISIC_Part1_Test_GroundTruth/ISIC_0010863_Segmentation.png,pixel,test,ISIC_0010863,test
ISIC_0011080,0,skin/Test/ISBI2016_ISIC_Part3B_Test_Data/ISIC_0011080.jpg,skin/Test/ISBI2016_ISIC_Part1_Test_GroundTruth/ISIC_0011080_Segmentation.png,pixel,test,ISIC_0011080,test
ISIC_0011081,0,skin/Test/ISBI2016_ISIC_Part3B_Test_Data/ISIC_0011081.jpg,skin/Test/ISBI2016_ISIC_Part1_Test_GroundTruth/ISIC_0011081_Segmentation.png,pixel,test,ISIC_0011081,test
ISIC_0011083,0,skin/Test/ISBI2016_ISIC_Part3B_Test_Data/ISIC_0011083.jpg,skin/Test/ISBI2016_ISIC_Part1_Test_GroundTruth/ISIC_0011083_Segmentation.png,pixel,test,ISIC_0011083,test
ISIC_0011089,0,skin/Test/ISBI2016_ISIC_Part3B_Test_Data/ISIC_0011089.jpg,skin/Test/ISBI2016_ISIC_Part1_Test_GroundTruth/ISIC_0011089_Segmentation.png,pixel,test,ISIC_0011089,test
ISIC_0011090,0,skin/Test/ISBI2016_ISIC_Part3B_Test_Data/ISIC_0011090.jpg,skin/Test/ISBI2016_ISIC_Part1_Test_GroundTruth/ISIC_0011090_Segmentation.png,pixel,test,ISIC_0011090,test
ISIC_0011092,0,skin/Test/ISBI2016_ISIC_Part3B_Test_Data/ISIC_0011092.jpg,skin/Test/ISBI2016_ISIC_Part1_Test_GroundTruth/ISIC_0011092_Segmentation.png,pixel,test,ISIC_0011092,test
ISIC_0011098,0,skin/Test/ISBI2016_ISIC_Part3B_Test_Data/ISIC_0011098.jpg,skin/Test/ISBI2016_ISIC_Part1_Test_GroundTruth/ISIC_0011098_Segmentation.png,pixel,test,ISIC_0011098,test
ISIC_0011101,0,skin/Test/ISBI2016_ISIC_Part3B_Test_Data/ISIC_0011101.jpg,skin/Test/ISBI2016_ISIC_Part1_Test_GroundTruth/ISIC_0011101_Segmentation.png,pixel,test,ISIC_0011101,test
ISIC_0011104,0,skin/Test/ISBI2016_ISIC_Part3B_Test_Data/ISIC_0011104.jpg,skin/Test/ISBI2016_ISIC_Part1_Test_GroundTruth/ISIC_0011104_Segmentation.png,pixel,test,ISIC_0011104,test
ISIC_0011107,0,skin/Test/ISBI2016_ISIC_Part3B_Test_Data/ISIC_0011107.jpg,skin/Test/ISBI2016_ISIC_Part1_Test_GroundTruth/ISIC_0011107_Segmentation.png,pixel,test,ISIC_0011107,test
ISIC_0011110,0,skin/Test/ISBI2016_ISIC_Part3B_Test_Data/ISIC_0011110.jpg,skin/Test/ISBI2016_ISIC_Part1_Test_GroundTruth/ISIC_0011110_Segmentation.png,pixel,test,ISIC_0011110,test
ISIC_0011112,1,skin/Test/ISBI2016_ISIC_Part3B_Test_Data/ISIC_0011112.jpg,skin/Test/ISBI2016_ISIC_Part1_Test_GroundTruth/ISIC_0011112_Segmentation.png,pixel,test,ISIC_0011112,test
ISIC_0011122,1,skin/Test/ISBI2016_ISIC_Part3B_Test_Data/ISIC_0011122.jpg,skin/Test/ISBI2016_ISIC_Part1_Test_GroundTruth/ISIC_0011122_Segmentation.png,pixel,test,ISIC_0011122,test
ISIC_0011129,0,skin/Test/ISBI2016_ISIC_Part3B_Test_Data/ISIC_0011129.jpg,skin/Test/ISBI2016_ISIC_Part1_Test_GroundTruth/ISIC_0011129_Segmentation.png,pixel,test,ISIC_0011129,test
ISIC_0011132,1,skin/Test/ISBI2016_ISIC_Part3B_Test_Data/ISIC_0011132.jpg,skin/Test/ISBI2016_ISIC_Part1_Test_GroundTruth/ISIC_0011132_Segmentation.png,pixel,test,ISIC_0011132,test
ISIC_0011143,0,skin/Test/ISBI2016_ISIC_Part3B_Test_Data/ISIC_0011143.jpg,skin/Test/ISBI2016_ISIC_Part1_Test_GroundTruth/ISIC_0011143_Segmentation.png,pixel,test,ISIC_0011143,test
ISIC_0011148,0,skin/Test/ISBI2016_ISIC_Part3B_Test_Data/ISIC_0011148.jpg,skin/Test/ISBI2016_ISIC_Part1_Test_GroundTruth/ISIC_0011148_Segmentation.png,pixel,test,ISIC_0011148,test
ISIC_0011149,0,skin/Test/ISBI2016_ISIC_Part3B_Test_Data/ISIC_0011149.jpg,skin/Test/ISBI2016_ISIC_Part1_Test_GroundTruth/ISIC_0011149_Segmentation.png,pixel,test,ISIC_0011149,test
ISIC_0011150,0,skin/Test/ISBI2016_ISIC_Part3B_Test_Data/ISIC_0011150.jpg,skin/Test/ISBI2016_ISIC_Part1_Test_GroundTruth/ISIC_0011150_Segmentation.png,pixel,test,ISIC_0011150,test
ISIC_0011151,1,skin/Test/ISBI2016_ISIC_Part3B_Test_Data/ISIC_0011151.jpg,skin/Test/ISBI2016_ISIC_Part1_Test_GroundTruth/ISIC_0011151_Segmentation.png,pixel,test,ISIC_0011151,test
ISIC_0011152,0,skin/Test/ISBI2016_ISIC_Part3B_Test_Data/ISIC_0011152.jpg,skin/Test/ISBI2016_ISIC_Part1_Test_GroundTruth/ISIC_0011152_Segmentation.png,pixel,test,ISIC_0011152,test
ISIC_0011155,0,skin/Test/ISBI2016_ISIC_Part3B_Test_Data/ISIC_0011155.jpg,skin/Test/ISBI2016_ISIC_Part1_Test_GroundTruth/ISIC_0011155_Segmentation.png,pixel,test,ISIC_0011155,test
ISIC_0011162,0,skin/Test/ISBI2016_ISIC_Part3B_Test_Data/ISIC_0011162.jpg,skin/Test/ISBI2016_ISIC_Part1_Test_GroundTruth/ISIC_0011162_Segmentation.png,pixel,test,ISIC_0011162,test
ISIC_0011167,0,skin/Test/ISBI2016_ISIC_Part3B_Test_Data/ISIC_0011167.jpg,skin/Test/ISBI2016_ISIC_Part1_Test_GroundTruth/ISIC_0011167_Segmentation.png,pixel,test,ISIC_0011167,test
ISIC_0011168,0,skin/Test/ISBI2016_ISIC_Part3B_Test_Data/ISIC_0011168.jpg,skin/Test/ISBI2016_ISIC_Part1_Test_GroundTruth/ISIC_0011168_Segmentation.png,pixel,test,ISIC_0011168,test
ISIC_0011171,0,skin/Test/ISBI2016_ISIC_Part3B_Test_Data/ISIC_0011171.jpg,skin/Test/ISBI2016_ISIC_Part1_Test_GroundTruth/ISIC_0011171_Segmentation.png,pixel,test,ISIC_0011171,test
ISIC_0011172,0,skin/Test/ISBI2016_ISIC_Part3B_Test_Data/ISIC_0011172.jpg,skin/Test/ISBI2016_ISIC_Part1_Test_GroundTruth/ISIC_0011172_Segmentation.png,pixel,test,ISIC_0011172,test
ISIC_0011175,0,skin/Test/ISBI2016_ISIC_Part3B_Test_Data/ISIC_0011175.jpg,skin/Test/ISBI2016_ISIC_Part1_Test_GroundTruth/ISIC_0011175_Segmentation.png,pixel,test,ISIC_0011175,test
ISIC_0011176,1,skin/Test/ISBI2016_ISIC_Part3B_Test_Data/ISIC_0011176.jpg,skin/Test/ISBI2016_ISIC_Part1_Test_GroundTruth/ISIC_0011176_Segmentation.png,pixel,test,ISIC_0011176,test
ISIC_0011177,0,skin/Test/ISBI2016_ISIC_Part3B_Test_Data/ISIC_0011177.jpg,skin/Test/ISBI2016_ISIC_Part1_Test_GroundTruth/ISIC_0011177_Segmentation.png,pixel,test,ISIC_0011177,test
ISIC_0011204,0,skin/Test/ISBI2016_ISIC_Part3B_Test_Data/ISIC_0011204.jpg,skin/Test/ISBI2016_ISIC_Part1_Test_GroundTruth/ISIC_0011204_Segmentation.png,pixel,test,ISIC_0011204,test
ISIC_0011205,0,skin/Test/ISBI2016_ISIC_Part3B_Test_Data/ISIC_0011205.jpg,skin/Test/ISBI2016_ISIC_Part1_Test_GroundTruth/ISIC_0011205_Segmentation.png,pixel,test,ISIC_0011205,test
ISIC_0011213,0,skin/Test/ISBI2016_ISIC_Part3B_Test_Data/ISIC_0011213.jpg,skin/Test/ISBI2016_ISIC_Part1_Test_GroundTruth/ISIC_0011213_Segmentation.png,pixel,test,ISIC_0011213,test
ISIC_0011219,0,skin/Test/ISBI2016_ISIC_Part3B_Test_Data/ISIC_0011219.jpg,skin/Test/ISBI2016_ISIC_Part1_Test_GroundTruth/ISIC_0011219_Segmentation.png,pixel,test,ISIC_0011219,test
ISIC_0011224,0,skin/Test/ISBI2016_ISIC_Part3B_Test_Data/ISIC_0011224.jpg,skin/Test/ISBI2016_ISIC_Part1_Test_GroundTruth/ISIC_0011224_Segmentation.png,pixel,test,ISIC_0011224,test
ISIC_0011227,0,skin/Test/ISBI2016_ISIC_Part3B_Test_Data/ISIC_0011227.jpg,skin/Test/ISBI2016_ISIC_Part1_Test_GroundTruth/ISIC_0011227_Segmentation.png,pixel,test,ISIC_0011227,test
ISIC_0011292,0,skin/Test/ISBI2016_ISIC_Part3B_Test_Data/ISIC_0011292.jpg,skin/Test/ISBI2016_ISIC_Part1_Test_GroundTruth/ISIC_0011292_Segmentation.png,pixel,test,ISIC_0011292,test
ISIC_0011294,0,skin/Test/ISBI2016_ISIC_Part3B_Test_Data/ISIC_0011294.jpg,skin/Test/ISBI2016_ISIC_Part1_Test_GroundTruth/ISIC_0011294_Segmentation.png,pixel,test,ISIC_0011294,test
ISIC_0011298,0,skin/Test/ISBI2016_ISIC_Part3B_Test_Data/ISIC_0011298.jpg,skin/Test/ISBI2016_ISIC_Part1_Test_GroundTruth/ISIC_0011298_Segmentation.png,pixel,test,ISIC_0011298,test
ISIC_0011300,0,skin/Test/ISBI2016_ISIC_Part3B_Test_Data/ISIC_0011300.jpg,skin/Test/ISBI2016_ISIC_Part1_Test_GroundTruth/ISIC_0011300_Segmentation.png,pixel,test,ISIC_0011300,test
ISIC_0011305,1,skin/Test/ISBI2016_ISIC_Part3B_Test_Data/ISIC_0011305.jpg,skin/Test/ISBI2016_ISIC_Part1_Test_GroundTruth/ISIC_0011305_Segmentation.png,pixel,test,ISIC_0011305,test
ISIC_0011310,0,skin/Test/ISBI2016_ISIC_Part3B_Test_Data/ISIC_0011310.jpg,skin/Test/ISBI2016_ISIC_Part1_Test_GroundTruth/ISIC_0011310_Segmentation.png,pixel,test,ISIC_0011310,test
ISIC_0011319,0,skin/Test/ISBI2016_ISIC_Part3B_Test_Data/ISIC_0011319.jpg,skin/Test/ISBI2016_ISIC_Part1_Test_GroundTruth/ISIC_0011319_Segmentation.png,pixel,test,ISIC_0011319,test
ISIC_0011321,0,skin/Test/ISBI2016_ISIC_Part3B_Test_Data/ISIC_0011321.jpg,skin/Test/ISBI2016_ISIC_Part1_Test_GroundTruth/ISIC_0011321_Segmentation.png,pixel,test,ISIC_0011321,test
ISIC_0011325,0,skin/Test/ISBI2016_ISIC_Part3B_Test_Data/ISIC_0011325.jpg,skin/Test/ISBI2016_ISIC_Part1_Test_GroundTruth/ISIC_0011325_Segmentation.png,pixel,test,ISIC_0011325,test
ISIC_0011333,0,skin/Test/ISBI2016_ISIC_Part3B_Test_Data/ISIC_0011333.jpg,skin/Test/ISBI2016_ISIC_Part1_Test_GroundTruth/ISIC_0011333_Segmentation.png,pixel,test,ISIC_0011333,test
ISIC_0011336,0,skin/Test/ISBI2016_ISIC_Part3B_Test_Data/ISIC_0011336.jpg,skin/Test/ISBI2016_ISIC_Part1_Test_GroundTruth/ISIC_0011336_Segmentation.png,pixel,test,ISIC_0011336,test
ISIC_0011338,0,skin/Test/ISBI2016_ISIC_Part3B_Test_Data/ISIC_0011338.jpg,skin/Test/ISBI2016_ISIC_Part1_Test_GroundTruth/ISIC_0011338_Segmentation.png,pixel,test,ISIC_0011338,test
ISIC_0011344,1,skin/Test/ISBI2016_ISIC_Part3B_Test_Data/ISIC_0011344.jpg,skin/Test/ISBI2016_ISIC_Part1_Test_GroundTruth/ISIC_0011344_Segmentation.png,pixel,test,ISIC_0011344,test
ISIC_0011349,1,skin/Test/ISBI2016_ISIC_Part3B_Test_Data/ISIC_0011349.jpg,skin/Test/ISBI2016_ISIC_Part1_Test_GroundTruth/ISIC_0011349_Segmentation.png,pixel,test,ISIC_0011349,test
ISIC_0011359,0,skin/Test/ISBI2016_ISIC_Part3B_Test_Data/ISIC_0011359.jpg,skin/Test/ISBI2016_ISIC_Part1_Test_GroundTruth/ISIC_0011359_Segmentation.png,pixel,test,ISIC_0011359,test
ISIC_0011363,0,skin/Test/ISBI2016_ISIC_Part3B_Test_Data/ISIC_0011363.jpg,skin/Test/ISBI2016_ISIC_Part1_Test_GroundTruth/ISIC_0011363_Segmentation.png,pixel,test,ISIC_0011363,test
ISIC_0011367,0,skin/Test/ISBI2016_ISIC_Part3B_Test_Data/ISIC_0011367.jpg,skin/Test/ISBI2016_ISIC_Part1_Test_GroundTruth/ISIC_0011367_Segmentation.png,pixel,test,ISIC_0011367,test
ISIC_0011374,1,skin/Test/ISBI2016_ISIC_Part3B_Test_Data/ISIC_0011374.jpg,skin/Test/ISBI2016_ISIC_Part1_Test_GroundTruth/ISIC_0011374_Segmentation.png,pixel,test,ISIC_0011374,test
ISIC_0011384,0,skin/Test/ISBI2016_ISIC_Part3B_Test_Data/ISIC_0011384.jpg,skin/Test/ISBI2016_ISIC_Part1_Test_GroundTruth/ISIC_0011384_Segmentation.png,pixel,test,ISIC_0011384,test
ISIC_0011386,0,skin/Test/ISBI2016_ISIC_Part3B_Test_Data/ISIC_0011386.jpg,skin/Test/ISBI2016_ISIC_Part1_Test_GroundTruth/ISIC_0011386_Segmentation.png,pixel,test,ISIC_0011386,test
ISIC_0011392,0,skin/Test/ISBI2016_ISIC_Part3B_Test_Data/ISIC_0011392.jpg,skin/Test/ISBI2016_ISIC_Part1_Test_GroundTruth/ISIC_0011392_Segmentation.png,pixel,test,ISIC_0011392,test
